subject,body,customer_email,status,category,priority,team,agent_name,queue_length_at_creation,agent_load_at_assignment,reopen_count,created_at,first_response_at,resolved_at
Damaged product on arrival,"Hello, The product from order #112166 arrived with a broken screen. Not urgent, low priority for me.",pooja.jain74@example.com,closed,shipping,low,Logistics,Diya Nair,4,4,0,2026-08-06T08:19:45.472910+00:00,2026-08-06T13:00:35.355259+00:00,2026-08-07T02:24:47.159428+00:00
App crashes when exporting report,"Hi, The app crashes every time I try to export a report to CSV. This started yesterday. This is affecting several of our users. Thanks, Aditya",aditya.shah63@example.com,resolved,technical,high,Tech Support,Vihaan Gupta,11,3,0,2026-08-06T09:39:05.945740+00:00,2026-08-06T15:11:31.175742+00:00,2026-08-06T17:53:07.423079+00:00
Refund for cancelled plan,"Hi team, I cancelled my Starter subscription last week and have not received the refund. This is affecting several of our users. Thanks, Priya",priya.shah73@example.com,closed,billing,high,Billing Support,Meera Iyer,11,2,0,2026-08-06T10:10:58.092525+00:00,2026-08-06T12:27:06.430401+00:00,2026-08-06T12:44:53.317236+00:00
Question about enterprise pricing,"Hi, Could you share pricing details for the enterprise plan for about 200 seats? Using version 3.1.0 on macOS. Happy to share screenshots if needed. Would appreciate help this week. Please help.",aditya.mishra77@example.com,resolved,general,medium,General Support,Tara Joshi,12,2,0,2026-08-06T10:43:10.023855+00:00,2026-08-06T17:37:11.230892+00:00,2026-08-07T05:43:42.802453+00:00
API key returns 401 unauthorized,"Hi team, Our API key returns 401 unauthorized on every request since this morning. Happy to share screenshots if needed. Critical: our live system is affected. Regards, Amit",amit.jain28@example.com,closed,integrations,urgent,Integrations,Sana Khan,8,1,0,2026-08-06T10:51:36.041615+00:00,2026-08-06T13:19:23.203206+00:00,2026-08-06T14:19:35.350095+00:00
Order still not delivered,"Hi, My order #330690 was supposed to arrive last week and still has not been delivered. Would appreciate help this week. Please help.",rahul.shah73@example.com,closed,shipping,medium,Logistics,Arjun Mehta,13,2,0,2026-08-06T10:59:43.941804+00:00,2026-08-06T15:17:31.807591+00:00,2026-08-06T16:48:41.104702+00:00
API key returns 401 unauthorized,"Hello, Our API key returns 401 unauthorized on every request since this morning. This started yesterday. No rush at all.",amit.kapoor31@example.com,closed,integrations,low,Integrations,Neil Fernandes,9,4,0,2026-08-06T11:03:24.447433+00:00,2026-08-06T23:13:21.803385+00:00,2026-08-07T10:01:27.072060+00:00
question,It would be great to have a dark mode option in the app. Would appreciate help this week. Please help.,rahul.yadav93@example.com,closed,general,medium,General Support,Tara Joshi,10,4,0,2026-08-06T11:22:12.485704+00:00,2026-08-06T21:07:27.941621+00:00,2026-08-06T23:47:01.780200+00:00
Card declined but money deducted,"Hi team, My card was declined at checkout but $49 still left my bank account. Happy to share screenshots if needed. This has happened more than once now. Would appreciate help this week.",aditya.shah23@example.com,resolved,billing,medium,Billing Support,Aarav Sharma,10,2,0,2026-08-06T12:14:41.602576+00:00,2026-08-06T15:02:11.440998+00:00,2026-08-07T07:25:17.256802+00:00
Delete my account and data,"Good morning, Please delete my account and all my personal data permanently. It is annoying but we can work around it. Regards, Vikram",vikram.bose22@example.com,resolved,account,medium,Account Security,Ishita Rao,12,1,0,2026-08-06T13:57:10.905902+00:00,2026-08-06T17:31:41.769812+00:00,2026-08-06T20:52:27.890667+00:00
urgent!!,"Good morning, Uploading any file fails with an error 500 message. Using version 4.3.0 on Ubuntu. I already tried restarting everything. Would appreciate help this week. Thanks, Neha",neha.yadav73@example.com,closed,technical,medium,Tech Support,Ananya Das,11,2,0,2026-08-06T14:44:26.413385+00:00,2026-08-06T15:57:43.110323+00:00,2026-08-07T17:55:15.989280+00:00
Delete my account and data,"Hi, Please delete my account and all my personal data permanently. This strated yesterday. This has happened more than once now. Quite urgent for us, deadline is tomorrow. Thanks, Sneha",sneha.shah55@example.com,closed,account,high,Account Security,Ishita Rao,14,6,0,2026-08-06T15:41:22.254283+00:00,2026-08-06T18:12:02.707640+00:00,2026-08-06T22:23:34.094732+00:00
issue,"Hi team, Webhook deliveries to our endpoint keep failing and events are missing. I already tried restarting everything. It is annoying but we can work around it. Regards, Riya",riya.kumar84@example.com,resolved,integrations,medium,Integrations,Neil Fernandes,8,3,0,2026-08-06T16:05:35.025643+00:00,2026-08-06T18:43:44.073445+00:00,2026-08-07T00:43:24.907149+00:00
Two-factor codes not working,"Good morning, My authenticator codes are rejected every time I try to sign in. Happy to share screenshots if needed. Quite urgent for us, deadline is tomorrow.",vikram.reddy23@example.com,closed,account,high,Account Security,Rohan Verma,10,5,0,2026-08-06T16:46:33.749104+00:00,2026-08-07T01:35:38.290540+00:00,2026-08-07T11:52:12.624454+00:00
Unknown login from another country,"Good morning, I got an alert about a login from a country I have never visited. This has happened more than once now. It is annoying but we can work around it. Thanks, Sneha",sneha.bose71@example.com,closed,account,medium,Account Security,Rohan Verma,9,1,0,2026-08-06T16:51:43.524638+00:00,2026-08-06T22:10:06.825520+00:00,2026-08-06T23:14:58.017658+00:00
Slow performance since last update,"Everything has become very slow since the last update, pages take ages to open. This started yesterday. Would appreciate help this week. Regards, Pooja",pooja.bose12@example.com,closed,technical,medium,Tech Support,Vihaan Gupta,7,3,0,2026-08-06T17:41:04.519209+00:00,2026-08-06T20:43:44.595552+00:00,2026-08-06T22:41:16.114076+00:00
Mobile app freezes on startup,"Hi team, The mobile app freezes on the splash screen right after launch. Using version 4.3.0 on iPhone. I already tried restarting everything. Quite urgent for us, deadline is tomorrow. Please help.",rahul.kumar99@example.com,closed,technical,high,Tech Support,Kabir Singh,10,5,0,2026-08-06T17:41:19.358184+00:00,2026-08-06T20:45:29.528464+00:00,2026-08-06T21:25:29.056064+00:00
Can't log in to my account,"Good morning, I cannot log in even though I am sure my password is correct. Quite urgent for us, deadline is tomorrow. Please help.",amit.singh92@example.com,closed,account,high,Account Security,Rohan Verma,10,1,0,2026-08-06T17:59:36.192874+00:00,2026-08-06T19:10:01.767626+00:00,2026-08-07T00:57:51.707550+00:00
Getting error 500 on upload,Uploading any file fails with an error 500 message. It is annoying but we can work around it.,amit.kumar98@example.com,closed,technical,medium,Tech Support,Ananya Das,7,4,0,2026-08-06T18:41:58.878562+00:00,2026-08-06T22:30:29.426763+00:00,2026-08-06T23:20:38.687723+00:00
Tracking link shows no updates,"Good morning, The tracking link for order #731523 has not shown any update for days. This has happened more than once now. No rush at all. Please help.",riya.patel48@example.com,closed,general,low,General Support,Tara Joshi,8,3,0,2026-08-06T22:33:14.372885+00:00,2026-08-07T09:38:13.056437+00:00,2026-08-07T17:12:54.952471+00:00
Need a product demo,"Hello, We would like to schedule a product demo for our team. This started yesterday. It is annoying but we can work around it. Regards, Aditya",aditya.jain12@example.com,closed,general,medium,General Support,Tara Joshi,9,0,0,2026-08-07T04:18:32.950921+00:00,2026-08-07T07:02:39.346595+00:00,2026-08-07T08:49:56.790929+00:00
Mobile app freezes on startup,"Hello, The mobile app freezes on the splash screen right after launch. This started yesterday. Happy to share screenshots if needed. It is annoying but we can work around it. Regards, Amit",amit.bose66@example.com,closed,technical,medium,Tech Support,Vihaan Gupta,1,0,0,2026-08-07T06:00:02.595875+00:00,2026-08-07T10:21:03.597159+00:00,2026-08-07T14:43:58.699827+00:00
Need GST invoice for last month,"Hi team, I need a GST invoice for my Starter subscription for our accounting. I already tried restarting everything. Not urgent, low priority for me. Thanks in advance.",neha.patel82@example.com,closed,billing,low,Billing Support,Aarav Sharma,12,4,0,2026-08-07T09:20:43.242096+00:00,2026-08-08T15:17:26.921351+00:00,2026-08-08T17:47:26.196012+00:00
Charged twice for my subscription,"Hi, I was charged $19 twice for my Starter plan this month. Not urgent, low priority for me. Please help.",pooja.jain29@example.com,closed,billing,low,Billing Support,Aarav Sharma,13,4,0,2026-08-07T10:04:56.001706+00:00,2026-08-07T19:17:57.665397+00:00,2026-08-08T00:32:39.421574+00:00
Account locked after failed attempts,"Hi, My account got locked after a few failed logins and I cannot get back in. Using version 3.5.1 on iPhone. Not urgent, low priority for me.",neha.patel95@example.com,closed,account,low,Account Security,Rohan Verma,10,7,0,2026-08-07T10:53:19.223422+00:00,2026-08-07T20:35:22.937043+00:00,2026-08-08T01:54:25.405590+00:00
Mobile app freezes on startup,"Hi team, The moible app freezes on the splash screen right after launch. This started yesterday. I already tried restarting everything. This is affectnig several of our usres. Thanks in advance.",vikram.mishra82@example.com,closed,technical,high,Tech Support,Kabir Singh,7,7,0,2026-08-07T11:02:43.013216+00:00,2026-08-07T16:08:46.883269+00:00,2026-08-07T18:35:11.082953+00:00
Getting error 500 on upload,"Hi team, Uploading any file fails with an error 500 message. Using version 4.2.2 on Android. This has happened more than once now. This is blocking our entire team in production. Regards, Karan",karan.shah16@example.com,closed,technical,urgent,Tech Support,Vihaan Gupta,13,1,0,2026-08-07T11:04:19.978540+00:00,2026-08-07T11:53:36.417896+00:00,2026-08-07T17:20:36.049100+00:00
Slack integration stopped posting,"Good morning, Our Slack integration stopped posting notifications to the channel. Happy to share screenshots if needed. Critical: our live system is affected. Thanks, Riya",riya.kumar34@example.com,closed,integrations,urgent,Integrations,Sana Khan,10,1,0,2026-08-07T11:11:20.011187+00:00,2026-08-07T12:28:19.119727+00:00,2026-08-08T02:33:33.824955+00:00
Need a product demo,"Hello, We would like to schedule a product demo for our team. This started yesterday. It is annoying but we can work around it. Thanks in advance.",pooja.jain72@example.com,resolved,general,medium,General Support,Tara Joshi,5,5,0,2026-08-07T11:58:37.414815+00:00,2026-08-07T13:43:09.687011+00:00,2026-08-07T16:54:53.823152+00:00
Account locked after failed attempts,"Hi, My account got locked after a few failed logins and I cannot get back in. Using version 4.4.0 on Android. This started yesterday. Quite urgent for us, deadline is tomorrow. Thanks in advance.",neha.yadav74@example.com,resolved,account,high,Account Security,Ishita Rao,9,3,0,2026-08-07T12:56:02.408957+00:00,2026-08-07T14:09:08.379089+00:00,2026-08-07T19:24:06.087028+00:00
Looking for a data processing agreement,Can you send us your standard data processing agreement? Just whenever you get time. Thanks in advance.,neha.mishra47@example.com,closed,general,low,General Support,Tara Joshi,6,6,0,2026-08-07T13:08:20.849765+00:00,2026-08-07T20:31:00.525032+00:00,2026-08-08T15:22:07.064818+00:00
Damaged product on arrival,"The product from order #587151 arrived with a broken screen. I already tried restarting everything. Not urgent, low priority for me. Please help.",riya.reddy22@example.com,closed,shipping,low,Logistics,Diya Nair,5,3,1,2026-08-07T14:37:40.281817+00:00,2026-08-07T17:37:39.060136+00:00,2026-08-07T21:57:52.973076+00:00
Invoice shows wrong amount,"Hi team, The invoice for Pro shows $199 but I expected a lower amount. This started yesterday. This is blocking our entire team in production. Regards, Vikram",vikram.shah1@example.com,closed,billing,urgent,Billing Support,Meera Iyer,11,3,0,2026-08-07T14:52:10.472168+00:00,2026-08-07T15:16:56.806627+00:00,2026-08-07T16:53:39.589132+00:00
Need to change delivery address,"Good morning, I entered the wrong address for order #832829 and need to change it. Quite urgent for us, deadline is tomorrow. Please help.",neha.kumar21@example.com,closed,shipping,high,Logistics,Arjun Mehta,12,5,0,2026-08-07T15:03:57.957140+00:00,2026-08-07T17:16:20.126740+00:00,2026-08-07T20:11:31.586681+00:00
Can't log in to my account,"Hi, I cannot log in even though I am sure my password is correct. It is annoying but we can work around it. Thanks, Pooja",pooja.mishra43@example.com,closed,account,medium,Account Security,Ishita Rao,9,3,0,2026-08-07T15:11:44.454918+00:00,2026-08-07T19:19:50.073320+00:00,2026-08-08T00:12:03.474475+00:00
Files not syncing across devices,"My files are not syncing between my laptop and my phone anymore. This has happened more than once now. It is annoying but we can work around it. Regards, Vikram",vikram.singh82@example.com,closed,technical,medium,Tech Support,Ananya Das,16,5,0,2026-08-07T15:15:10.612639+00:00,2026-08-07T19:30:17.388250+00:00,2026-08-08T18:38:50.577902+00:00
Account locked after failed attempts,My account got locked after a few failed logins and I cannot get back in. Happy to share screenshots if needed. I already tried restarting everything. No rush at all. Thanks in advance.,aditya.patel63@example.com,closed,account,low,Account Security,Ishita Rao,10,3,0,2026-08-07T15:29:56.416007+00:00,2026-08-08T19:44:06.311243+00:00,2026-08-09T02:51:41.125554+00:00
Need a product demo,"Good morning, We would like to schedule a product demo for our team. This has happened more than once now. This started yesterday. Quite urgent for us, deadline is tomorrow. Please help.",neha.kapoor58@example.com,resolved,general,high,General Support,Tara Joshi,10,0,0,2026-08-07T15:33:49.943021+00:00,2026-08-07T16:39:31.429361+00:00,2026-08-07T19:20:57.248481+00:00
Charged twice for my subscription,I was charged $199 twice for my Starter plan this month. I already tried restarting everything. Happy to share screenshots if needed. Just whenever you get time. Please help.,sneha.yadav31@example.com,closed,billing,low,Billing Support,Aarav Sharma,11,3,1,2026-08-07T16:22:47.022380+00:00,2026-08-08T18:04:43.369597+00:00,2026-08-08T20:09:20.343659+00:00
Invoice shows wrong amount,"Hi taem, The invoice for Starter shows $199 but I expected a lower amount. Would appreciate help this week. Thanks in advance.",karan.singh90@example.com,closed,billing,medium,Billing Support,Aarav Sharma,10,5,0,2026-08-07T16:26:16.404297+00:00,2026-08-07T23:52:51.188975+00:00,2026-08-08T02:54:37.978113+00:00
Password reset email never arrives,I requested a password reset three times but no email has arrived. Just whenever you get time. Thanks in advance.,aditya.reddy41@example.com,closed,account,low,Account Security,Rohan Verma,6,2,0,2026-08-07T16:36:43.649365+00:00,2026-08-07T22:25:01.217714+00:00,2026-08-08T04:46:40.505440+00:00
Invoice shows wrong amount,"Hi team, The invoice for Pro shows $29 but I expected a lower amount. This has happened more than once now. Using version 3.0.0 on Android. Would appreciate help this week. Please help.",priya.singh96@example.com,resolved,shipping,medium,Logistics,Arjun Mehta,9,5,0,2026-08-07T17:37:08.821241+00:00,2026-08-07T19:20:07.717608+00:00,2026-08-07T22:18:37.188338+00:00
Feedback on the new interface,"Good morning, I wanted to share some feedback abuot the new interface layout. It is annoying but we can work around it. Thanks, Rahul",rahul.patel93@example.com,resolved,general,medium,General Support,Tara Joshi,8,5,0,2026-08-07T17:44:57.371911+00:00,2026-08-07T22:34:32.030701+00:00,2026-08-07T23:08:39.866679+00:00
Account locked after failed attempts,"My account got locked after a few failed logins and I cannot get back in. Not urgent, low priority for me.",sneha.shah54@example.com,resolved,account,low,Account Security,Rohan Verma,7,0,0,2026-08-07T22:41:51.271985+00:00,2026-08-08T10:02:09.985864+00:00,2026-08-08T11:25:15.209382+00:00
Dashboard stuck on loading spinner,"Hi, The dashboard never finishes loading, it just shows the spinner forever. I already tried restarting everything. Would apprecaite help this week.",rahul.singh91@example.com,resolved,technical,medium,Tech Support,Ananya Das,9,3,0,2026-08-08T04:01:52.791458+00:00,2026-08-09T05:01:23.662831+00:00,2026-08-09T15:44:39.890940+00:00
API key returns 401 unauthorized,"Hi team, Our API key returns 401 unauthorized on every request since this morning. Need this fixed today please. Thanks, Aditya",aditya.shah10@example.com,closed,integrations,high,Integrations,Neil Fernandes,4,3,0,2026-08-08T06:25:32.203397+00:00,2026-08-08T10:03:45.561528+00:00,2026-08-08T19:35:32.417070+00:00
need to change delivery address,"i entered the wrong address for order #758071 and need to change it. it is annoying but we can work around it. thanks, sneha",sneha.reddy78@example.com,resolved,shipping,medium,Logistics,Diya Nair,5,7,0,2026-08-08T06:31:37.549178+00:00,2026-08-08T11:24:12.396644+00:00,2026-08-08T13:10:39.970788+00:00
Slow performance since last update,"Everything has become very slow since the last update, pages take ages to open. This has happened more than once now. This is affecting several of our users. Regards, Sneha",sneha.yadav90@example.com,closed,technical,high,Tech Support,Ananya Das,9,2,0,2026-08-08T09:34:10.707731+00:00,2026-08-08T11:04:07.024775+00:00,2026-08-08T14:50:05.611926+00:00
Unknown login from another country,"Hi team, I got an alert about a login from a country I have never visited. This has happened more than once now. It is annoying but we can work around it. Regards, Neha",neha.bose60@example.com,closed,account,medium,Account Security,Ishita Rao,10,0,0,2026-08-08T09:53:37.225348+00:00,2026-08-08T14:42:20.276073+00:00,2026-08-08T23:39:31.192610+00:00
Unexpected charge on my account,"Hi, There is a charge of $49 on my statement that I do not recognise. Happy to share screenshots if needed. I already tried restarting everything. Need this fixed today please. Regards, Rahul",rahul.jain63@example.com,resolved,billing,high,Billing Support,Meera Iyer,9,0,0,2026-08-08T10:18:17.993505+00:00,2026-08-08T11:08:08.304213+00:00,2026-08-08T13:12:45.233925+00:00
Dashboard stuck on loading spinner,"Hi team, The dashboard never finishes loading, it just shows the spinner forever. I already tried restarting everything. It is annoying but we can work around it. Thanks in advance.",karan.shah81@example.com,closed,technical,medium,Tech Support,Ananya Das,14,2,0,2026-08-08T10:19:46.339426+00:00,2026-08-09T06:22:58.779246+00:00,2026-08-09T08:48:16.053030+00:00
Salesforce sync duplicates contacts,"Hello, The Salesforce sync keeps creating duplicate contacts in our CRM. I already tried restarting everything. Using version 4.4.0 on Windows 11. This is affecting several of our users. Thanks, Karan",karan.jain58@example.com,closed,integrations,high,Integrations,Neil Fernandes,11,3,0,2026-08-08T10:20:37.729927+00:00,2026-08-08T13:04:14.418462+00:00,2026-08-08T15:47:46.711563+00:00
Need GST invoice for last month,"Hi, I need a GST invoice for my Business subscription for our accounting. This started yesterday. This is blocikng our entire team in production. Regards, Karan",karan.patel35@example.com,resolved,billing,urgent,Billing Support,Meera Iyer,13,3,0,2026-08-08T12:40:44.888103+00:00,2026-08-08T14:28:02.915813+00:00,2026-08-08T21:04:17.206829+00:00
Order still not delivered,"My order #586222 was supposed to arrive last week and still has not been delivered. Would appreciate help this week. Thanks, Amit",amit.bose52@example.com,closed,shipping,medium,Logistics,Diya Nair,9,3,0,2026-08-08T12:44:54.755040+00:00,2026-08-08T15:07:18.861107+00:00,2026-08-08T19:09:43.580977+00:00
Invoice shows wrong amount,"Good morning, The invoice for Pro shows $29 but I expected a lower amount. It is annoying but we can work around it. Regards, Riya",riya.jain10@example.com,closed,billing,medium,Billing Support,Meera Iyer,10,0,0,2026-08-08T12:52:49.041460+00:00,2026-08-08T21:03:36.456207+00:00,2026-08-08T23:02:10.296062+00:00
Delete my account and data,"Hi team, Please delete my account and all my personal data permanently. Would appreciate help this week. Please help.",amit.bose90@example.com,closed,account,medium,Account Security,Ishita Rao,11,3,0,2026-08-08T13:02:30.400966+00:00,2026-08-09T03:42:20.299975+00:00,2026-08-09T16:28:46.681038+00:00
Can't log in to my account,"Hello, I cannot log in even though I am sure my password is correct. No rush at all. Please help.",vikram.jain76@example.com,closed,integrations,low,Integrations,Sana Khan,5,3,0,2026-08-08T13:19:56.927602+00:00,2026-08-09T00:15:08.892761+00:00,2026-08-09T03:42:26.530073+00:00
Feature request: dark mode,"Hello, It would be great to have a dark mode option in the app. Quite urgent for us, deadline is tomorrow. Thanks, Pooja",pooja.jain82@example.com,resolved,general,high,General Support,Tara Joshi,15,6,0,2026-08-08T13:56:20.166400+00:00,2026-08-08T15:49:18.909578+00:00,2026-08-08T17:19:39.576357+00:00
Unknown login from another country,"Hi team, I got an alert about a login from a country I have never visited. Would appreciate help this week. Regards, Riya",riya.shah47@example.com,resolved,account,medium,Account Security,Ishita Rao,9,4,0,2026-08-08T15:02:48.611941+00:00,2026-08-09T22:19:56.307650+00:00,2026-08-10T07:27:05.700284+00:00
Question about enterprise pricing,"Hi, Could you share pricing details for the enterprise plan for about 200 seats? This started yesterday. It is annoying but we can work around it. Please help.",amit.reddy51@example.com,closed,general,medium,General Support,Tara Joshi,16,6,0,2026-08-08T15:10:13.740566+00:00,2026-08-09T01:35:53.559200+00:00,2026-08-09T03:06:52.816636+00:00
need assistance,"I need a GST invoice for my Starter subscription for our accounting. No rush at all. Thanks, Priya",priya.reddy95@example.com,closed,billing,low,Billing Support,Meera Iyer,10,4,0,2026-08-08T16:42:31.835796+00:00,2026-08-09T02:40:51.030453+00:00,2026-08-09T03:58:13.809382+00:00
Wrong item received,"I received the wrong item in order #417143, this is not what I ordered. I already tried restarting everything. Happy to share screenshots if needed. It is annoying but we can work around it. Please help.",neha.mishra42@example.com,closed,shipping,medium,Logistics,Diya Nair,8,2,0,2026-08-08T17:23:24.963231+00:00,2026-08-09T09:32:37.959960+00:00,2026-08-09T14:37:01.986811+00:00
Package marked delivered but missing,"Tracking says order #624863 was delivered but nothing is at my door. No rush at all. Thanks, Pooja",pooja.bose83@example.com,closed,shipping,low,Logistics,Diya Nair,8,2,0,2026-08-08T17:43:24.659593+00:00,2026-08-09T14:28:06.428675+00:00,2026-08-09T14:50:02.966274+00:00
dashboard stuck on loading spinner,"hi, the dashboard never finishes loading, it just shows the spinner forever. i already tried restarting everything. not urgent, low priority for me. thanks, priya",priya.yadav47@example.com,resolved,account,low,Account Security,Rohan Verma,2,6,0,2026-08-09T01:54:50.239570+00:00,2026-08-09T16:59:53.345596+00:00,2026-08-09T18:47:36.243078+00:00
need assistance,"Hi, Could you share pricing details for the enterprise plan for about 200 seats? This started yesterday. Using version 3.8.3 on Windows 11. It is annoying but we can work around it. Regards, Riya",riya.reddy19@example.com,closed,general,medium,General Support,Tara Joshi,7,5,0,2026-08-09T05:41:45.650421+00:00,2026-08-10T01:26:32.115678+00:00,2026-08-10T08:11:43.724085+00:00
Looking for a data processing agreement,"Good morning, Can you send us your standard data processing agreement? Using version 4.5.0 on Windows 11. This started yesterday. Not urgent, low priority for me.",rahul.patel14@example.com,closed,general,low,General Support,Tara Joshi,8,5,0,2026-08-09T09:09:30.769499+00:00,2026-08-10T04:27:26.792611+00:00,2026-08-10T04:52:40.117885+00:00
Password reset email never arrives,"Hello, I requested a password reset three times but no email has arrived. No rush at all. Regards, Aditya",aditya.jain67@example.com,resolved,account,low,Account Security,Ishita Rao,11,6,0,2026-08-09T09:26:42.913966+00:00,2026-08-09T17:59:10.340456+00:00,2026-08-10T01:53:55.920738+00:00
Refund for cancelled plan,"Good morning, I cancelled my Starter subscription last week and have not received the refund. Happy to share screenshots if needed. This started yesterday. Just whenever you get time. Regards, Priya",priya.mishra85@example.com,closed,billing,low,Billing Support,Meera Iyer,8,6,0,2026-08-09T09:47:09.293455+00:00,2026-08-10T05:44:52.623309+00:00,2026-08-10T13:28:30.778910+00:00
API key returns 401 unauthorized,"Hi, Our API key returns 401 unauthorized on every request since this morning. Using version 3.9.3 on iPhone. Would appreciate help this week. Thanks in advance.",sneha.patel92@example.com,closed,integrations,medium,Integrations,Sana Khan,8,0,0,2026-08-09T10:08:07.726623+00:00,2026-08-09T19:36:54.227031+00:00,2026-08-09T23:05:44.935369+00:00
Need to change delivery address,"I entered the wrong address for order #334944 and need to change it. Critical: our live system is affected. Regards, Priya",priya.kapoor43@example.com,closed,shipping,urgent,Logistics,Arjun Mehta,5,6,0,2026-08-09T10:09:56.440955+00:00,2026-08-09T11:13:43.209239+00:00,2026-08-09T17:21:45.039375+00:00
Files not syncing across devices,can someone look into this,pooja.mishra58@example.com,closed,technical,high,Tech Support,Ananya Das,13,2,1,2026-08-09T10:43:50.633293+00:00,2026-08-09T15:44:19.548862+00:00,2026-08-09T19:37:08.156694+00:00
refund for cancelled plan,"hello, i cancelled my team subscription last week and have not received the refund. using version 4.3.3 on macos. this started yesterday. critical: our live system is affected. regards, riya",riya.singh97@example.com,resolved,billing,urgent,Billing Support,Meera Iyer,10,7,0,2026-08-09T10:46:50.800719+00:00,2026-08-09T11:40:23.021869+00:00,2026-08-09T16:01:11.572429+00:00
Mobile app freezes on startup,"Good morning, The mobile app freezes on the splash screen right after launch. Would appreciate help this week. Regards, Neha",neha.reddy15@example.com,closed,technical,medium,Tech Support,Ananya Das,8,5,0,2026-08-09T11:54:20.204340+00:00,2026-08-09T20:07:35.476706+00:00,2026-08-10T00:52:31.823133+00:00
Salesforce sync duplicates contacts,"Hello, The Salesforce sync keeps creating duplicate contacts in our CRM. This started yesterday. Need this fixed today please. Thanks, Sneha",sneha.shah87@example.com,closed,integrations,high,Integrations,Sana Khan,9,9,0,2026-08-09T11:55:13.111408+00:00,2026-08-09T14:01:16.920994+00:00,2026-08-09T21:18:15.093303+00:00
need assistance,"Hi, Could you share pricing details for the enterprise plan for about 200 seats? This started yesterday. Using version 3.8.3 on Windows 11. It is annoying but we can work around it. Regards, Riya",riya.reddy19@example.com,closed,general,medium,General Support,Tara Joshi,13,4,0,2026-08-09T12:24:25.000511+00:00,2026-08-09T13:39:48.244786+00:00,2026-08-09T18:21:12.077766+00:00
Card declined but money deducted,"Hi, My card was declined at checkout but $49 still left my bank account. I already tried restarting everything. Not urgent, low priority for me.",riya.kapoor59@example.com,closed,billing,low,Billing Support,Aarav Sharma,13,4,0,2026-08-09T12:37:59.066805+00:00,2026-08-10T23:16:28.042423+00:00,2026-08-11T00:19:46.936752+00:00
Getting error 500 on upload,"Hi team, Uploading any file fails with an error 500 message. Happy to share screenshots if needed. No rush at all. Thanks in advance.",amit.mishra62@example.com,closed,technical,low,Tech Support,Kabir Singh,11,3,0,2026-08-09T12:56:17.890729+00:00,2026-08-09T16:43:13.926007+00:00,2026-08-09T20:28:17.960431+00:00
Getting error 500 on upload,"Hi team, Uploading any file fails with an error 500 message. Just whenever you get time. Thanks in advance.",rahul.kumar10@example.com,closed,technical,low,Tech Support,Vihaan Gupta,8,3,0,2026-08-09T12:58:56.075037+00:00,2026-08-09T21:01:36.272109+00:00,2026-08-10T03:40:22.837652+00:00
Looking for a data processing agreement,"Good morning, Can you send us your standard data processing agreement? It is annoying but we can work around it. Regards, Priya",priya.mishra22@example.com,closed,general,medium,General Support,Tara Joshi,7,5,0,2026-08-09T13:12:08.981855+00:00,2026-08-10T00:32:14.161427+00:00,2026-08-10T05:57:12.035540+00:00
Card declined but money deducted,"Hello, My card was declined at checkout but $49 still left my bank account. This started yesterday. This has happened more than once now. Would appreciate help this week. Thanks in advance.",karan.bose26@example.com,closed,billing,medium,Billing Support,Meera Iyer,7,6,0,2026-08-09T13:49:35.596829+00:00,2026-08-09T21:53:36.617720+00:00,2026-08-09T23:53:41.443777+00:00
Rate limit errors on API,"Good morning, We are hitting 429 rate limit errors on the API even with low traffic. This started yesterday. Quite urgent for us, deadline is tomorrow.",neha.singh25@example.com,closed,integrations,high,Integrations,Sana Khan,12,6,0,2026-08-09T13:54:05.323236+00:00,2026-08-09T18:00:17.117279+00:00,2026-08-09T21:21:55.828621+00:00
Need GST invoice for last month,"Hi team, I need a GST invoice for my Business subscription for our accounting. Happy to share screenshots if needed. Would appreciate help this week. Please help.",neha.mishra56@example.com,closed,billing,medium,Billing Support,Meera Iyer,8,6,0,2026-08-09T14:06:15.618512+00:00,2026-08-09T19:07:29.365053+00:00,2026-08-10T00:16:30.883907+00:00
Need a product demo,"Hi, We would like to schedule a product demo for our team. Happy to share screenshots if needed. Not urgent, low priority for me.",rahul.kapoor37@example.com,resolved,general,low,General Support,Tara Joshi,12,3,0,2026-08-09T14:18:22.533640+00:00,2026-08-10T01:30:18.781179+00:00,2026-08-10T17:37:39.969287+00:00
Mobile app freezes on startup,"Hello, The mobile app freezes on the splash screen right after launch. Using version 3.2.3 on Ubuntu. This has happened more than once now. This is affecting several of our users. Thanks in advance.",karan.reddy7@example.com,closed,technical,high,Tech Support,Kabir Singh,9,3,0,2026-08-09T14:43:24.555795+00:00,2026-08-10T01:02:43.404810+00:00,2026-08-10T02:16:38.460369+00:00
Unknown login from another country,"Good morning, I got an alert about a login from a cuontry I have never visited. This has happened more than once now. It is annoying but we can work around it. Thanks, Priya",priya.singh38@example.com,closed,account,medium,Account Security,Ishita Rao,5,6,1,2026-08-09T14:55:15.958975+00:00,2026-08-09T20:23:07.361753+00:00,2026-08-10T13:20:46.411289+00:00
Files not syncing across devices,"Hi team, My files are not syncing between my laptop and my phone anymore. I already tried restarting everything. Critical: our live system is affected. Plesae help.",riya.bose36@example.com,closed,technical,urgent,Tech Support,Kabir Singh,10,2,0,2026-08-09T15:08:16.715254+00:00,2026-08-09T17:51:38.186939+00:00,2026-08-10T01:50:47.028646+00:00
Salesforce sync duplicates contacts,"The Salesforce sync keeps creating duplicate contacts in our CRM. Not urgent, low priority for me. Regards, Karan",karan.singh5@example.com,resolved,integrations,low,Integrations,Sana Khan,10,2,1,2026-08-09T15:26:31.455191+00:00,2026-08-10T20:23:28.396831+00:00,2026-08-10T23:12:09.894866+00:00
Password reset email never arrives,"Hello, I requested a password reset three times but no email has arrived. I already tried restarting everything. Not urgent, low priority for me.",sneha.yadav42@example.com,closed,account,low,Account Security,Ishita Rao,11,8,0,2026-08-09T15:48:46.909297+00:00,2026-08-12T20:32:49.876016+00:00,2026-08-13T02:21:37.208422+00:00
Slack integration stopped posting,"Good morning, Our Slack integration stopped posting notifications to the channel. Using version 3.7.1 on macOS. Need this fixed today please.",riya.patel74@example.com,resolved,integrations,high,Integrations,Neil Fernandes,15,5,0,2026-08-09T15:50:44.509804+00:00,2026-08-09T22:22:54.142631+00:00,2026-08-10T02:03:55.323580+00:00
Mobile app freezes on startup,"Good morning, The mobile app freezes on the splash screen right after launch. Not urgent, low priority for me.",aditya.yadav29@example.com,resolved,technical,low,Tech Support,Kabir Singh,6,6,0,2026-08-09T15:56:58.443232+00:00,2026-08-09T21:47:16.675146+00:00,2026-08-09T23:48:58.575644+00:00
Getting error 500 on upload,"Hi, Uploading any file fails with an error 500 message. This has happened more than once now. Not urgent, low priority for me. Please help.",sneha.kapoor48@example.com,closed,technical,low,Tech Support,Vihaan Gupta,9,4,0,2026-08-09T16:19:14.948914+00:00,2026-08-09T21:07:13.111488+00:00,2026-08-10T10:21:29.646243+00:00
Refund for cancelled plan,"Good morning, I cancelled my Team subscription last week and have not received the refund. Happy to share screenshots if needed. Using version 4.1.1 on Ubuntu. It is annoying but we can work around it. Thanks, Neha",neha.singh29@example.com,resolved,billing,medium,Billing Support,Meera Iyer,6,0,0,2026-08-09T16:21:15.037211+00:00,2026-08-10T02:23:18.552563+00:00,2026-08-10T05:41:04.955921+00:00
Two-factor codes not working,"Hello, My authenticator codes are rejected every time I try to sign in. I already tried restarting everything. Using version 3.1.3 on macOS. Just whenever you get time. Please help.",aditya.bose67@example.com,closed,account,low,Account Security,Ishita Rao,8,1,0,2026-08-09T16:21:22.697896+00:00,2026-08-12T05:48:19.906180+00:00,2026-08-12T09:58:46.687616+00:00
dashboard stuck on loading spinner,something is wrong with my account,karan.mishra69@example.com,closed,technical,medium,Tech Support,Kabir Singh,12,5,0,2026-08-09T16:33:59.255920+00:00,2026-08-10T07:53:48.838483+00:00,2026-08-10T09:19:16.723713+00:00
Account locked after failed attempts,My account got locked after a few failed logins and I cannot get back in. This started yesterday. I already tried restarting everything. Would appreciate help this week. Please help.,aditya.singh75@example.com,resolved,account,medium,Account Security,Ishita Rao,0,5,0,2026-08-09T23:19:19.303486+00:00,2026-08-10T03:25:12.536916+00:00,2026-08-10T05:11:44.875946+00:00
Wrong item received,"Hello, I received the wrong item in order #215678, this is not what I ordered. Using version 4.9.1 on iPhone. It is annoying but we can work around it. Thanks in advance.",karan.mishra39@example.com,closed,shipping,medium,Logistics,Diya Nair,5,6,0,2026-08-10T03:26:24.576163+00:00,2026-08-10T12:00:36.159491+00:00,2026-08-10T17:10:38.805675+00:00
Mobile app freezes on startup,"Good morning, The mobile app freezes on the splash screen right after launch. This started yesterday. It is annoying but we can work around it.",sneha.mishra87@example.com,closed,technical,medium,Tech Support,Vihaan Gupta,8,3,0,2026-08-10T04:25:19.817487+00:00,2026-08-10T08:18:33.675500+00:00,2026-08-10T10:00:34.135229+00:00
Getting error 500 on upload,"Hello, Uploading any file fails with an erorr 500 message. Happy to share screenshots if needed. I already tired restarting everything. Would apprecitae help this week. Regards, Karan",karan.bose43@example.com,closed,technical,medium,Tech Support,Vihaan Gupta,1,2,0,2026-08-10T07:33:51.311559+00:00,2026-08-10T19:17:29.010063+00:00,2026-08-11T05:50:17.143000+00:00
Slow performance since last update,"Everything has become very slow since the last update, pages take ages to open. Happy to share screenshots if needed. Need this fixed today please. Please help.",rahul.shah69@example.com,resolved,technical,high,Tech Support,Vihaan Gupta,13,3,1,2026-08-10T09:28:04.647625+00:00,2026-08-10T10:38:04.925400+00:00,2026-08-10T13:15:25.008786+00:00
Card declined but money deducted,"My card was declined at checkout but $19 still left my bank account. Would appreciate help this week. Regards, Neha",neha.kapoor45@example.com,closed,billing,medium,Billing Support,Aarav Sharma,13,4,0,2026-08-10T09:34:00.798782+00:00,2026-08-10T11:58:51.222692+00:00,2026-08-10T14:49:27.677600+00:00
Package marked delivered but missing,"Hi team, Tracking says order #533491 was delivered but nothing is at my door. This has happened more than once now. This started yesterday. Would appreciate help this week. Regards, Rahul",rahul.bose41@example.com,closed,shipping,medium,Logistics,Arjun Mehta,15,3,0,2026-08-10T09:40:10.221451+00:00,2026-08-10T11:34:50.816675+00:00,2026-08-12T10:00:32.352453+00:00
Two-factor codes not working,"My authenticator codes are rejected every time I try to sign in. Using version 4.8.2 on Ubuntu. Quite urgent for us, deadline is tomorrow. Thanks in advance.",riya.mishra90@example.com,closed,account,high,Account Security,Ishita Rao,8,1,0,2026-08-10T09:41:05.022126+00:00,2026-08-10T14:03:27.223090+00:00,2026-08-10T21:29:23.965554+00:00
Zapier connection keeps disconnecting,"Hi team, The Zapier connection keeps disconnecting and needs re-authorising daily. It is annoying but we can work around it. Please help.",karan.jain68@example.com,closed,integrations,medium,Integrations,Neil Fernandes,8,1,0,2026-08-10T09:47:14.346941+00:00,2026-08-10T14:19:39.871527+00:00,2026-08-11T06:39:29.251423+00:00
do you offer student discounts,"hi team, do you offer any discount for students or non-profit organisations? would appreciate help this week. thanks in advance.",neha.yadav63@example.com,closed,general,medium,General Support,Tara Joshi,6,1,0,2026-08-10T10:16:26.013690+00:00,2026-08-10T13:10:35.427736+00:00,2026-08-10T18:34:13.646473+00:00
App crashes when exporting report,"The app crashes every time I try to export a report to CSV. This has happened more than once now. Using version 3.0.0 on Windows 11. Quite urgent for us, deadline is tomorrow. Thanks in advance.",amit.bose32@example.com,closed,technical,high,Tech Support,Ananya Das,13,5,0,2026-08-10T10:20:01.690002+00:00,2026-08-10T15:02:39.223303+00:00,2026-08-10T17:59:20.667676+00:00
Feedback on the new interface,I wanted to share some feedback about the new interface layout. This has happened more than once now. Happy to share screenshots if needed. This is affecting several of our users.,amit.yadav4@example.com,closed,general,high,General Support,Tara Joshi,10,5,0,2026-08-10T10:51:10.495838+00:00,2026-08-10T14:38:30.220849+00:00,2026-08-10T22:10:06.013813+00:00
App crashes when exporting report,"Hello, The app crashes every time I try to export a report to CSV. Happy to share screenshots if needed. This has happened more than once now. Need this fixed today please. Please help.",sneha.mishra27@example.com,closed,technical,high,Tech Support,Vihaan Gupta,10,2,0,2026-08-10T11:32:24.173773+00:00,2026-08-10T12:43:37.453117+00:00,2026-08-10T14:50:58.982330+00:00
Order still not delivered,"Hi, My order #539301 was supposed to arrive last week and still has not been delivered. It is annoying but we can work around it. Thanks, Riya",riya.kumar89@example.com,closed,shipping,medium,Logistics,Diya Nair,8,3,0,2026-08-10T12:03:11.229314+00:00,2026-08-10T16:23:53.686347+00:00,2026-08-10T17:59:09.074066+00:00
Slack integration stopped posting,"Good morning, Our Slack integration stopped posting notifications to the channel. Happy to share screenshots if needed. This started yesterday. It is annoying but we can work around it. Please help.",karan.jain78@example.com,closed,shipping,medium,Logistics,Arjun Mehta,12,2,0,2026-08-10T12:05:06.136471+00:00,2026-08-11T10:50:25.448519+00:00,2026-08-11T18:39:34.956034+00:00
Wrong item received,something is wrong with my account,amit.jain65@example.com,closed,shipping,medium,Logistics,Arjun Mehta,12,3,0,2026-08-10T12:42:15.378808+00:00,2026-08-10T18:20:43.545472+00:00,2026-08-10T23:15:12.209173+00:00
Mobile app freezes on startup,"Hello, The mobile app freezes on the splash screen right after launch. Using version 4.0.0 on Windows 11. Would appreciate help this week. Please help.",aditya.kumar30@example.com,closed,technical,medium,Tech Support,Kabir Singh,8,5,0,2026-08-10T13:42:17.351337+00:00,2026-08-10T22:24:36.251465+00:00,2026-08-11T10:19:47.187443+00:00
Charged twice for my subscription,"Good morning, I was charged $9 twice for my Pro plan this month. This has happened more than once now. Using version 3.4.2 on Ubuntu. Would appreciate help this week.",sneha.jain17@example.com,resolved,billing,medium,Billing Support,Aarav Sharma,13,2,0,2026-08-10T13:42:26.085160+00:00,2026-08-10T20:32:01.123760+00:00,2026-08-10T23:08:21.104740+00:00
Unknown login from another country,"Good morning, I got an alert about a login from a country I have never visited. Would appreciate help this week. Please help.",pooja.yadav81@example.com,closed,account,medium,Account Security,Rohan Verma,11,2,0,2026-08-10T15:15:00.591222+00:00,2026-08-10T18:16:06.681066+00:00,2026-08-10T22:04:27.977726+00:00
Password reset email never arrives,"I requested a password reset three times but no email has arrived. Using version 3.3.3 on Ubuntu. I already tried restarting everything. Not urgent, low priority for me. Regards, Sneha",sneha.yadav88@example.com,closed,account,low,Account Security,Rohan Verma,11,6,0,2026-08-10T15:20:00.615485+00:00,2026-08-10T20:29:46.445614+00:00,2026-08-10T23:28:15.792000+00:00
Mobile app freezes on startup,"Good morning, The mobile app freezes on the splash screen right after launch. Critical: our live system is affected. Please help.",pooja.patel48@example.com,resolved,technical,urgent,Tech Support,Ananya Das,9,4,0,2026-08-10T15:29:05.003743+00:00,2026-08-10T15:51:09.332249+00:00,2026-08-10T17:59:04.609350+00:00
salesforce sync duplicates contacts,"hi, the salesforce sync keeps creating duplicate contacts in our crm. happy to share screenshots if needed. it is annoying but we can work around it.",rahul.bose68@example.com,resolved,integrations,medium,Integrations,Neil Fernandes,9,0,1,2026-08-10T15:46:04.490852+00:00,2026-08-10T18:21:27.993312+00:00,2026-08-11T02:16:35.724409+00:00
Refund for cancelled plan,"Hello, I cancelled my Pro subscription last week and have not received the refund. Using version 3.2.3 on Android. Happy to share screenshots if needed. Quite urgent for us, deadline is tomorrow. Please help.",pooja.kumar94@example.com,closed,billing,high,Billing Support,Aarav Sharma,10,6,0,2026-08-10T15:54:27.077463+00:00,2026-08-10T19:24:24.775615+00:00,2026-08-10T22:31:57.396912+00:00
Getting error 500 on upload,"Hi team, Uploading any file fails with an error 500 message. I already tried restarting everything. Not urgent, low priority for me. Regards, Priya",priya.patel90@example.com,closed,technical,low,Tech Support,Vihaan Gupta,8,5,0,2026-08-10T16:04:58.247261+00:00,2026-08-11T02:09:34.512220+00:00,2026-08-11T06:37:50.753575+00:00
Slack integration stopped posting,"Hi team, Our Slack integration stopped posting notifications to the channel. Happy to share screenshots if needed. Using version 4.3.1 on iPhone. It is annoying but we can work around it.",priya.jain71@example.com,closed,integrations,medium,Integrations,Sana Khan,13,3,0,2026-08-10T16:12:28.383944+00:00,2026-08-11T05:12:53.360563+00:00,2026-08-11T14:20:14.158969+00:00
Tracking link shows no updates,"Hi, The tracking link for order #580280 has not shown any update for days. Would appreciate help this week.",karan.jain93@example.com,closed,shipping,medium,Logistics,Arjun Mehta,9,4,0,2026-08-10T16:44:56.182594+00:00,2026-08-11T00:49:20.329083+00:00,2026-08-12T06:51:59.746093+00:00
two-factor codes not working,"hi team, my authenticator codes are rejected every time i try to sign in. happy to share screenshots if needed. using version 3.0.3 on android. no rush at all. thanks, pooja",pooja.singh7@example.com,closed,account,low,Account Security,Ishita Rao,6,4,0,2026-08-10T17:57:01.028195+00:00,2026-08-10T22:52:56.904209+00:00,2026-08-11T01:15:36.632721+00:00
Charged twice for my subscription,"Hi, I was charged $99 twice for my Pro plan this month. Using version 3.6.0 on Android. It is annoying but we can work around it. Regards, Sneha",sneha.bose34@example.com,resolved,billing,medium,Billing Support,Meera Iyer,14,2,0,2026-08-10T20:24:29.751693+00:00,2026-08-11T01:41:54.999846+00:00,2026-08-11T02:29:39.127505+00:00
Can't log in to my account,"Hi team, I cannot log in even though I am sure my password is correct. This has happened more than once now. I already tried restarting everything. Need this fixed today please. Thanks, Priya",priya.kapoor87@example.com,resolved,account,high,Account Security,Rohan Verma,2,4,0,2026-08-11T02:16:38.807306+00:00,2026-08-11T07:33:38.519953+00:00,2026-08-11T11:20:33.546062+00:00
Do you offer student discounts,"Hi, Do you offer any discount for students or non-profit organisations? Just whenever you get time. Please help.",priya.reddy97@example.com,resolved,general,low,General Support,Tara Joshi,10,2,0,2026-08-11T05:52:23.479638+00:00,2026-08-11T10:18:54.194902+00:00,2026-08-11T16:02:33.488771+00:00
Files not syncing across devices,"Hello, My files are not syncing between my laptop and my phone anymore. I already tried restarting everything. Would appreciate help this week. Regards, Rahul",rahul.kapoor48@example.com,closed,technical,medium,Tech Support,Ananya Das,9,4,0,2026-08-11T06:29:04.322143+00:00,2026-08-11T12:33:46.584959+00:00,2026-08-11T22:16:06.561355+00:00
Slack integration stopped posting,"Good morning, Our Slack integration stopped posting notifications to the channel. Happy to share screenshots if needed. Critical: our live system is affected. Thanks, Riya",riya.kumar34@example.com,closed,integrations,urgent,Integrations,Neil Fernandes,3,2,0,2026-08-11T08:15:19.740127+00:00,2026-08-11T09:04:20.335034+00:00,2026-08-11T18:18:05.347757+00:00
Dashboard stuck on loading spinner,"The dashboard never finishes loading, it just shows the spinner forever. Using version 4.6.2 on macOS. This started yesterday. This is affecting several of our users.",aditya.patel73@example.com,closed,technical,high,Tech Support,Vihaan Gupta,3,4,0,2026-08-11T09:38:37.437332+00:00,2026-08-11T12:21:31.361198+00:00,2026-08-11T21:58:37.893250+00:00
Invoice shows wrong amount,"Hello, The invoice for Starter shows $29 but I expected a lower amount. Would appreciate help this week.",vikram.shah10@example.com,closed,billing,medium,Billing Support,Meera Iyer,13,0,0,2026-08-11T09:42:53.438897+00:00,2026-08-11T11:26:23.145524+00:00,2026-08-12T07:48:49.290490+00:00
Invoice shows wrong amount,"Hi team, The invoice for Pro shows $99 but I expected a lower amount. Would appreciate help this week.",rahul.kapoor27@example.com,resolved,billing,medium,Billing Support,Aarav Sharma,5,0,0,2026-08-11T09:49:03.708469+00:00,2026-08-11T12:04:13.055897+00:00,2026-08-11T13:00:43.662136+00:00
Need GST invoice for last month,"Hi, I need a GST invoice for my Pro subscription for our accounting. Need this fixed today please. Thanks in advance.",sneha.mishra96@example.com,closed,billing,high,Billing Support,Meera Iyer,6,3,0,2026-08-11T09:57:15.810873+00:00,2026-08-11T11:16:07.778828+00:00,2026-08-11T13:41:16.156939+00:00
Need GST invoice for last month,"Good morning, I need a GST invoice for my Team subscription for our accounting. Happy to share screenshots if needed. It is annoying but we can work around it. Thanks, Amit",amit.shah20@example.com,closed,billing,medium,Billing Support,Aarav Sharma,11,7,0,2026-08-11T10:33:22.120505+00:00,2026-08-12T02:51:51.643959+00:00,2026-08-12T10:06:42.688407+00:00
Unexpected charge on my account,"Hi team, There is a charge of $49 on my statement that I do not recognise. I already tried restarting everything. Using version 3.0.2 on Ubuntu. This is affecting several of our users. Regards, Karan",karan.jain29@example.com,closed,billing,high,Billing Support,Aarav Sharma,12,4,0,2026-08-11T11:06:30.961880+00:00,2026-08-11T12:22:38.372129+00:00,2026-08-11T17:05:48.064168+00:00
Damaged product on arrival,"Hi, The product from order #854162 arrived with a broken screen. Using version 4.6.0 on Ubuntu. No rush at all. Please help.",riya.patel70@example.com,closed,shipping,low,Logistics,Diya Nair,10,1,0,2026-08-11T11:52:53.350262+00:00,2026-08-12T02:12:52.515097+00:00,2026-08-12T05:50:34.691378+00:00
Question about enterprise pricing,"Good morning, Could you share pricing details for the enterprise plan for about 200 seats? Would appreciate help this week. Please help.",pooja.shah6@example.com,resolved,general,medium,General Support,Tara Joshi,17,0,0,2026-08-11T13:16:05.009130+00:00,2026-08-11T17:51:12.406698+00:00,2026-08-12T08:46:33.532647+00:00
App crashes when exporting report,"Good morning, The app crashes every time I try to export a report to CSV. This started yesterday. I already tried restarting everything. This is blocking our entire team in production. Thanks, Karan",karan.singh67@example.com,resolved,technical,urgent,Tech Support,Vihaan Gupta,8,0,0,2026-08-11T13:20:37.337046+00:00,2026-08-11T13:52:02.409261+00:00,2026-08-12T00:39:21.708714+00:00
Wrong item received,it is not working please check,priya.kumar91@example.com,resolved,shipping,medium,Logistics,Diya Nair,8,6,0,2026-08-11T13:31:05.879475+00:00,2026-08-11T23:34:00.294069+00:00,2026-08-12T02:04:08.699243+00:00
Zapier connection keeps disconnecting,"Hi, The Zapier connection keeps disconnecting and needs re-authorising daily. Happy to share screenshots if needed. Quite urgent for us, deadline is tomorrow. Thanks, Pooja",pooja.jain91@example.com,resolved,technical,high,Tech Support,Kabir Singh,9,5,0,2026-08-11T13:35:05.004622+00:00,2026-08-11T16:58:44.305227+00:00,2026-08-11T19:56:42.574608+00:00
problem,"hi team, i cancelled my business subscription last week and have not received the refund. this started yesterday. using version 4.0.3 on ubuntu. it is annoying but we can work around it.",priya.jain55@example.com,resolved,billing,medium,Billing Support,Aarav Sharma,9,5,0,2026-08-11T13:51:36.086704+00:00,2026-08-11T18:12:54.707073+00:00,2026-08-11T23:36:58.765646+00:00
problem,"Hello, My authenticator codes are rejected every time I try to sign in. Using version 3.6.0 on Ubuntu. This has happened more than once now. This is affecting several of our users. Regards, Vikram",vikram.jain16@example.com,closed,account,high,Account Security,Ishita Rao,13,3,0,2026-08-11T14:13:14.004171+00:00,2026-08-11T16:22:16.653105+00:00,2026-08-11T19:19:08.210368+00:00
Password reset email never arrives,"Hi, I requested a password reest three times but no email has arrived. This is affecting several of our users. Thanks in advance.",aditya.bose93@example.com,resolved,account,high,Account Security,Rohan Verma,11,5,0,2026-08-11T14:34:13.227052+00:00,2026-08-11T16:38:01.384503+00:00,2026-08-11T17:35:26.518140+00:00
Looking for a data processing agreement,"Hi team, Can you send us your standard data procsesing agreement? I already tried restarting everything. Quite urgent for us, deadline is tomorrow. Thanks in advance.",karan.kumar6@example.com,closed,general,high,General Support,Tara Joshi,4,6,0,2026-08-11T14:43:27.999732+00:00,2026-08-11T16:19:53.865090+00:00,2026-08-11T19:19:01.045637+00:00
Invoice shows wrong amount,"Good morning, The invoice for Starter shows $29 but I expected a lower amount. I already tried restarting everything. This has happened more than once now. This is affecting several of our users. Please help.",priya.shah51@example.com,closed,billing,high,Billing Support,Aarav Sharma,11,4,0,2026-08-11T14:46:41.043769+00:00,2026-08-12T00:28:22.327146+00:00,2026-08-12T12:33:03.732388+00:00
Delete my account and data,"Good morning, Please delete my account and all my personal data permanently. Just whenever you get time. Thanks, Pooja",pooja.kumar50@example.com,closed,account,low,Account Security,Rohan Verma,8,3,0,2026-08-11T14:55:32.620773+00:00,2026-08-11T22:08:18.419784+00:00,2026-08-13T06:57:48.712373+00:00
Need GST invoice for last month,"Good morning, I need a GST invoice for my Pro subscription for our accounting. Would appreciate help this week. Thanks, Vikram",vikram.kumar71@example.com,closed,billing,medium,Billing Support,Meera Iyer,14,2,0,2026-08-11T15:00:40.012530+00:00,2026-08-11T19:17:49.693208+00:00,2026-08-12T00:59:40.813550+00:00
Files not syncing across devices,"Hello, My files are not syncing between my laptop and my phone anymore. This has happened more than once now. Need this fixed today please. Thanks, Vikram",vikram.jain79@example.com,closed,technical,high,Tech Support,Vihaan Gupta,12,3,0,2026-08-11T15:45:57.089029+00:00,2026-08-11T22:18:06.960565+00:00,2026-08-12T00:04:22.726390+00:00
help,I need help with this as soon as possible,vikram.yadav33@example.com,closed,billing,medium,Billing Support,Meera Iyer,8,6,0,2026-08-11T15:59:07.185496+00:00,2026-08-11T17:41:24.263973+00:00,2026-08-11T23:16:09.908054+00:00
Need GST invoice for last month,"Hi team, I need a GST invoice for my Starter subscription for our accounting. This started yesterday. Using version 3.5.2 on Ubuntu. Just whenever you get time. Regards, Priya",priya.yadav35@example.com,closed,billing,low,Billing Support,Aarav Sharma,9,4,0,2026-08-11T16:52:04.601206+00:00,2026-08-11T21:42:37.609006+00:00,2026-08-12T06:16:06.867740+00:00
Two-factor codes not working,My authenticator codes are rejected every time I try to sign in. I already tried restarting everything. This started yesterday. No rush at all. Please help.,aditya.singh83@example.com,closed,account,low,Account Security,Ishita Rao,11,5,0,2026-08-11T17:56:11.618748+00:00,2026-08-12T09:41:49.215718+00:00,2026-08-12T15:59:03.753432+00:00
Charged twice for my subscription,"Hi team, I was charged $29 twice for my Pro plan this month. Would appreciate help this week. Please help.",priya.bose98@example.com,closed,billing,medium,Billing Support,Meera Iyer,5,3,1,2026-08-11T17:58:35.106034+00:00,2026-08-11T19:40:33.350483+00:00,2026-08-12T02:45:08.596970+00:00
Slow performance since last update,"Everything has become very slow since the last update, pages take ages to open. Not urgent, low priority for me. Please help.",vikram.patel57@example.com,closed,technical,low,Tech Support,Vihaan Gupta,6,3,0,2026-08-11T19:16:58.264411+00:00,2026-08-12T03:13:56.167810+00:00,2026-08-12T04:26:01.233867+00:00
Damaged product on arrival,"Hi, The product from order #377912 arrived with a broken screen. This started yesterday. Happy to share screenshots if needed. Would appreciate help this week. Thanks in advance.",aditya.kumar29@example.com,closed,shipping,medium,Logistics,Diya Nair,1,5,1,2026-08-11T19:47:09.447686+00:00,2026-08-12T01:12:06.552680+00:00,2026-08-12T15:11:39.028197+00:00
Account locked after failed attempts,"Hi, My account got locked after a few failed logins and I cannot get back in. This has happened more than once now. It is annoying but we can work around it. Regards, Rahul",rahul.yadav83@example.com,closed,account,medium,Account Security,Ishita Rao,7,2,0,2026-08-12T01:31:47.286278+00:00,2026-08-12T04:02:50.312850+00:00,2026-08-13T03:30:15.520426+00:00
Do you offer student discounts,"Hi team, Do you offer any discount for students or non-profit organisations? I already tired restarting everything. Usnig version 3.3.3 on iPhone. This is affecting several of our users.",amit.singh53@example.com,closed,general,high,General Support,Tara Joshi,0,4,0,2026-08-12T07:50:58.699194+00:00,2026-08-12T11:28:36.470378+00:00,2026-08-12T15:31:54.298445+00:00
Delete my account and data,"Please delete my account and all my personal data permanently. I already tried restarting everything. Quite urgent for us, deadline is tomorrow. Please help.",rahul.singh34@example.com,closed,account,high,Account Security,Ishita Rao,2,1,0,2026-08-12T08:15:27.221533+00:00,2026-08-12T10:22:37.062252+00:00,2026-08-12T10:41:22.843998+00:00
Dashboard stuck on loading spinner,"The dashboard never finihses loading, it just shows the spinner froever. This is affecting several of our uesrs. Regards, Pooja",pooja.jain61@example.com,closed,technical,high,Tech Support,Kabir Singh,9,6,0,2026-08-12T09:34:57.524063+00:00,2026-08-12T10:55:30.766703+00:00,2026-08-12T13:44:33.664463+00:00
Card declined but money deducted,"Hi, My card was declined at checkout but $29 still left my bank account. Need this fixed today please. Thanks, Rahul",rahul.reddy5@example.com,resolved,billing,high,Billing Support,Aarav Sharma,9,1,0,2026-08-12T10:12:52.327602+00:00,2026-08-12T11:51:03.293434+00:00,2026-08-12T17:04:53.816744+00:00
Card declined but money deducted,"Hi, My card was declined at checkout but $29 still left my bank account. I already tried restarting everything. This has happened more than once now. It is annoying but we can work around it.",sneha.reddy30@example.com,closed,billing,medium,Billing Support,Meera Iyer,10,1,0,2026-08-12T10:24:40.248396+00:00,2026-08-12T11:47:09.708778+00:00,2026-08-13T04:52:29.150591+00:00
card declined but money deducted,"hi, my card was declined at checkout but $49 still left my bank account. quite urgent for us, deadline is tomorrow.",neha.kapoor48@example.com,closed,billing,high,Billing Support,Aarav Sharma,18,3,0,2026-08-12T10:26:22.222605+00:00,2026-08-12T11:57:31.014851+00:00,2026-08-12T15:55:41.914793+00:00
Zapier connection keeps disconnecting,"Hi, The Zapier connection keeps disconnecting and needs re-authorising daily. I already tried restarting everything. This started yesterday. Quite urgent for us, deadline is tomorrow. Please help.",riya.jain23@example.com,closed,integrations,high,Integrations,Sana Khan,12,0,0,2026-08-12T12:18:14.172395+00:00,2026-08-12T13:38:06.774718+00:00,2026-08-14T06:20:43.870106+00:00
Looking for a data processing agreement,"Hi team, Can you send us your standard data processing agreement? This started yesterday. It is annoying but we can work around it. Thanks, Priya",priya.kapoor70@example.com,resolved,general,medium,General Support,Tara Joshi,13,1,1,2026-08-12T12:30:00.513992+00:00,2026-08-13T07:15:51.667817+00:00,2026-08-13T09:42:24.444914+00:00
Slack integration stopped posting,"Hello, Our Slack integration stopped posting notifications to the channel. This started yesterday. Would appreciate help this week. Regards, Sneha",sneha.kapoor2@example.com,resolved,integrations,medium,Integrations,Neil Fernandes,13,6,0,2026-08-12T12:39:43.412228+00:00,2026-08-12T22:25:46.771624+00:00,2026-08-13T07:38:14.257635+00:00
Unknown login from another country,it is not working please check,vikram.shah66@example.com,closed,account,low,Account Security,Ishita Rao,9,0,0,2026-08-12T13:38:40.120774+00:00,2026-08-12T18:09:31.440648+00:00,2026-08-12T22:18:12.620018+00:00
App crashes when exporting report,"Hello, The app crashes every time I try to export a report to CSV. Using version 3.0.1 on macOS. Quite urgent for us, deadline is tomorrow. Please help.",pooja.kumar75@example.com,resolved,technical,high,Tech Support,Vihaan Gupta,18,6,1,2026-08-12T14:21:43.372111+00:00,2026-08-12T17:57:07.199222+00:00,2026-08-12T18:36:49.317615+00:00
Delete my account and data,"Hi, Please delete my account and all my personal data permanently. Using version 3.3.2 on Android. Happy to sahre screenshots if needed. It is annoying but we can work around it. Thanks in advance.",priya.mishra8@example.com,closed,account,medium,Account Security,Ishita Rao,13,4,0,2026-08-12T14:51:11.516779+00:00,2026-08-13T07:03:10.761262+00:00,2026-08-13T15:39:21.660061+00:00
Mobile app freezes on startup,"Hi, The mobile app freezes on the splash screen right after launch. This started yesterday. I already tried restarting everything. Would appreciate help this week. Please help.",amit.mishra20@example.com,resolved,technical,medium,Tech Support,Kabir Singh,13,2,0,2026-08-12T14:57:02.554575+00:00,2026-08-12T20:45:46.658926+00:00,2026-08-12T23:33:37.297040+00:00
Refund for cancelled plan,"Hello, I cancelled my Team subscription last week and have not received the refund. This started yesterday. No rush at all. Thanks, Pooja",pooja.kumar81@example.com,resolved,billing,low,Billing Support,Aarav Sharma,11,6,0,2026-08-12T15:06:26.215673+00:00,2026-08-12T22:24:31.437169+00:00,2026-08-13T00:53:46.697022+00:00
App crashes when exporting report,The app crashes every time I try to epxort a report to CSV. Need this fixed today please.,rahul.reddy76@example.com,closed,technical,high,Tech Support,Vihaan Gupta,8,4,0,2026-08-12T15:51:47.037196+00:00,2026-08-12T17:25:45.939720+00:00,2026-08-12T21:07:03.182726+00:00
Delete my account and data,"Hi team, Please delete my account and all my personal data permanently. This has happened more than once now. Happy to share screenshots if needed. Would appreciate help this week. Please help.",priya.yadav97@example.com,resolved,account,medium,Account Security,Ishita Rao,4,1,0,2026-08-12T16:27:18.780062+00:00,2026-08-13T01:48:54.408848+00:00,2026-08-13T08:30:26.762433+00:00
Looking for a data processing agreement,"Hello, Can you send us your standard data processing agreement? This has happened more than once now. Would appreciate help this week. Please help.",sneha.shah56@example.com,closed,general,medium,General Support,Tara Joshi,13,3,0,2026-08-12T17:06:53.142940+00:00,2026-08-12T18:36:41.145724+00:00,2026-08-12T20:46:00.129994+00:00
Do you offer student discounts,"Hello, Do you offer any discount for students or non-profit organisations? Would appreciate help this week.",sneha.singh58@example.com,closed,general,medium,General Support,Tara Joshi,13,7,0,2026-08-12T17:09:15.777317+00:00,2026-08-12T20:56:19.523308+00:00,2026-08-13T04:38:26.903506+00:00
looking for a data processing agreement,"hello, can you send us your standard data processing agreement? using version 3.1.3 on windows 11. we are losing customers every minute, need help asap!",vikram.kumar50@example.com,closed,general,urgent,General Support,Tara Joshi,11,3,0,2026-08-12T17:42:05.305910+00:00,2026-08-12T17:56:59.982154+00:00,2026-08-12T22:56:38.709632+00:00
Need GST invoice for last month,"Hello, I need a GST invoice for my Team subscription for our accounting. No rush at all. Thanks in advance.",priya.singh12@example.com,closed,account,low,Account Security,Ishita Rao,5,5,0,2026-08-12T17:51:25.874586+00:00,2026-08-12T23:19:17.530849+00:00,2026-08-13T00:21:55.450274+00:00
Mobile app freezes on startup,"Hi team, The mobile app freezes on the splash screen right after launch. This is blocking our entire team in prdouction. Thanks, Karan",karan.patel79@example.com,closed,technical,urgent,Tech Support,Ananya Das,0,3,0,2026-08-12T19:43:44.970697+00:00,2026-08-12T20:25:17.249555+00:00,2026-08-12T21:59:05.011788+00:00
Password reset email never arrives,"Good morning, I requested a password reset three times but no email has arrived. This has happened more than once now. It is annoying but we can work around it. Thanks in advance.",amit.patel59@example.com,closed,account,medium,Account Security,Rohan Verma,0,3,0,2026-08-12T23:19:56.531079+00:00,2026-08-13T19:53:20.871557+00:00,2026-08-13T22:09:50.124578+00:00
Need a product demo,"Good morning, We would like to schedule a product demo for our team. This has happened more than once now. Using version 3.9.3 on Ubuntu. Would appreciate help this week. Please help.",aditya.reddy98@example.com,closed,general,medium,General Support,Tara Joshi,5,6,0,2026-08-13T06:42:21.077271+00:00,2026-08-13T14:14:19.185618+00:00,2026-08-13T20:17:13.184898+00:00
Salesforce sync duplicates contacts,"Hello, The Salesforce sync keeps creating duplicate contacts in our CRM. This has happened more than once now. Quite urgent for us, deadline is tomorrow. Please help.",rahul.patel38@example.com,resolved,integrations,high,Integrations,Neil Fernandes,4,2,0,2026-08-13T09:54:00.688021+00:00,2026-08-13T15:28:58.821298+00:00,2026-08-13T18:26:07.130169+00:00
Two-factor codes not working,"Hi team, My authenticator codes are rejected every time I try to sign in. It is annoying but we can work around it. Thanks, Aditya",aditya.patel88@example.com,closed,account,medium,Account Security,Ishita Rao,7,7,0,2026-08-13T09:59:03.719174+00:00,2026-08-13T14:50:23.381140+00:00,2026-08-14T09:56:22.650504+00:00
Damaged product on arrival,"Good morning, The product from order #882208 arrived with a broken screen. Happy to share screenshots if needed. Would appreciate help this week. Thanks in advance.",rahul.mishra98@example.com,closed,shipping,medium,Logistics,Arjun Mehta,16,4,0,2026-08-13T10:05:36.497553+00:00,2026-08-13T19:13:29.970141+00:00,2026-08-13T20:54:45.949851+00:00
Package marked delivered but missing,"Hello, Tracking says order #707153 was delivered but nothing is at my door. Would appreciate help this week.",aditya.shah20@example.com,closed,shipping,medium,Logistics,Diya Nair,14,6,0,2026-08-13T12:36:26.905447+00:00,2026-08-13T19:12:33.897486+00:00,2026-08-13T22:04:52.826854+00:00
Dashboard stuck on loading spinner,"The dashboard never finishes loading, it just shows the spinner forever. Using version 4.5.0 on Windows 11. This started yesterday. Quite urgent for us, deadline is tomorrow. Please help.",vikram.reddy13@example.com,resolved,technical,high,Tech Support,Ananya Das,10,3,0,2026-08-13T13:08:55.581037+00:00,2026-08-13T14:45:16.834800+00:00,2026-08-14T00:30:40.433737+00:00
looking for a data processing agreement,"hi, can you send us your standard data processing agreement? this started yesterday. it is annoying but we can work around it.",sneha.bose81@example.com,resolved,general,medium,General Support,Tara Joshi,7,2,1,2026-08-13T14:53:25.256189+00:00,2026-08-13T16:38:01.563323+00:00,2026-08-14T01:52:20.454368+00:00
Looking for a data processing agreement,"Good morning, Can you send us your standard data processing agreement? This started yesterday. This has happened more than once now. No rush at all.",sneha.jain65@example.com,closed,general,low,General Support,Tara Joshi,6,2,0,2026-08-13T15:15:09.733461+00:00,2026-08-13T23:25:34.176961+00:00,2026-08-14T00:44:46.573597+00:00
Mobile app freezes on startup,"The mobile app freezes on the splash screen right after launch. I already tried restarting everything. This started yesterday. Quite urgent for us, deadline is tomorrow. Thanks, Neha",neha.shah93@example.com,resolved,billing,high,Billing Support,Meera Iyer,12,6,0,2026-08-13T15:16:25.339930+00:00,2026-08-13T16:38:42.478686+00:00,2026-08-13T18:54:05.243933+00:00
Slow performance since last update,"Good morning, Everything has become very slow since the last update, pages take ages to open. Using version 4.5.1 on Windows 11. This started yesterday. We are losing customers every minute, need help ASAP! Thanks in advance.",vikram.kumar59@example.com,closed,technical,urgent,Tech Support,Vihaan Gupta,8,0,0,2026-08-13T16:06:03.097988+00:00,2026-08-13T18:01:41.246922+00:00,2026-08-13T20:38:53.596154+00:00
Slack integration stopped posting,"Hi, Our Slack integration stopped posting notifications to the channel. Using version 3.8.0 on iPhone. Happy to share screenshots if needed. It is annoying but we can work around it. Thanks, Priya",priya.kumar24@example.com,closed,integrations,medium,Integrations,Neil Fernandes,8,4,0,2026-08-13T16:06:27.873887+00:00,2026-08-13T17:10:08.597276+00:00,2026-08-13T17:46:14.178518+00:00
Account locked after failed attempts,"Hi, My account got locked after a few failed logins and I cannot get back in. This has happened more than once now. Happy to share screenshots if needed. It is annoying but we can work around it. Regards, Riya",riya.mishra49@example.com,closed,account,medium,Account Security,Ishita Rao,5,7,0,2026-08-13T16:55:26.046412+00:00,2026-08-13T23:12:13.942913+00:00,2026-08-14T00:44:49.654960+00:00
Tracking link shows no updates,"Hi team, The tracking link for order #297187 has not shown any update for days. This has happened more than once now. Would appreciate help this week.",neha.bose63@example.com,resolved,shipping,medium,Logistics,Diya Nair,7,3,0,2026-08-13T17:21:36.779257+00:00,2026-08-13T20:06:43.044202+00:00,2026-08-14T18:19:03.205432+00:00
feature request: dark mode,"hi, it would be great to have a dark mode option in the app. this started yesterday. using version 4.7.1 on ubuntu. would appreciate help this week. thanks in advance.",vikram.kapoor85@example.com,closed,general,medium,General Support,Tara Joshi,7,0,0,2026-08-14T00:42:31.280874+00:00,2026-08-14T03:31:36.238956+00:00,2026-08-14T07:52:00.581903+00:00
App crashes when exporting report,"Hello, The app crashes every time I try to export a report to CSV. Critical: our live system is affected. Thanks, Rahul",rahul.singh81@example.com,closed,technical,urgent,Tech Support,Kabir Singh,9,4,0,2026-08-14T02:30:01.321476+00:00,2026-08-14T04:30:11.643631+00:00,2026-08-14T18:15:24.504348+00:00
Slow performance since last update,"Hello, Everything has become very slow since the last update, pages take ages to open. This has happened more than once now. I already tried restarting everything. Would appreciate help this week. Thanks, Karan",karan.jain47@example.com,closed,technical,medium,Tech Support,Ananya Das,4,6,0,2026-08-14T08:03:40.249860+00:00,2026-08-14T11:58:55.726421+00:00,2026-08-14T16:43:53.044259+00:00
Order still not delivered,My order #433811 was supposed to arrive last week and still has not been delivered. It is annoying but we can work around it.,priya.bose71@example.com,closed,shipping,medium,Logistics,Arjun Mehta,9,5,0,2026-08-14T09:34:20.294549+00:00,2026-08-14T11:51:31.452779+00:00,2026-08-14T13:14:38.899337+00:00
Invoice shows wrong amount,"Hello, The invoice for Team shows $99 but I expected a lower amount. This has happened more than once now. Not urgent, low priority for me. Thanks in advance.",rahul.yadav72@example.com,closed,billing,low,Billing Support,Meera Iyer,8,4,0,2026-08-14T09:54:40.755240+00:00,2026-08-14T16:21:58.212599+00:00,2026-08-14T22:20:00.110929+00:00
Refund for cancelled plan,I need help with this as soon as possible,aditya.bose68@example.com,closed,billing,low,Billing Support,Aarav Sharma,10,4,0,2026-08-14T10:52:35.755649+00:00,2026-08-14T18:38:11.425397+00:00,2026-08-15T00:43:31.506841+00:00
Feedback on the new interface,"Good morning, I wanted to share some feedback about the new interface layout. This has happened more than once now. Would appreciate help this week. Regards, Karan",karan.singh92@example.com,closed,general,medium,General Support,Tara Joshi,10,0,0,2026-08-14T11:16:06.886548+00:00,2026-08-14T15:48:29.385214+00:00,2026-08-14T17:08:12.435257+00:00
Webhook deliveries failing,"Hi, Webhook deliveries to our endpoint keep failing and events are missing. This has happened more than once now. Just whenever you get time. Please help.",sneha.patel88@example.com,closed,integrations,low,Integrations,Sana Khan,7,2,0,2026-08-14T12:17:23.604320+00:00,2026-08-15T00:37:51.392618+00:00,2026-08-15T02:38:38.534280+00:00
Damaged product on arrival,"Hello, The product from order #544112 arrived with a broken screen. Need this fixed today please. Please help.",riya.bose59@example.com,resolved,shipping,high,Logistics,Diya Nair,10,6,0,2026-08-14T12:20:27.876462+00:00,2026-08-14T14:14:49.178258+00:00,2026-08-14T18:04:25.431700+00:00
unexpected charge on my account,"hi, there is a charge of $99 on my statement that i do not recognise. happy to share screenshots if needed. critical: our live system is affected. thanks, neha",neha.jain17@example.com,resolved,billing,urgent,Billing Support,Meera Iyer,8,4,0,2026-08-14T12:47:48.738279+00:00,2026-08-14T13:38:45.610069+00:00,2026-08-14T21:05:12.228583+00:00
Salesforce sync duplicates contacts,"Hi, The Salesforce sync keeps creating duplicate contacts in our CRM. Happy to share screenshots if needed. This has happened more than once now. Not urgent, low priority for me. Please help.",aditya.yadav20@example.com,closed,integrations,low,Integrations,Sana Khan,6,4,0,2026-08-14T12:57:05.467974+00:00,2026-08-15T08:39:40.294961+00:00,2026-08-15T10:18:13.092501+00:00
need assistance,"Hi, The Zapier connection keeps disconnecting and needs re-authorising daily. I already tried restarting everything. It is annoying but we can work around it.",aditya.yadav26@example.com,closed,integrations,medium,Integrations,Neil Fernandes,10,4,0,2026-08-14T13:25:25.573136+00:00,2026-08-14T17:59:35.828530+00:00,2026-08-14T20:51:51.776776+00:00
Wrong item received,"I received the wrong item in order #528537, this is not what I ordered. No rush at all. Please help.",vikram.reddy27@example.com,closed,shipping,low,Logistics,Diya Nair,8,1,0,2026-08-14T14:34:09.571463+00:00,2026-08-15T00:07:34.757068+00:00,2026-08-15T16:14:40.142611+00:00
Order still not delivered,"Good morning, My order #238197 was supposed to arrive last week and still has not been delivered. I already tried restarting everything. This is affecting several of our users. Thanks in advance.",pooja.shah79@example.com,closed,shipping,high,Logistics,Diya Nair,11,4,0,2026-08-14T16:01:24.382334+00:00,2026-08-14T18:05:58.158259+00:00,2026-08-14T20:29:12.580859+00:00
Invoice shows wrong amount,"Hi, The invoice for Team shows $49 but I expected a lower amount. I already tried restarting everything. This has happened more than once now. Would appreciate help this week. Thanks, Rahul",rahul.yadav8@example.com,closed,billing,medium,Billing Support,Aarav Sharma,8,4,0,2026-08-14T16:01:40.545948+00:00,2026-08-14T19:19:02.349309+00:00,2026-08-15T07:31:23.471494+00:00
Looking for a data processing agreement,"Hello, Can you send us your standard data processing agreement? I already tried restarting everything. Not urgent, low priority for me. Regards, Pooja",pooja.singh34@example.com,closed,general,low,General Support,Tara Joshi,11,5,0,2026-08-14T16:44:55.144202+00:00,2026-08-16T04:29:15.551133+00:00,2026-08-16T20:12:47.928872+00:00
Feature request: dark mode,"Hi, It would be great to have a dark mode option in the app. This has happened more than once now. Happy to share screenshots if needed. Would appreciate help this week. Please help.",riya.bose38@example.com,closed,general,medium,General Support,Tara Joshi,13,2,0,2026-08-14T16:46:02.454448+00:00,2026-08-14T17:56:31.887414+00:00,2026-08-14T19:31:20.250531+00:00
Invoice shows wrong amount,"The invoice for Team shows $19 but I expected a lower amount. I already tried restarting everything. This started yesterday. Would appreciate help this week. Thanks, Aditya",aditya.shah36@example.com,closed,billing,medium,Billing Support,Meera Iyer,5,5,0,2026-08-14T17:34:02.582677+00:00,2026-08-15T03:52:40.534837+00:00,2026-08-15T11:31:27.058764+00:00
two-factor codes not working,"hi team, my authenticator codes are rejected every time i try to sign in. happy to share screenshots if needed. using version 3.0.3 on android. no rush at all. thanks, pooja",pooja.singh7@example.com,closed,account,low,Account Security,Rohan Verma,12,0,0,2026-08-14T17:54:44.365827+00:00,2026-08-14T23:24:42.951558+00:00,2026-08-15T03:58:02.495853+00:00
dashboard stuck on loading spinner,"hello, the dashboard never finishes loading, it just shows the spinner forever. no rush at all.",amit.patel48@example.com,resolved,technical,low,Tech Support,Vihaan Gupta,0,3,0,2026-08-14T20:31:03.341513+00:00,2026-08-15T06:09:52.265970+00:00,2026-08-15T09:54:15.852677+00:00
problem,"Hi team, I entered the wrong address for order #949049 and need to change it. Happy to share screenshots if needed. I already tried restarting everything. No rush at all. Regards, Vikram",vikram.kapoor38@example.com,closed,shipping,low,Logistics,Diya Nair,8,4,0,2026-08-14T20:51:19.775379+00:00,2026-08-15T03:18:42.018683+00:00,2026-08-15T06:03:54.173102+00:00
Slow performance since last update,"Hello, Everything has become very slow since the last update, pages take ages to open. I already tried restarting everything. This is affecting several of our users.",aditya.patel49@example.com,closed,technical,high,Tech Support,Kabir Singh,0,5,0,2026-08-14T21:50:12.959589+00:00,2026-08-14T22:13:18.330962+00:00,2026-08-15T00:17:58.579203+00:00
Getting error 500 on upload,"Hi team, Uploading any file fails with an error 500 message. Need this fixed today please. Thanks in advance.",neha.reddy77@example.com,resolved,technical,high,Tech Support,Ananya Das,7,3,0,2026-08-14T23:28:29.701090+00:00,2026-08-15T04:44:39.053514+00:00,2026-08-16T02:22:22.584759+00:00
Feedback on the new interface,can someone look into this,rahul.patel30@example.com,closed,general,urgent,General Support,Tara Joshi,1,2,0,2026-08-15T06:49:41.393472+00:00,2026-08-15T07:48:42.990882+00:00,2026-08-15T17:29:18.220264+00:00
Mobile app freezes on startup,"Hi team, The mobile app freezes on the splash screen right after launch. Happy to share screenshots if needed. Need this fixed today please. Thanks, Riya",riya.jain3@example.com,closed,technical,high,Tech Support,Ananya Das,10,4,0,2026-08-15T09:10:02.230099+00:00,2026-08-15T10:32:45.490173+00:00,2026-08-15T11:18:10.662509+00:00
problem,"Hi, My account got locked after a few failed logins and I cannot get back in. This has happened more than once now. Not urgent, low priority for me. Thanks in advance.",neha.jain10@example.com,resolved,account,low,Account Security,Ishita Rao,11,0,0,2026-08-15T10:06:42.893972+00:00,2026-08-15T23:03:27.139767+00:00,2026-08-15T23:35:33.632525+00:00
Unexpected charge on my account,can someone look into this,riya.bose67@example.com,closed,account,medium,Account Security,Rohan Verma,8,3,0,2026-08-15T10:22:37.758991+00:00,2026-08-15T20:49:05.226330+00:00,2026-08-16T02:19:28.943548+00:00
API key returns 401 unauthorized,"Hello, Our API key returns 401 unauthorized on every request since this morning. Would appreciate help this week. Thanks in advance.",rahul.kapoor29@example.com,closed,integrations,medium,Integrations,Sana Khan,10,4,0,2026-08-15T11:08:00.287205+00:00,2026-08-15T15:03:03.654675+00:00,2026-08-15T16:35:21.627080+00:00
help,"My authenticator codes are rejected every time I try to sign in. Using version 3.6.0 on Ubuntu. It is annoying but we can work around it. Thanks, Rahul",rahul.reddy54@example.com,closed,account,medium,Account Security,Ishita Rao,7,1,1,2026-08-15T11:15:37.143168+00:00,2026-08-15T13:45:23.525964+00:00,2026-08-15T16:06:14.672407+00:00
Getting error 500 on upload,"Hi, Uploading any file fails with an error 500 message. This has happened more than once now. I already tried restarting everything. Not urgent, low priority for me. Regards, Amit",amit.bose23@example.com,closed,technical,low,Tech Support,Vihaan Gupta,12,4,0,2026-08-15T11:34:14.741862+00:00,2026-08-15T23:56:52.634449+00:00,2026-08-16T02:43:49.467323+00:00
Files not syncing across devices,My files are not syncing between my laptop and my phone anymore. This started yesterday. Just whenever you get time. Please help.,neha.kumar37@example.com,closed,shipping,low,Logistics,Arjun Mehta,9,8,0,2026-08-15T12:17:51.614628+00:00,2026-08-16T04:24:29.092461+00:00,2026-08-16T05:30:20.069941+00:00
Charged twice for my subscription,I was charged $199 twice for my Starter plan this month. I already tried restarting everything. Happy to share screenshots if needed. Would appreciate help this week.,amit.jain13@example.com,closed,billing,medium,Billing Support,Meera Iyer,10,3,0,2026-08-15T12:20:55.583904+00:00,2026-08-16T14:20:55.820173+00:00,2026-08-16T16:23:28.242739+00:00
urgent!!,"Hello, The Zapier connection keeps disconnecting and needs re-authorising daily. This started yesterday. Quite urgent for us, deadline is tomorrow. Regards, Riya",riya.bose70@example.com,closed,integrations,high,Integrations,Sana Khan,4,0,0,2026-08-15T12:41:43.951004+00:00,2026-08-15T13:47:38.150047+00:00,2026-08-15T18:41:27.734336+00:00
Dashboard stuck on loading spinner,"Hi, The dashboard never finishes loading, it just shows the spinner forever. Happy to share screenshots if needed. I already tried restarting everything. It is annoying but we can work around it. Thanks, Karan",karan.reddy54@example.com,closed,technical,medium,Tech Support,Ananya Das,9,1,0,2026-08-15T13:44:17.823797+00:00,2026-08-15T16:36:58.912298+00:00,2026-08-15T21:24:46.408717+00:00
Unexpected charge on my account,"There is a charge of $29 on my statement that I do not recognise. This has happened more than once now. This started yesterday. Quite urgent for us, deadline is tomorrow. Thanks in advance.",priya.jain67@example.com,resolved,billing,high,Billing Support,Aarav Sharma,10,3,0,2026-08-15T13:46:54.473381+00:00,2026-08-15T16:50:47.590314+00:00,2026-08-15T21:38:47.508014+00:00
delete my account and data,please delete my account and all my personal data permanently. this has happened more than once now. would appreciate help this week.,karan.singh30@example.com,closed,account,medium,Account Security,Rohan Verma,12,2,0,2026-08-15T14:11:27.384774+00:00,2026-08-15T17:28:07.927636+00:00,2026-08-15T19:50:39.441464+00:00
Need to change delivery address,"Good morning, I entered the wrong address for order #259652 and need to change it. It is annoying but we can work around it. Please help.",amit.kumar30@example.com,resolved,shipping,medium,Logistics,Arjun Mehta,9,5,0,2026-08-15T14:24:32.825167+00:00,2026-08-15T17:07:50.447513+00:00,2026-08-15T22:32:21.511322+00:00
do you offer student discounts,"hello, do you offer any discount for students or non-profit organisations? happy to share screenshots if needed. using version 3.4.0 on windows 11. need this fixed today please. thanks in advance.",karan.kapoor63@example.com,closed,general,high,General Support,Tara Joshi,11,3,0,2026-08-15T15:18:41.698351+00:00,2026-08-15T16:21:56.283723+00:00,2026-08-15T21:46:57.235122+00:00
Charged twice for my subscription,"Hi team, I was charged $19 twice for my Business plan this month. I already tried restarting everything. This is blocking our entire team in production.",pooja.reddy62@example.com,closed,billing,urgent,Billing Support,Aarav Sharma,9,7,0,2026-08-15T15:47:49.644171+00:00,2026-08-15T16:15:07.058366+00:00,2026-08-15T19:38:13.822572+00:00
Slow performance since last update,"Hi team, Everything has become very slow since the last update, pages take ages to open. It is annoying but we can work around it. Thanks in advance.",priya.bose9@example.com,closed,technical,medium,Tech Support,Vihaan Gupta,10,2,0,2026-08-15T15:55:08.842425+00:00,2026-08-15T17:01:46.219771+00:00,2026-08-16T00:41:18.924139+00:00
Getting error 500 on upload,"Hi, Uploading any file fails with an error 500 message. This has happened more than once now. Just whenever you get time. Regards, Riya",riya.kapoor56@example.com,closed,technical,low,Tech Support,Kabir Singh,8,5,0,2026-08-15T16:28:11.108020+00:00,2026-08-17T16:24:29.434738+00:00,2026-08-18T04:38:17.428298+00:00
Webhook deliveries failing,Webhook deliveries to our endpoint keep failing and events are missing. This has happened more than once now. This is affecting several of our users. Thanks in advance.,amit.singh49@example.com,closed,integrations,high,Integrations,Neil Fernandes,8,0,0,2026-08-15T17:01:36.786598+00:00,2026-08-16T03:58:39.008275+00:00,2026-08-16T10:51:48.222299+00:00
Getting error 500 on upload,Uploading any file fails with an error 500 message. This has happened more than once now. I already tried restarting everything. Would appreciate help this week. Thanks in advance.,pooja.mishra58@example.com,closed,technical,medium,Tech Support,Ananya Das,9,4,0,2026-08-15T17:03:08.767088+00:00,2026-08-16T06:44:34.489920+00:00,2026-08-16T08:08:02.904951+00:00
Need GST invoice for last month,I need a GST invoice for my Business subscription for our accounting. It is annoying but we can work around it. Thanks in advance.,neha.singh21@example.com,closed,billing,medium,Billing Support,Meera Iyer,11,5,0,2026-08-15T17:17:07.667288+00:00,2026-08-15T23:43:12.604597+00:00,2026-08-16T00:33:24.951450+00:00
Slow performance since last update,"Hi, Everything has become very slow since the last update, pages take ages to open. Would appreciate help this week. Thanks in advance.",rahul.jain45@example.com,resolved,technical,medium,Tech Support,Vihaan Gupta,7,1,0,2026-08-15T17:27:32.368451+00:00,2026-08-16T02:18:41.823076+00:00,2026-08-16T04:39:56.543968+00:00
Unexpected charge on my account,it is not working please check,priya.singh52@example.com,resolved,billing,medium,Billing Support,Aarav Sharma,7,5,0,2026-08-15T21:32:27.266871+00:00,2026-08-16T02:15:32.145581+00:00,2026-08-16T07:17:21.590148+00:00
Files not syncing across devices,"My files are not syncing between my laptop and my phone anymore. Would appreciate help this week. Regards, Sneha",sneha.patel3@example.com,closed,technical,medium,Tech Support,Vihaan Gupta,4,7,0,2026-08-16T09:21:15.601820+00:00,2026-08-16T15:02:55.998256+00:00,2026-08-16T17:24:17.207659+00:00
Feedback on the new interface,"Hi team, I wanted to share some feedback about the new interface layout. Happy to share screenshots if needed. No rush at all.",vikram.kumar81@example.com,closed,general,low,General Support,Tara Joshi,7,3,0,2026-08-16T09:26:17.214950+00:00,2026-08-16T12:41:23.438656+00:00,2026-08-16T16:17:28.765946+00:00
Question about enterprise pricing,"Hello, Could you share pricing details for the enterprise plan for about 200 seats? This started yesterday. It is annoying but we can work around it. Thanks, Amit",amit.bose70@example.com,closed,general,medium,General Support,Tara Joshi,10,4,0,2026-08-16T09:40:05.390536+00:00,2026-08-16T10:51:17.417746+00:00,2026-08-16T18:44:25.889205+00:00
Two-factor codes not working,"Good morning, My authenticator codes are rejected every time I try to sign in. Just whenever you get time. Thanks, Sneha",sneha.jain97@example.com,closed,account,low,Account Security,Ishita Rao,10,2,0,2026-08-16T09:48:53.971312+00:00,2026-08-16T22:48:33.454825+00:00,2026-08-17T01:22:33.325852+00:00
Getting error 500 on upload,"Hello, Uploading any file fails with an error 500 message. It is annoying but we can work around it. Regards, Sneha",sneha.kapoor73@example.com,closed,technical,medium,Tech Support,Kabir Singh,9,3,1,2026-08-16T10:17:33.958819+00:00,2026-08-16T12:14:31.047606+00:00,2026-08-16T15:38:28.252055+00:00
Webhook deliveries failing,"Hi team, Webhook deliveries to our endpoint keep failing and events are missing. This is blocking our entire team in production. Thanks, Pooja",pooja.reddy65@example.com,closed,integrations,urgent,Integrations,Neil Fernandes,5,3,0,2026-08-16T10:24:32.322066+00:00,2026-08-16T10:58:31.243804+00:00,2026-08-16T23:41:49.503682+00:00
Slack integration stopped posting,"Hello, Our Slack integration stopped posting notifications to the channel. This started yesterday. Using version 3.9.2 on macOS. Quite urgent for us, deadline is tomorrow. Thanks, Sneha",sneha.kapoor82@example.com,closed,integrations,high,Integrations,Sana Khan,9,0,0,2026-08-16T10:32:34.603054+00:00,2026-08-16T12:36:11.595013+00:00,2026-08-16T14:03:05.061455+00:00
Unknown login from another country,something is wrong with my account,rahul.yadav51@example.com,closed,account,medium,Account Security,Rohan Verma,10,6,0,2026-08-16T10:49:53.149810+00:00,2026-08-16T17:25:16.495025+00:00,2026-08-16T20:09:43.859125+00:00
Dashboard stuck on loading spinner,"Good morning, The dashboard never finishes loading, it just shows the spinner forever. Happy to share screenshots if needed. This has happened more than once now. Would appreciate help this week. Thanks, Vikram",vikram.mishra77@example.com,closed,technical,medium,Tech Support,Ananya Das,7,5,0,2026-08-16T11:19:02.782050+00:00,2026-08-16T12:24:16.310861+00:00,2026-08-16T12:53:20.596081+00:00
Webhook deliveries failing,Webhook deliveries to our endpoint keep failing and events are missing. This is affecting several of our users. Thanks in advance.,karan.mishra16@example.com,closed,integrations,high,Integrations,Sana Khan,13,3,0,2026-08-16T11:27:44.876512+00:00,2026-08-16T15:13:37.549647+00:00,2026-08-17T03:05:29.491602+00:00
help,"Our Slack integration stopped posting notifications to the channel. Happy to share screenshots if needed. Not urgent, low priority for me. Please help.",pooja.bose63@example.com,closed,integrations,low,Integrations,Neil Fernandes,10,4,0,2026-08-16T11:48:46.782400+00:00,2026-08-16T17:13:29.411634+00:00,2026-08-16T20:15:37.632024+00:00
Rate limit errors on API,We are hitting 429 rate limit errors on the API even with low traffic. I already tried restarting everything. Using version 4.8.1 on Android. Critical: our live system is affected.,vikram.jain55@example.com,closed,integrations,urgent,Integrations,Neil Fernandes,14,4,0,2026-08-16T12:09:59.897489+00:00,2026-08-16T13:11:18.911175+00:00,2026-08-16T15:24:08.594080+00:00
Slow performance since last update,"Good morning, Everything has become very slow since the last update, pages take ages to open. Need this fixed today please.",karan.kapoor68@example.com,closed,technical,high,Tech Support,Ananya Das,14,0,0,2026-08-16T12:31:36.904232+00:00,2026-08-16T14:30:43.413505+00:00,2026-08-16T15:09:33.049515+00:00
Dashboard stuck on loading spinner,"Hi team, The dashboard never finishes loading, it just shows the spinner forever. Would appreciate help this week. Thanks, Priya",priya.patel54@example.com,resolved,technical,medium,Tech Support,Vihaan Gupta,12,2,0,2026-08-16T13:02:56.172184+00:00,2026-08-16T20:53:17.390236+00:00,2026-08-16T23:17:58.880224+00:00
Password reset email never arrives,"Hello, I requested a password reset three times but no email has arrived. Would appreciate help this week. Regards, Priya",priya.yadav59@example.com,closed,account,medium,Account Security,Ishita Rao,9,4,0,2026-08-16T14:38:58.013264+00:00,2026-08-16T17:27:32.206877+00:00,2026-08-17T09:27:07.997231+00:00
Damaged product on arrival,"The product from order #386534 arrived with a broken screen. I already tried restarting everything. This has happened more than once now. This is affecting several of our users. Regards, Riya",riya.shah41@example.com,closed,shipping,high,Logistics,Diya Nair,5,4,0,2026-08-16T15:01:51.979851+00:00,2026-08-16T16:21:58.583904+00:00,2026-08-16T18:33:59.833198+00:00
Tracking link shows no updates,"Good morning, The tracking link for order #156852 has not shown any update for days. Happy to share screenshots if needed. It is annoying but we can work around it. Regards, Neha",neha.jain80@example.com,closed,shipping,medium,Logistics,Diya Nair,9,2,0,2026-08-16T15:03:10.648120+00:00,2026-08-16T21:22:55.728014+00:00,2026-08-17T14:46:50.376109+00:00
Refund for cancelled plan,"Good morning, I cancelled my Starter subscription last week and have not received the refund. Would appreciate help this week. Thanks in advance.",riya.jain62@example.com,closed,billing,medium,Billing Support,Aarav Sharma,10,6,0,2026-08-16T15:21:45.915216+00:00,2026-08-16T22:13:21.705063+00:00,2026-08-17T00:43:07.903924+00:00
Delete my account and data,"Hi team, Please delete my account and all my personal data permanently. Using version 4.6.0 on iPhone. Would appreciate help this week. Thanks, Neha",neha.jain99@example.com,resolved,account,medium,Account Security,Rohan Verma,7,5,0,2026-08-16T15:50:19.803469+00:00,2026-08-17T13:36:17.228428+00:00,2026-08-17T19:08:10.788449+00:00
Webhook deliveries failing,"Hi team, Webhook deliveries to our endpoint keep failing and events are missing. Using version 4.8.3 on iPhone. Critical: our live system is affected.",pooja.kumar16@example.com,closed,integrations,urgent,Integrations,Sana Khan,12,0,0,2026-08-16T15:53:52.132915+00:00,2026-08-16T16:25:13.413555+00:00,2026-08-16T20:37:45.955315+00:00
Feedback on the new interface,"I wanted to share some feedback about the new interface layout. Not urgent, low priority for me. Regards, Sneha",sneha.yadav92@example.com,closed,general,low,General Support,Tara Joshi,9,3,0,2026-08-16T16:31:24.084543+00:00,2026-08-17T02:57:21.821318+00:00,2026-08-17T15:48:54.250114+00:00
mobile app freezes on startup,"good morning, the mobile app freezes on the splash screen right after launch. using version 3.3.1 on iphone. this has happened more than once now. it is annoying but we can work around it.",neha.kapoor11@example.com,resolved,technical,medium,Tech Support,Kabir Singh,9,7,0,2026-08-16T16:33:43.653452+00:00,2026-08-16T21:41:18.957658+00:00,2026-08-17T07:34:51.345190+00:00
Wrong item received,"Good morning, I received the wrong item in order #197429, this is not what I ordered. This has happened more than once now. Not urgent, low priority for me.",aditya.jain58@example.com,closed,shipping,low,Logistics,Arjun Mehta,14,5,0,2026-08-16T16:49:17.864852+00:00,2026-08-17T00:19:47.034341+00:00,2026-08-17T10:50:49.430798+00:00
help,"hi, the app crashes every time i try to export a report to csv. happy to share screenshots if needed. would appreciate help this week. please help.",rahul.jain73@example.com,closed,technical,medium,Tech Support,Vihaan Gupta,9,3,0,2026-08-16T16:49:29.081202+00:00,2026-08-16T18:22:49.588029+00:00,2026-08-16T22:26:22.694426+00:00
Need GST invoice for last month,I need a GST invoice for my Business subscription for our accounting. This started yesterday. I already tried restarting everything. This is blocking our entire team in production. Thanks in advance.,sneha.reddy54@example.com,resolved,billing,urgent,Billing Support,Meera Iyer,13,1,0,2026-08-16T17:08:53.669295+00:00,2026-08-16T17:28:36.035070+00:00,2026-08-17T09:59:30.901973+00:00
Unknown login from another country,"Good morning, I got an alert about a login from a country I have never visited. Would appreciate help this week.",vikram.singh86@example.com,resolved,account,medium,Account Security,Rohan Verma,10,3,1,2026-08-16T17:41:33.627612+00:00,2026-08-16T22:08:45.118936+00:00,2026-08-17T05:02:34.166228+00:00
Invoice shows wrong amount,"Hello, The invoice for Team shows $29 but I expected a lower amount. I already tried restarting everything. This has happened more than once now. Quite urgent for us, deadline is tomorrow. Thanks, Rahul",rahul.kumar93@example.com,closed,billing,high,Billing Support,Aarav Sharma,6,5,0,2026-08-16T22:48:59.430977+00:00,2026-08-17T04:16:46.906161+00:00,2026-08-17T07:00:55.938034+00:00
Feedback on the new interface,something is wrong with my account,sneha.reddy45@example.com,closed,general,low,General Support,Tara Joshi,2,3,0,2026-08-17T02:22:37.032139+00:00,2026-08-17T13:43:11.343051+00:00,2026-08-17T15:28:21.929181+00:00
Dashboard stuck on loading spinner,"Hello, The dashboard never finishes loading, it just shows the spinner forever. Happy to share screenshots if needed. I already tried restarting everything. Need this fixed today please. Please help.",pooja.yadav41@example.com,closed,technical,high,Tech Support,Vihaan Gupta,4,4,0,2026-08-17T02:23:12.691938+00:00,2026-08-17T04:52:19.081414+00:00,2026-08-17T08:09:54.746547+00:00
Unknown login from another country,"Hi, I got an alert about a login from a country I have never visited. This started yesterday. This has happened more than once now. Quite urgent for us, deadline is tomorrow. Thanks, Karan",karan.patel78@example.com,resolved,account,high,Account Security,Ishita Rao,11,3,0,2026-08-17T09:39:47.327195+00:00,2026-08-17T10:46:35.627422+00:00,2026-08-17T15:47:33.825247+00:00
Account locked after failed attempts,"Hi team, My account got locked after a few failed logins and I cannot get back in. Would appreciate help this week. Regards, Karan",karan.kapoor89@example.com,closed,account,medium,Account Security,Ishita Rao,9,3,0,2026-08-17T09:59:38.752061+00:00,2026-08-17T11:44:00.185747+00:00,2026-08-17T12:58:34.231569+00:00
feature request: dark mode,"hello, it would be great to have a dark mode option in the app. happy to share screenshots if needed. this has happened more than once now. just whenever you get time. thanks, aditya",aditya.kapoor11@example.com,resolved,general,low,General Support,Tara Joshi,12,4,0,2026-08-17T11:09:18.707471+00:00,2026-08-17T23:45:10.676730+00:00,2026-08-18T02:45:30.717628+00:00
App crashes when exporting report,"Good morning, The app crashes every time I try to export a report to CSV. This has happened more than once now. Using version 4.9.3 on Windows 11. Quite urgent for us, deadline is tomorrow.",pooja.reddy1@example.com,resolved,technical,high,Tech Support,Kabir Singh,8,4,1,2026-08-17T12:22:48.060866+00:00,2026-08-17T14:12:34.136671+00:00,2026-08-17T18:15:51.637747+00:00
Order still not delivered,"Hi team, My order #772838 was supposed to arrive last week and still has not been delivered. I already tried restarting everything. Need this fixed today please.",neha.patel95@example.com,closed,shipping,high,Logistics,Diya Nair,12,2,0,2026-08-17T12:45:13.692652+00:00,2026-08-17T19:15:03.145265+00:00,2026-08-17T23:58:46.038479+00:00
Two-factor codes not working,"Good morning, My authenticator codes are rejected every time I try to sign in. Just whenever you get time. Thanks in advance.",priya.reddy33@example.com,resolved,account,low,Account Security,Rohan Verma,6,3,0,2026-08-17T14:06:59.257445+00:00,2026-08-17T22:05:08.929852+00:00,2026-08-18T00:05:58.957541+00:00
Mobile app freezes on startup,"Hello, The mobile app freezes on the splash screen right after launch. Would appreciate help this week. Thanks in advance.",riya.yadav27@example.com,closed,technical,medium,Tech Support,Ananya Das,10,3,0,2026-08-17T14:36:44.975049+00:00,2026-08-17T19:44:25.112683+00:00,2026-08-18T03:22:56.264733+00:00
Rate limit errors on API,"Hi team, We are hitting 429 rate limit errors on the API even with low traffic. This started yesterday. Happy to share screenshots if needed. Quite urgent for us, deadline is tomorrow. Thanks, Pooja",pooja.reddy30@example.com,closed,integrations,high,Integrations,Neil Fernandes,13,2,0,2026-08-17T14:42:05.579045+00:00,2026-08-17T17:20:00.919847+00:00,2026-08-17T23:04:57.263862+00:00
API key returns 401 unauthorized,"Good morning, Our API key returns 401 unauthorized on every request since this morning. This started yesterday. I already tried restarting everything. Would appreciate help this week.",amit.singh62@example.com,closed,integrations,medium,Integrations,Neil Fernandes,10,2,0,2026-08-17T14:59:54.897255+00:00,2026-08-17T17:17:32.401093+00:00,2026-08-17T21:38:39.128349+00:00
Need to change delivery address,"Hi team, I entered the wrong address for order #333726 and need to change it. I already tried restarting everything. Happy to share screenshots if needed. This is affecting several of our users. Thanks in advance.",karan.bose10@example.com,closed,shipping,high,Logistics,Diya Nair,9,4,1,2026-08-17T15:51:52.888351+00:00,2026-08-17T19:19:55.864896+00:00,2026-08-18T01:17:02.340767+00:00
Account locked after failed attempts,"Good morning, My account got locked after a few failed logins and I cannot get back in. Need this fixed today please. Regards, Pooja",pooja.kapoor54@example.com,closed,account,high,Account Security,Ishita Rao,4,6,0,2026-08-17T16:41:06.572070+00:00,2026-08-17T20:07:40.337807+00:00,2026-08-17T22:52:44.208742+00:00
Feature request: dark mode,"Hi team, It would be great to have a dark mode option in the app. This has happened more than once now. It is annoying but we can work around it. Thanks in advance.",riya.bose13@example.com,closed,general,medium,General Support,Tara Joshi,12,5,0,2026-08-17T17:05:13.106179+00:00,2026-08-17T17:56:00.776733+00:00,2026-08-17T21:30:00.293465+00:00
Getting error 500 on upload,"Hello, Uploading any file fails with an error 500 message. I already tried restarting everything. Would appreciate help this week.",riya.kapoor46@example.com,closed,technical,medium,Tech Support,Kabir Singh,8,3,0,2026-08-17T17:40:10.296885+00:00,2026-08-17T21:11:40.189841+00:00,2026-08-17T23:16:44.425187+00:00
Dashboard stuck on loading spinner,"Good morning, The dashboard never finishes loading, it just shows the spinner forever. Quite urgent for us, deadline is tomorrow.",rahul.mishra81@example.com,closed,technical,high,Tech Support,Kabir Singh,9,3,0,2026-08-18T00:26:24.569229+00:00,2026-08-18T02:51:46.799060+00:00,2026-08-18T17:11:54.822709+00:00
Slow performance since last update,"Good morning, Everything has become very slow since the last update, pages take ages to open. This started yesterday. It is annoying but we can work around it. Regards, Neha",neha.shah58@example.com,resolved,technical,medium,Tech Support,Vihaan Gupta,0,4,0,2026-08-18T01:07:21.419326+00:00,2026-08-18T02:55:07.091297+00:00,2026-08-18T04:22:14.342226+00:00
Refund for cancelled plan,"I cancelled my Business subscription last week and have not received the refund. This started yesterday. No rush at all. Regards, Karan",karan.mishra50@example.com,closed,billing,low,Billing Support,Meera Iyer,10,3,0,2026-08-18T05:08:28.658914+00:00,2026-08-18T13:02:07.114348+00:00,2026-08-18T16:05:10.054233+00:00
Delete my account and data,"Good morning, Please delete my account and all my personal data permanently. This has happened more than once now. Need this fixed today please. Please help.",aditya.patel62@example.com,closed,account,high,Account Security,Ishita Rao,9,4,0,2026-08-18T09:20:23.371119+00:00,2026-08-18T09:45:53.508720+00:00,2026-08-18T12:42:36.024427+00:00
Getting error 500 on upload,"Hi team, Uploading any file fails with an error 500 message. Using version 3.5.0 on Windows 11. This has happened more than once now. Quite urgent for us, deadline is tomorrow. Thanks in advance.",vikram.jain70@example.com,closed,technical,high,Tech Support,Vihaan Gupta,16,3,0,2026-08-18T09:33:04.368062+00:00,2026-08-18T10:13:12.338795+00:00,2026-08-18T12:25:32.297134+00:00
Two-factor codes not working,"My authenticator codes are rejected every time I try to sign in. Using version 4.7.0 on Ubuntu. This is affecting several of our users. Thanks, Sneha",sneha.reddy74@example.com,resolved,account,high,Account Security,Rohan Verma,8,7,0,2026-08-18T10:01:37.343224+00:00,2026-08-18T15:33:55.705851+00:00,2026-08-18T18:05:41.653573+00:00
Invoice shows wrong amount,"Good morning, The invoice for Starter shows $19 but I expected a lower amount. Using version 3.6.0 on Ubuntu. It is annoying but we can work around it. Thanks in advance.",karan.bose64@example.com,closed,billing,medium,Billing Support,Aarav Sharma,8,3,0,2026-08-18T10:06:57.592451+00:00,2026-08-19T13:04:20.809488+00:00,2026-08-19T15:24:16.940768+00:00
Files not syncing across devices,"My files are not syncing between my laptop and my phone anymore. Using version 3.0.0 on Android. Happy to share screenshots if needed. Not urgent, low priority for me. Please help.",amit.shah52@example.com,closed,technical,low,Tech Support,Ananya Das,9,3,0,2026-08-18T10:32:26.830364+00:00,2026-08-18T16:18:29.545325+00:00,2026-08-19T00:46:13.311531+00:00
Do you offer student discounts,"Hi team, Do you offer any discount for students or non-profit organisations? Would appreciate help this week. Please help.",neha.singh39@example.com,resolved,general,medium,General Support,Tara Joshi,6,1,0,2026-08-18T11:30:47.992158+00:00,2026-08-18T19:11:36.525213+00:00,2026-08-18T23:37:47.253929+00:00
Getting error 500 on upload,"Hi team, Uploading any file fails with an error 500 message. It is annoying but we can work around it.",vikram.yadav87@example.com,closed,technical,medium,Tech Support,Ananya Das,7,1,0,2026-08-18T11:31:07.619428+00:00,2026-08-18T14:23:04.300751+00:00,2026-08-18T20:42:54.077306+00:00
Order still not delivered,"Hello, My order #794799 was supposed to arrive last week and still has not been delivered. Quite urgent for us, deadline is tomorrow. Thanks in advance.",vikram.kumar76@example.com,closed,shipping,high,Logistics,Diya Nair,6,5,0,2026-08-18T13:04:34.621640+00:00,2026-08-18T15:40:27.681732+00:00,2026-08-18T16:44:36.887765+00:00
need assistance,"Good morning, I need a GST invoice for my Team subscription for our accounting. Using version 3.0.1 on macOS. This has happened more than once now. We are losing customers every minute, need help ASAP! Thanks, Neha",neha.mishra81@example.com,resolved,billing,urgent,Billing Support,Meera Iyer,12,3,0,2026-08-18T13:44:19.263441+00:00,2026-08-18T15:16:20.667379+00:00,2026-08-18T19:42:23.661346+00:00
Account locked after failed attempts,"Hello, My account got locked after a few failed logins and I cannot get back in. It is annoying but we can work around it.",rahul.mishra14@example.com,closed,account,medium,Account Security,Ishita Rao,7,3,0,2026-08-18T14:08:03.468540+00:00,2026-08-18T17:20:49.774907+00:00,2026-08-19T06:27:16.317962+00:00
Dashboard stuck on loading spinner,"Good morning, The dashboard never finishes loading, it just shows the spinner forever. Critical: our live system is affected.",sneha.kapoor36@example.com,resolved,technical,urgent,Tech Support,Vihaan Gupta,11,6,0,2026-08-18T14:20:04.249037+00:00,2026-08-18T15:12:59.205843+00:00,2026-08-18T16:18:32.896548+00:00
Wrong item received,I need help with this as soon as possible,pooja.jain3@example.com,closed,shipping,low,Logistics,Arjun Mehta,7,1,0,2026-08-18T14:27:30.794739+00:00,2026-08-19T16:54:19.125237+00:00,2026-08-19T20:56:43.757658+00:00
Card declined but money deducted,"Hi, My card was declined at checkout but $29 still left my bank account. Happy to share screenshots if needed. I already tried restarting everything. This is affecting several of our users. Thanks in advance.",riya.jain82@example.com,closed,billing,high,Billing Support,Meera Iyer,8,5,0,2026-08-18T15:10:45.203467+00:00,2026-08-18T20:50:21.118379+00:00,2026-08-18T23:41:49.227333+00:00
Webhook deliveries failing,"Hello, Webhook deliveries to our endpoint keep failing and events are missing. Using version 4.2.2 on Windows 11. Happy to share screenshots if needed. Would appreciate help this week. Thanks, Priya",priya.singh23@example.com,closed,integrations,medium,Integrations,Neil Fernandes,11,5,0,2026-08-18T16:12:48.136656+00:00,2026-08-18T20:19:03.537554+00:00,2026-08-19T04:14:19.955578+00:00
Looking for a data processing agreement,"Hi team, Can you send us your standard data processing agreement? Using version 3.5.3 on Android. It is annoying but we can work around it.",vikram.patel4@example.com,closed,general,medium,General Support,Tara Joshi,11,2,0,2026-08-18T16:22:36.096147+00:00,2026-08-18T18:09:43.458546+00:00,2026-08-18T22:20:46.893445+00:00
Unknown login from another country,"Good morning, I got an alert about a login from a country I have never visited. Quite urgent for us, deadline is tomorrow. Thakns, Rahul",rahul.singh13@example.com,closed,account,high,Account Security,Ishita Rao,11,5,0,2026-08-18T16:45:49.851753+00:00,2026-08-18T20:14:25.064499+00:00,2026-08-18T23:50:49.412371+00:00
Getting error 500 on upload,"Good morning, Uploading any file fails with an error 500 message. Critical: our live system is affected.",vikram.patel31@example.com,closed,technical,urgent,Tech Support,Ananya Das,8,3,0,2026-08-18T17:03:29.988914+00:00,2026-08-18T17:20:21.961160+00:00,2026-08-18T18:25:13.804098+00:00
Need to change delivery address,"Good morning, I entered the wrong address for order #649526 and need to change it. Using version 3.9.2 on Android. This started yesterday. Would appreciate help this week.",vikram.reddy85@example.com,resolved,shipping,medium,Logistics,Diya Nair,12,3,0,2026-08-18T17:47:40.584328+00:00,2026-08-18T20:12:10.819239+00:00,2026-08-19T04:06:12.135116+00:00
Zapier connection keeps disconnecting,"Hello, The Zapier connection keeps disconnecting and needs re-authorising daily. This started yesterday. Need this fixed today please. Thanks, Rahul",rahul.mishra66@example.com,closed,integrations,high,Integrations,Sana Khan,5,3,0,2026-08-18T19:54:32.853993+00:00,2026-08-18T23:11:09.478208+00:00,2026-08-19T06:44:53.618583+00:00
Account locked after failed attempts,"Hello, My account got locked after a few failed logins and I cannot get back in. Quite urgent for us, deadline is tomorrow. Regards, Riya",riya.reddy90@example.com,closed,account,high,Account Security,Rohan Verma,5,6,1,2026-08-19T03:40:12.043682+00:00,2026-08-19T04:15:45.919297+00:00,2026-08-20T02:01:05.007358+00:00
Webhook deliveries failing,"Hi, Webhook deliveries to our endpoint keep failing and events are missing. This started yesterday. Critical: our live system is affected. Regards, Riya",riya.jain94@example.com,closed,integrations,urgent,Integrations,Sana Khan,2,5,0,2026-08-19T03:41:05.587618+00:00,2026-08-19T04:11:19.212286+00:00,2026-08-19T15:19:24.978479+00:00
Password reset email never arrives,"Hi, I requested a password reset three times but no email has arrived. This started yesterday. It is annoying but we can work around it. Thanks in advance.",riya.shah48@example.com,closed,account,medium,Account Security,Ishita Rao,7,2,0,2026-08-19T05:56:38.390897+00:00,2026-08-19T07:23:07.008104+00:00,2026-08-19T11:23:08.499253+00:00
salesforce sync duplicates contacts,"hi, the salesforce sync keeps creating duplicate contacts in our crm. need this fixed today please.",aditya.bose99@example.com,resolved,integrations,high,Integrations,Sana Khan,8,4,0,2026-08-19T06:34:47.638268+00:00,2026-08-19T14:55:42.454897+00:00,2026-08-19T18:48:26.687282+00:00
Refund for cancelled plan,"Hello, I cancelled my Starter subscription last week and have not received the refund. Not urgent, low priority for me. Thanks in advance.",karan.reddy76@example.com,resolved,billing,low,Billing Support,Aarav Sharma,7,1,0,2026-08-19T08:08:27.596290+00:00,2026-08-19T22:25:48.105790+00:00,2026-08-20T21:44:51.666387+00:00
Refund for cancelled plan,it is not working please check,rahul.reddy22@example.com,closed,billing,medium,Billing Support,Aarav Sharma,7,7,0,2026-08-19T09:05:30.740147+00:00,2026-08-19T18:46:32.733709+00:00,2026-08-19T20:34:49.158489+00:00
Package marked delivered but missing,"Hello, Tracking says order #286049 was delivered but nothing is at my door. This started yesterday. I already tried restarting everything. It is annoying but we can work around it. Please help.",sneha.kapoor27@example.com,resolved,shipping,medium,Logistics,Diya Nair,6,4,0,2026-08-19T10:12:45.149249+00:00,2026-08-19T13:39:21.599563+00:00,2026-08-19T19:17:44.183535+00:00
Slack integration stopped posting,"Good morning, Our Slack integration stopped posting notifications to the channel. This has happened more than once now. Happy to share screenshots if needed. It is annoying but we can work around it. Regards, Pooja",pooja.yadav68@example.com,closed,integrations,medium,Integrations,Sana Khan,9,5,0,2026-08-19T10:23:02.133589+00:00,2026-08-19T13:12:33.891969+00:00,2026-08-19T14:25:44.550135+00:00
damaged product on arrival,"the proudct from order #516359 arrived with a broken screen. this has happened more than once now. it is annoying but we can work around it. thanks, neha",neha.kumar38@example.com,resolved,shipping,medium,Logistics,Diya Nair,3,3,0,2026-08-19T10:33:00.969161+00:00,2026-08-19T12:09:35.761690+00:00,2026-08-19T14:38:32.509503+00:00
Feedback on the new interface,"Hi team, I wanted to share some feedback about the new interface layout. This started yesterday. Happy to share screenshots if needed. Just whenever you get time. Regards, Priya",priya.mishra43@example.com,closed,general,low,General Support,Tara Joshi,6,5,0,2026-08-19T10:39:27.800726+00:00,2026-08-19T12:51:08.597995+00:00,2026-08-19T17:23:53.203449+00:00
Zapier connection keeps disconnecting,"Hi, The Zapier connection keeps disconnecting and needs re-authorising daily. Would appreciate help this week. Thanks, Vikram",vikram.yadav63@example.com,resolved,integrations,medium,Integrations,Sana Khan,9,1,0,2026-08-19T11:03:26.234022+00:00,2026-08-19T13:27:41.701351+00:00,2026-08-19T15:59:25.798684+00:00
Slack integration stopped posting,"Hello, Our Slack integration stopped posting notifications to the channel. This is blocking our entire team in production. Please help.",pooja.bose99@example.com,closed,integrations,urgent,Integrations,Neil Fernandes,9,4,0,2026-08-19T11:17:05.533879+00:00,2026-08-19T11:55:20.099752+00:00,2026-08-19T15:22:20.353465+00:00
Slack integration stopped posting,"Our Slack integration stopped posting notifications to the channel. I already tried restarting everything. It is annoying but we can work around it. Thanks, Sneha",sneha.kumar99@example.com,closed,integrations,medium,Integrations,Sana Khan,12,5,0,2026-08-19T11:44:56.084843+00:00,2026-08-19T12:33:44.881638+00:00,2026-08-19T17:18:38.177361+00:00
Can't log in to my account,"Hi team, I cannot log in even though I am sure my password is correct. This is affecting several of our users. Please help.",amit.jain87@example.com,closed,account,high,Account Security,Ishita Rao,16,1,0,2026-08-19T12:01:42.612087+00:00,2026-08-19T14:14:20.347889+00:00,2026-08-19T15:57:02.889769+00:00
slow performance since last update,"hi, everything has become very slow since the last update, pages take ages to open. this started yesterday. happy to share screenshots if needed. it is annoying but we can work around it.",riya.mishra74@example.com,resolved,technical,medium,Tech Support,Vihaan Gupta,5,2,0,2026-08-19T12:02:49.822942+00:00,2026-08-19T13:43:22.642244+00:00,2026-08-19T16:57:12.922666+00:00
Card declined but money deducted,"Hi team, My card was declined at checkout but $29 still left my bank account. I already tried restarting everything. No rush at all. Thanks in advance.",karan.mishra60@example.com,closed,billing,low,Billing Support,Meera Iyer,11,3,0,2026-08-19T12:18:39.087884+00:00,2026-08-19T17:41:40.376595+00:00,2026-08-19T18:40:15.926517+00:00
Dashboard stuck on loading spinner,"Hello, The dashboard never finishes loading, it just shows the spinner forever. This has happened more than once now. I already tried restarting everything. Would appreciate help this week. Please help.",neha.shah37@example.com,closed,technical,medium,Tech Support,Kabir Singh,6,5,0,2026-08-19T12:27:12.498311+00:00,2026-08-19T23:04:49.604584+00:00,2026-08-20T00:15:05.439394+00:00
Slow performance since last update,"Hello, Everything has become very slow since the last update, pages take ages to open. It is annoying but we can work around it. Thanks, Rahul",rahul.jain4@example.com,resolved,technical,medium,Tech Support,Ananya Das,8,4,0,2026-08-19T12:38:25.172995+00:00,2026-08-19T16:39:33.370095+00:00,2026-08-19T20:35:11.806273+00:00
issue,"could you share pricing details for the enterprise plan for about 200 seats? this has happened more than once now. not urgent, low priority for me. thanks, amit",amit.shah35@example.com,closed,general,low,General Support,Tara Joshi,7,6,0,2026-08-19T13:15:49.312133+00:00,2026-08-20T11:20:47.223941+00:00,2026-08-20T17:14:35.228217+00:00
Looking for a data processing agreement,"Hi, Can you send us your standard data processing agreement? Would appreciate help this week. Please help.",pooja.kumar14@example.com,closed,shipping,medium,Logistics,Arjun Mehta,5,2,0,2026-08-19T13:46:17.699883+00:00,2026-08-19T15:28:17.723798+00:00,2026-08-19T17:56:20.516381+00:00
Do you offer student discounts,"Good morning, Do you offer any discount for students or non-profit organisations? Happy to share screenshots if needed. This has happened more than once now. Quite urgent for us, deadline is tomorrow. Please help.",sneha.patel37@example.com,closed,general,high,General Support,Tara Joshi,7,6,0,2026-08-19T13:48:55.010790+00:00,2026-08-19T16:48:51.851090+00:00,2026-08-19T18:02:31.485822+00:00
Password reset email never arrives,I requested a password reset three times but no email has arrived. This started yesterday. This has happened more than once now. It is annoying but we can work around it. Please help.,neha.kapoor98@example.com,closed,account,medium,Account Security,Rohan Verma,8,5,0,2026-08-19T14:04:03.942779+00:00,2026-08-19T20:52:31.596204+00:00,2026-08-19T22:09:56.759092+00:00
Files not syncing across devices,"Good morning, My files are not syncing between my laptop and my phone anymore. It is annoying but we can work around it. Thanks in advance.",amit.bose3@example.com,closed,technical,medium,Tech Support,Kabir Singh,13,5,0,2026-08-19T15:28:17.656405+00:00,2026-08-20T00:46:44.075508+00:00,2026-08-20T01:50:12.133559+00:00
Getting error 500 on upload,Uploading any file fails with an error 500 message. I already tried restarting everything. Happy to share screenshots if needed. No rush at all.,pooja.singh93@example.com,closed,technical,low,Tech Support,Ananya Das,12,3,0,2026-08-19T16:00:08.976361+00:00,2026-08-20T00:30:34.771006+00:00,2026-08-20T09:40:29.488550+00:00
Zapier connection keeps disconnecting,"Hello, The Zapier connection keeps disconnecting and needs re-authorising daily. Would appreciate help this week. Regards, Amit",amit.singh42@example.com,resolved,integrations,medium,Integrations,Sana Khan,11,4,0,2026-08-19T16:59:14.386176+00:00,2026-08-19T22:37:33.886187+00:00,2026-08-20T03:17:20.717344+00:00
Salesforce sync duplicates contacts,it is not working please check,amit.kumar19@example.com,closed,integrations,medium,Integrations,Neil Fernandes,7,8,0,2026-08-19T17:24:14.747685+00:00,2026-08-19T19:05:39.082741+00:00,2026-08-20T04:57:43.059608+00:00
Rate limit errors on API,"Hello, We are hitting 429 rate limit errors on the API even with low traffic. Need this fixed today please. Thanks, Amit",amit.kumar25@example.com,resolved,integrations,high,Integrations,Sana Khan,5,3,0,2026-08-20T02:12:13.449638+00:00,2026-08-20T03:16:40.422622+00:00,2026-08-20T04:52:53.882314+00:00
Can't log in to my account,"Good morning, I cannot log in even though I am sure my password is correct. Using version 4.5.1 on Ubuntu. Happy to share screenshots if needed. Quite urgent for us, deadline is tomorrow. Please help.",pooja.singh22@example.com,closed,account,high,Account Security,Rohan Verma,9,2,0,2026-08-20T09:17:46.307055+00:00,2026-08-20T11:38:54.699090+00:00,2026-08-20T13:03:45.908864+00:00
Tracking link shows no updates,"Good morning, The tracking link for order #172310 has not shown any update for days. Using version 3.2.0 on Android. This has happened more than once now. No rush at all. Please help.",vikram.singh8@example.com,closed,shipping,low,Logistics,Diya Nair,7,5,0,2026-08-20T09:58:42.707679+00:00,2026-08-20T14:33:07.714684+00:00,2026-08-20T16:13:01.950397+00:00
Unknown login from another country,I got an alert about a login from a country I have never visited. Happy to share screenshots if needed. This started yesterday. Would appreciate help this week. Thanks in advance.,aditya.kapoor39@example.com,closed,account,medium,Account Security,Rohan Verma,8,6,0,2026-08-20T10:19:23.306859+00:00,2026-08-20T13:10:39.420229+00:00,2026-08-20T21:40:45.383064+00:00
urgent!!,"Hi team, The app crashes every time I try to export a report to CSV. Happy to share screenshots if needed. This has happened more than once now. It is annoying but we can work around it. Thanks, Pooja",pooja.jain2@example.com,closed,technical,medium,Tech Support,Ananya Das,8,2,0,2026-08-20T11:25:03.470192+00:00,2026-08-20T14:19:19.309744+00:00,2026-08-20T15:25:36.958837+00:00
files not syncing across devices,"hi team, my files are not syncing between my laptop and my phone anymore. happy to share screenshots if needed. it is annoying but we can work around it.",pooja.bose37@example.com,closed,technical,medium,Tech Support,Ananya Das,10,4,0,2026-08-20T11:38:30.409714+00:00,2026-08-21T04:06:15.975316+00:00,2026-08-21T07:58:34.320213+00:00
Password reset email never arrives,I requested a password reset three times but no email has arrived. Happy to share screenshots if needed. This has happened more than once now. This is affecting several of our users. Thanks in advance.,vikram.mishra21@example.com,closed,account,high,Account Security,Ishita Rao,10,3,0,2026-08-20T12:15:53.292477+00:00,2026-08-20T14:34:26.262837+00:00,2026-08-21T11:21:11.737837+00:00
API key returns 401 unauthorized,"Good morning, Our API key returns 401 unauthorized on every request since this morning. Would appreciate help this week. Please help.",neha.yadav65@example.com,resolved,integrations,medium,Integrations,Neil Fernandes,5,0,0,2026-08-20T12:34:37.842045+00:00,2026-08-20T14:49:54.973208+00:00,2026-08-21T10:18:57.422327+00:00
Getting error 500 on upload,something is wrong with my account,priya.mishra63@example.com,closed,technical,medium,Tech Support,Vihaan Gupta,12,6,0,2026-08-20T12:38:54.784784+00:00,2026-08-20T16:24:47.297574+00:00,2026-08-21T11:21:04.295993+00:00
Card declined but money deducted,My card was declined at checkout but $9 still left my bank account. This has happened more than once now. I already tried restarting everything. Would appreciate help this week. Thanks in advance.,vikram.yadav53@example.com,closed,billing,medium,Billing Support,Meera Iyer,6,5,0,2026-08-20T13:10:44.046310+00:00,2026-08-20T18:25:17.966321+00:00,2026-08-20T22:46:06.099087+00:00
Card declined but money deducted,"Hello, My card was declined at checkout but $199 still left my bank account. This has happened more than once now. Need this fixed today pleaes. Please help.",amit.jain20@example.com,closed,billing,high,Billing Support,Aarav Sharma,9,6,0,2026-08-20T13:11:21.834575+00:00,2026-08-20T15:24:59.339355+00:00,2026-08-21T00:00:10.210131+00:00
Slow performance since last update,"Good morning, Everything has become very slow since the last update, pages take ages to open. This started yesterday. It is annoying but we can work around it. Please help.",karan.reddy18@example.com,closed,technical,medium,Tech Support,Ananya Das,14,3,0,2026-08-20T14:23:30.061040+00:00,2026-08-20T18:25:45.907029+00:00,2026-08-21T00:57:55.050842+00:00
Need to change delivery address,"Hello, I entered the wrong address for order #365617 and need to change it. This is affecting several of our users. Thanks, Amit",amit.kumar42@example.com,closed,shipping,high,Logistics,Arjun Mehta,12,6,0,2026-08-20T14:41:48.104658+00:00,2026-08-20T15:45:14.340365+00:00,2026-08-20T17:51:42.301465+00:00
Need a product demo,"Good morning, We would like to schedule a product demo for our team. Happy to share screenshots if needed. It is annoying but we can work around it. Regards, Riya",riya.kumar14@example.com,closed,general,medium,General Support,Tara Joshi,6,5,0,2026-08-20T14:52:51.796641+00:00,2026-08-20T16:43:45.969618+00:00,2026-08-20T19:15:34.057181+00:00
Dashboard stuck on loading spinner,"Hi team, The dashboard never finishes loading, it just shows the spinner forever. It is annoying but we can work around it.",rahul.yadav56@example.com,closed,technical,medium,Tech Support,Kabir Singh,5,0,0,2026-08-20T15:02:24.303303+00:00,2026-08-21T07:14:18.378051+00:00,2026-08-21T18:06:23.710693+00:00
Webhook deliveries failing,"Hello, Webhook deliveries to our endpoint keep failing and events are missing. Happy to share screenshots if needed. Using version 4.3.1 on Windows 11. Would appreciate help this week.",vikram.reddy74@example.com,closed,shipping,medium,Logistics,Arjun Mehta,10,5,0,2026-08-20T17:27:58.505735+00:00,2026-08-20T23:23:53.586947+00:00,2026-08-21T02:28:18.307772+00:00
unknown login from another country,"good morning, i got an alert about a login from a country i have never visited. happy to share screenshots if needed. no rush at all. thanks in advance.",riya.jain11@example.com,closed,account,low,Account Security,Rohan Verma,8,5,0,2026-08-20T17:31:38.984823+00:00,2026-08-22T12:22:34.123507+00:00,2026-08-22T14:20:31.455771+00:00
Unknown login from another country,I got an alert about a login from a country I have never visited. This started yesterday. This is blocking our entire team in production.,neha.mishra23@example.com,resolved,account,urgent,Account Security,Rohan Verma,4,2,0,2026-08-20T18:13:46.645951+00:00,2026-08-20T20:56:47.113671+00:00,2026-08-21T13:40:30.675303+00:00
Feedback on the new interface,"Good morning, I wanted to share some feedback about the new interface layout. I already tried restarting everything. This has happened more than once now. It is annoying but we can work around it. Please help.",pooja.reddy82@example.com,resolved,general,medium,General Support,Tara Joshi,3,5,0,2026-08-20T20:47:19.107428+00:00,2026-08-21T09:08:45.072762+00:00,2026-08-21T11:57:33.041138+00:00
Webhook deliveries failing,"Hi, Webhook deliveries to our endpoint keep failing and events are missing. This started yesterday. Critical: our live system is affected. Regards, Riya",riya.jain94@example.com,closed,integrations,urgent,Integrations,Neil Fernandes,3,7,0,2026-08-21T02:51:13.517165+00:00,2026-08-21T03:49:46.067658+00:00,2026-08-21T05:32:18.741599+00:00
Delete my account and data,"Please delete my account and all my personal data permanently. This has happened more than once now. Would appreciate help this week. Thanks, Riya",riya.mishra5@example.com,resolved,account,medium,Account Security,Rohan Verma,1,5,0,2026-08-21T04:03:41.311682+00:00,2026-08-21T09:26:31.424315+00:00,2026-08-21T12:03:59.102611+00:00
order still not delivered,"my order #602514 was supposed to arrive last week and still has not been delivered. this started yesterday. this has happened more than once now. this is affecting several of our users. regards, pooja",pooja.shah22@example.com,closed,shipping,high,Logistics,Arjun Mehta,4,4,0,2026-08-21T04:24:00.480250+00:00,2026-08-21T05:45:56.240373+00:00,2026-08-21T10:03:07.829336+00:00
Slow performance since last update,"Everything has become very slow since the last update, pages take ages to open. Using version 4.0.2 on Windows 11. Would appreciate help this week. Please help.",rahul.bose44@example.com,closed,technical,medium,Tech Support,Ananya Das,0,2,0,2026-08-21T04:48:22.672419+00:00,2026-08-21T11:50:11.999082+00:00,2026-08-21T14:28:04.623328+00:00
Account locked after failed attempts,"Good morning, My account got locked after a few failed logins and I cannot get back in. Using version 3.8.2 on Ubuntu. This started yesterday. It is annoying but we can work around it.",vikram.shah19@example.com,closed,account,medium,Account Security,Ishita Rao,6,0,0,2026-08-21T08:18:12.391901+00:00,2026-08-21T11:51:21.001099+00:00,2026-08-21T14:50:21.754873+00:00
invoice shows wrong amount,"good morning, the invoice for starter shows $9 but i expected a lower amount. using version 4.5.3 on windows 11. i already tried restarting everything. this is affecting several of our users. please help.",amit.mishra91@example.com,closed,billing,high,Billing Support,Aarav Sharma,1,1,0,2026-08-21T08:26:29.907313+00:00,2026-08-21T12:26:00.301291+00:00,2026-08-21T22:31:41.906328+00:00
App crashes when exporting report,"Hello, The app crashes every time I try to export a report to CSV. I already tried restarting everything. Critical: our live system is affected. Thanks, Riya",riya.patel92@example.com,closed,technical,urgent,Tech Support,Vihaan Gupta,13,4,1,2026-08-21T09:24:12.899871+00:00,2026-08-21T10:53:17.094744+00:00,2026-08-21T11:54:29.700942+00:00
help,"hi team, the app crashes every time i try to export a report to csv. this has happened more than once now. using version 4.6.2 on android. would appreciate help this week. thanks in advance.",riya.yadav34@example.com,closed,technical,medium,Tech Support,Vihaan Gupta,6,5,0,2026-08-21T09:28:17.840186+00:00,2026-08-21T16:22:03.819757+00:00,2026-08-21T22:09:48.513758+00:00
Tracking link shows no updates,"Hello, The tracking link for order #610135 has not shown any update for dyas. Would appreciate help this week. Thanks, Priya",priya.jain50@example.com,closed,shipping,medium,Logistics,Diya Nair,9,1,0,2026-08-21T10:02:57.027153+00:00,2026-08-21T14:22:32.319526+00:00,2026-08-23T00:39:39.961225+00:00
urgent!!,"Good morning, My files are not syncing between my laptop and my phone anymore. We are losing customers every minute, need help ASAP!",rahul.singh99@example.com,closed,technical,urgent,Tech Support,Vihaan Gupta,9,4,0,2026-08-21T10:36:34.743368+00:00,2026-08-21T10:56:34.431891+00:00,2026-08-21T16:38:25.256121+00:00
Two-factor codes not working,My authenticator codes are rejected every time I try to sign in. This has happened more than once now. I already tried restarting everything. This is affecting several of our users. Thanks in advance.,sneha.bose35@example.com,closed,account,high,Account Security,Rohan Verma,11,5,0,2026-08-21T11:03:34.117633+00:00,2026-08-21T13:33:47.204669+00:00,2026-08-21T17:23:52.440798+00:00
API key returns 401 unauthorized,"Hi, Our API key returns 401 unauthorized on every request since this morning. This has happened more than once now. Happy to share screenshots if needed. It is annoying but we can work around it. Regards, Riya",riya.mishra74@example.com,resolved,integrations,medium,Integrations,Sana Khan,10,5,0,2026-08-21T11:06:39.212706+00:00,2026-08-21T13:47:14.941532+00:00,2026-08-22T01:04:40.355100+00:00
Wrong item received,"Hi, I received the wrong item in order #603586, this is not what I ordered. Quite urgent for us, deadline is tomorrow. Please help.",neha.kapoor91@example.com,resolved,shipping,high,Logistics,Diya Nair,5,2,0,2026-08-21T11:13:50.695231+00:00,2026-08-21T17:49:46.237484+00:00,2026-08-22T01:26:12.138989+00:00
Package marked delivered but missing,"Tracking says order #284156 was delivered but nothing is at my door. Happy to share screenshots if needed. Using version 3.2.3 on Android. It is annoying but we can work around it. Regards, Sneha",sneha.shah82@example.com,resolved,shipping,medium,Logistics,Diya Nair,12,6,0,2026-08-21T11:22:14.968475+00:00,2026-08-21T22:33:00.502632+00:00,2026-08-21T23:55:53.513525+00:00
Need GST invoice for last month,"Hello, I need a GST invoice for my Team subscription for our accounting. Using version 4.1.0 on Android. I already tried restarting everything. This is affecting several of our users. Please help.",karan.yadav4@example.com,closed,billing,high,Billing Support,Meera Iyer,10,7,0,2026-08-21T11:55:29.751762+00:00,2026-08-21T13:31:34.552895+00:00,2026-08-21T15:30:23.225201+00:00
Files not syncing across devices,"Hi, My files are not syncing between my laptop and my phone anymore. Need this fixed today please. Thanks in advance.",neha.mishra47@example.com,resolved,technical,high,Tech Support,Kabir Singh,12,1,0,2026-08-21T12:09:15.039354+00:00,2026-08-21T14:19:15.293719+00:00,2026-08-22T09:07:12.958824+00:00
Need to change delivery address,"Hello, I entered the wrong address for order #151141 and need to change it. Happy to share screenshots if needed. I already tried restarting everything. It is annoying but we can work around it. Regards, Vikram",vikram.kapoor88@example.com,closed,shipping,medium,Logistics,Arjun Mehta,10,6,0,2026-08-21T12:16:59.501904+00:00,2026-08-21T17:41:37.466754+00:00,2026-08-21T19:33:17.215133+00:00
Files not syncing across devices,My files are not syncing between my laptop and my phone anymore. It is annoying but we can work around it. Thanks in advance.,sneha.patel43@example.com,resolved,technical,medium,Tech Support,Ananya Das,13,2,0,2026-08-21T12:45:26.084867+00:00,2026-08-21T18:56:41.337299+00:00,2026-08-21T21:09:17.578738+00:00
Salesforce sync duplicates contacts,"Hi, The Salesforce sync keeps creating duplicate contacts in our CRM. This has happened more than once now. Need this fixed today please. Regards, Neha",neha.kapoor44@example.com,resolved,integrations,high,Integrations,Sana Khan,8,5,0,2026-08-21T12:52:46.245658+00:00,2026-08-21T13:30:22.747026+00:00,2026-08-21T18:10:04.798711+00:00
Account locked after failed attempts,"My account got locked after a few failed logins and I cannot get back in. I already tried restarting everything. Would appreciate help this week. Regards, Sneha",sneha.kapoor82@example.com,closed,account,medium,Account Security,Ishita Rao,12,4,0,2026-08-21T13:09:19.097767+00:00,2026-08-21T18:17:45.962287+00:00,2026-08-21T19:26:32.287847+00:00
Dashboard stuck on loading spinner,"Hello, The dashboard never finishes loading, it just shows the spinner forever. Need this fixed today please.",pooja.patel55@example.com,closed,technical,high,Tech Support,Ananya Das,11,3,0,2026-08-21T13:19:08.663303+00:00,2026-08-21T17:16:24.810460+00:00,2026-08-21T18:51:34.392140+00:00
Zapier connection keeps disconnecting,"Hi team, The Zapier connection keeps disconnecting and needs re-authorising daily. We are losing customers every minute, need help ASAP! Thanks in advance.",sneha.bose61@example.com,closed,integrations,urgent,Integrations,Neil Fernandes,8,2,0,2026-08-21T13:32:42.299489+00:00,2026-08-21T14:03:36.245651+00:00,2026-08-21T18:47:30.504604+00:00
Unexpected charge on my account,"Hi team, There is a charge of $49 on my statement that I do not recognise. This started yesterday. Happy to share screenshots if needed. No rush at all. Regards, Priya",priya.kumar85@example.com,closed,billing,low,Billing Support,Aarav Sharma,11,5,0,2026-08-21T13:36:36.291462+00:00,2026-08-21T16:54:16.590263+00:00,2026-08-21T22:40:00.368686+00:00
Charged twice for my subscription,"Hello, I was charged $99 twice for my Team plan this month. Happy to share screenshots if needed. Using version 3.2.3 on Ubuntu. It is annoying but we can work around it. Thanks in advance.",neha.reddy23@example.com,resolved,billing,medium,Billing Support,Aarav Sharma,11,1,0,2026-08-21T13:48:03.266922+00:00,2026-08-21T14:51:27.977973+00:00,2026-08-21T18:17:03.194190+00:00
urgent!!,"I was charged $99 twice for my Business plan this month. No rush at all. Thanks, Amit",amit.mishra76@example.com,closed,billing,low,Billing Support,Aarav Sharma,11,2,0,2026-08-21T14:03:59.599758+00:00,2026-08-22T05:12:09.222672+00:00,2026-08-22T06:26:49.333556+00:00
Question about enterprise pricing,"Hi team, Could you share pricing details for the enterprise plan for about 200 seats? Happy to share screenshots if needed. This has happened more than once now. This is affecting several of our users.",neha.reddy58@example.com,closed,general,high,General Support,Tara Joshi,11,11,0,2026-08-21T15:38:20.528848+00:00,2026-08-21T20:08:16.463339+00:00,2026-08-21T23:09:00.027508+00:00
Dashboard stuck on loading spinner,"Hi, The dashboard never finishes loading, it just shows the spinner forever. Using version 3.1.3 on Android. Happy to share screenshots if needed. Critical: our live system is affected. Please help.",amit.mishra8@example.com,resolved,technical,urgent,Tech Support,Ananya Das,11,2,0,2026-08-21T15:38:34.370931+00:00,2026-08-21T16:56:51.892953+00:00,2026-08-21T22:33:04.266379+00:00
Getting error 500 on upload,"Good morning, Uploading any file fails with an error 500 message. Quite urgent for us, deadline is tomorrow. Thanks in advance.",neha.yadav46@example.com,closed,technical,high,Tech Support,Ananya Das,11,5,0,2026-08-21T15:40:39.222538+00:00,2026-08-21T19:11:44.822436+00:00,2026-08-22T03:16:53.592866+00:00
Delete my account and data,"Hello, Please delete my account and all my personal data permanently. This started yesterday. This has happened more than once now. Quite urgent for us, deadline is tomorrow. Thanks in advance.",neha.reddy95@example.com,closed,account,high,Account Security,Rohan Verma,10,2,0,2026-08-21T15:42:48.257792+00:00,2026-08-21T18:45:47.453274+00:00,2026-08-22T07:45:21.074282+00:00
urgent!!,"hi, i wanted to share some feedback about the new interface layout. i already tried restarting everything. this started yesterday. not urgent, low priority for me. regards, riya",riya.mishra37@example.com,closed,general,low,General Support,Tara Joshi,14,3,0,2026-08-21T16:00:37.756740+00:00,2026-08-21T19:56:26.602114+00:00,2026-08-22T01:51:28.896029+00:00
Invoice shows wrong amount,The invoice for Team shows $19 but I expected a lower amount. This started yesterday. It is annoying but we can work around it. Please help.,sneha.shah64@example.com,closed,technical,medium,Tech Support,Ananya Das,8,4,0,2026-08-21T16:09:52.329556+00:00,2026-08-21T20:54:59.295352+00:00,2026-08-22T16:49:13.609629+00:00
Refund for cancelled plan,I cancelled my Business subscription last week and have not received the refund. Happy to share screenshots if needed. I already tried restarting everything. Would appreciate help this week.,sneha.shah69@example.com,resolved,billing,medium,Billing Support,Meera Iyer,5,5,0,2026-08-21T16:27:20.140603+00:00,2026-08-21T17:04:32.175360+00:00,2026-08-21T18:47:25.800996+00:00
Getting error 500 on upload,"Uploading any file fails with an error 500 message. I already tried restarting everything. Using version 3.8.3 on Ubuntu. Quite urgent for us, deadilne is tomorrow. Regards, Pooja",pooja.patel34@example.com,closed,technical,high,Tech Support,Vihaan Gupta,12,2,0,2026-08-21T16:56:02.661410+00:00,2026-08-21T20:20:51.532513+00:00,2026-08-21T21:12:50.243670+00:00
Order still not delivered,"Hi team, My order #110093 was supposed to arrive last week and still has not been delivered. This has happened more than once now. Happy to share screenshots if needed. Not urgent, low priority for me. Thanks, Sneha",sneha.kapoor97@example.com,closed,shipping,low,Logistics,Arjun Mehta,9,5,0,2026-08-21T17:15:11.300814+00:00,2026-08-21T19:39:31.339340+00:00,2026-08-21T22:26:51.656963+00:00
Refund for cancelled plan,something is wrong with my account,vikram.patel62@example.com,closed,billing,urgent,Billing Support,Aarav Sharma,6,6,0,2026-08-21T17:38:09.739553+00:00,2026-08-21T18:00:36.533903+00:00,2026-08-22T00:08:00.159053+00:00
Webhook deliveries failing,Webhook deliveries to our endpoint keep failing and events are missing. This started yesterday. Just whenever you get time. Please help.,sneha.kapoor72@example.com,closed,integrations,low,Integrations,Sana Khan,7,4,0,2026-08-21T17:49:02.146545+00:00,2026-08-22T12:20:40.287508+00:00,2026-08-22T17:17:42.802964+00:00
help,"Hi, I entered the wrong address for order #755827 and need to change it. It is annoying but we can work around it. Thanks in advance.",pooja.singh81@example.com,closed,shipping,medium,Logistics,Arjun Mehta,5,5,0,2026-08-21T21:59:36.203950+00:00,2026-08-22T00:44:40.296859+00:00,2026-08-22T01:54:51.938112+00:00
Unexpected charge on my account,There is a charge of $19 on my statement that I do not recognise. Happy to share screenshots if needed. I already tried restarting everything. Would appreciate help this week. Thanks in advance.,sneha.mishra47@example.com,resolved,billing,medium,Billing Support,Aarav Sharma,6,3,0,2026-08-21T22:22:49.212517+00:00,2026-08-21T23:08:15.485013+00:00,2026-08-22T01:04:52.883880+00:00
Charged twice for my subscription,I was charged $29 twice for my Starter plan this month. This has happened more than once now. Would appreciate help this week. Please help.,priya.kapoor8@example.com,resolved,billing,medium,Billing Support,Meera Iyer,3,5,1,2026-08-21T23:03:52.016871+00:00,2026-08-22T05:09:57.341810+00:00,2026-08-22T05:43:03.646017+00:00
Getting error 500 on upload,"Hi, Uploading any file fails with an error 500 message. This started yesterday. I already tried restarting everything. Would appreciate help this week. Regards, Amit",amit.bose14@example.com,resolved,technical,medium,Tech Support,Kabir Singh,6,4,0,2026-08-22T05:32:54.514556+00:00,2026-08-22T08:42:11.557795+00:00,2026-08-22T16:21:13.635514+00:00
Zapier connection keeps disconnecting,"Hi team, The Zapier connection keeps disconnecting and needs re-authorising daily. Using version 4.4.1 on iPhone. This has happened more than once now. Quite urgent for us, deadline is tomorrow. Regards, Riya",riya.bose53@example.com,closed,integrations,high,Integrations,Neil Fernandes,7,4,0,2026-08-22T09:19:27.383023+00:00,2026-08-22T17:23:21.529565+00:00,2026-08-22T23:53:12.919555+00:00
Getting error 500 on upload,"Hello, Uploading any file fails with an error 500 message. This started yesterday. Would appreciate help this week. Please help.",sneha.kumar67@example.com,closed,technical,medium,Tech Support,Vihaan Gupta,9,1,0,2026-08-22T09:20:03.704063+00:00,2026-08-22T12:34:47.425268+00:00,2026-08-22T16:20:38.241771+00:00
problem,"Hi, Uploading any file fails with an erorr 500 message. I already tried restarting everything. Using vesrion 4.1.2 on macOS. No rush at all. Please help.",priya.kumar51@example.com,resolved,technical,low,Tech Support,Kabir Singh,5,3,0,2026-08-22T09:35:38.378458+00:00,2026-08-22T23:33:44.404155+00:00,2026-08-23T06:22:43.466690+00:00
Card declined but money deducted,"Hi, My card was declined at checkout but $19 still left my bank account. I already tried restarting everything. This started yesterday. Would appreciate help this week.",rahul.yadav76@example.com,closed,billing,medium,Billing Support,Aarav Sharma,9,6,0,2026-08-22T10:12:11.718083+00:00,2026-08-23T01:14:45.750437+00:00,2026-08-23T05:43:19.172301+00:00
Unexpected charge on my account,"Hi team, There is a charge of $99 on my statement that I do not recognise. Not urgent, low priority for me.",sneha.kumar29@example.com,closed,billing,low,Billing Support,Meera Iyer,6,5,0,2026-08-22T10:25:00.157477+00:00,2026-08-22T14:16:06.251487+00:00,2026-08-22T18:17:46.319286+00:00
Unknown login from another country,"Hi, I got an alert about a login from a country I have never visited. Happy to share screenshots if needed. This is affecting several of our users. Regards, Pooja",pooja.kumar76@example.com,closed,account,high,Account Security,Ishita Rao,11,4,0,2026-08-22T10:27:34.898349+00:00,2026-08-22T20:58:36.565227+00:00,2026-08-23T06:03:46.824316+00:00
Getting error 500 on upload,"Hi team, Uploading any file fails with an error 500 message. I already tried restarting everything. Would appreciate help this week. Thanks, Priya",priya.jain86@example.com,closed,technical,medium,Tech Support,Ananya Das,11,3,0,2026-08-22T10:31:32.637044+00:00,2026-08-22T11:32:48.547609+00:00,2026-08-22T12:17:26.709495+00:00
Files not syncing across devices,"My files are not syncing between my laptop and my phone anymore. Not urgent, low priority for me.",aditya.reddy38@example.com,resolved,technical,low,Tech Support,Vihaan Gupta,10,6,0,2026-08-22T11:30:44.866193+00:00,2026-08-23T04:04:59.796054+00:00,2026-08-23T07:25:35.976364+00:00
Files not syncing across devices,"Hello, My files are not syncing between my laptop and my phone anymore. Need this fixed today please.",neha.patel48@example.com,closed,technical,high,Tech Support,Kabir Singh,7,3,0,2026-08-22T11:32:26.784385+00:00,2026-08-22T19:43:54.797350+00:00,2026-08-22T20:43:23.270581+00:00
Slow performance since last update,"Hi team, Everything has become very slow since the last update, pages take ages to open. This has happened more than once now. Would appreciate help this week.",aditya.kumar85@example.com,closed,technical,medium,Tech Support,Ananya Das,9,3,0,2026-08-22T12:00:29.156170+00:00,2026-08-22T19:57:49.948667+00:00,2026-08-23T04:21:14.417083+00:00
Need GST invoice for last month,"I need a GST invoice for my Business subscription for our accounting. This started yesterday. This is affecting several of our users. Regards, Amit",amit.singh6@example.com,closed,billing,high,Billing Support,Aarav Sharma,8,5,0,2026-08-22T12:21:51.955599+00:00,2026-08-22T18:31:54.944057+00:00,2026-08-23T13:58:46.013647+00:00
Unknown login from another country,"Hello, I got an alert about a login from a country I have never visited. This has happened more than once now. Would appreciate help this week.",pooja.singh89@example.com,resolved,account,medium,Account Security,Rohan Verma,10,5,0,2026-08-22T12:31:06.420172+00:00,2026-08-23T13:53:49.454126+00:00,2026-08-23T20:31:28.846407+00:00
App crashes when exporting report,"Hello, The app crashes every time I try to export a report to CSV. Using version 3.5.0 on macOS. This started yesterday. This is blocking our entire team in production. Thanks in advance.",pooja.mishra72@example.com,closed,technical,urgent,Tech Support,Kabir Singh,10,2,0,2026-08-22T13:18:15.203711+00:00,2026-08-22T14:26:20.380416+00:00,2026-08-22T16:31:47.024328+00:00
Two-factor codes not working,"Hello, My authenticator codes are rejected every time I try to sign in. I already tried restarting everything. It is annoying but we can work around it. Regards, Aditya",aditya.yadav81@example.com,closed,account,medium,Account Security,Rohan Verma,11,4,1,2026-08-22T13:30:55.366314+00:00,2026-08-22T22:43:18.245734+00:00,2026-08-22T23:43:05.328928+00:00
Password reset email never arrives,"Hi team, I requested a password reset three times but no email has arrived. Using version 3.6.0 on Windows 11. Happy to share screenshots if needed. It is annoying but we can work around it. Thanks in advance.",neha.kapoor4@example.com,closed,account,medium,Account Security,Rohan Verma,16,2,0,2026-08-22T13:52:49.473308+00:00,2026-08-23T01:17:29.264292+00:00,2026-08-23T02:43:14.926024+00:00
slow performance since last update,"hi team, everything has become very slow since the last update, pages take ages to open. happy to share screenshots if needed. this is affecting several of our users. please help.",rahul.shah34@example.com,closed,technical,high,Tech Support,Ananya Das,5,3,0,2026-08-22T14:33:45.951657+00:00,2026-08-22T15:13:27.577222+00:00,2026-08-22T17:26:03.300016+00:00
Need GST invoice for last month,"Hello, I need a GST invoice for my Starter subscription for our accounting. I already tried restarting everything. Just whenever you get time. Thanks in advance.",karan.patel61@example.com,closed,billing,low,Billing Support,Aarav Sharma,10,1,0,2026-08-22T14:49:25.115548+00:00,2026-08-22T17:17:58.809797+00:00,2026-08-23T01:27:32.485765+00:00
Invoice shows wrong amount,"Hi, The invoice for Starter shows $9 but I expected a lower amount. I already tried restarting everything. Happy to share screenshots if needed. Need this fixed today please.",rahul.mishra54@example.com,resolved,billing,high,Billing Support,Meera Iyer,9,2,0,2026-08-22T15:36:43.761365+00:00,2026-08-22T17:39:08.283146+00:00,2026-08-23T19:33:39.792491+00:00
Two-factor codes not working,My authenticator codes are rejected every time I try to sign in. This has happened more than once now. I already tried restarting everything. This is affecting several of our users. Please help.,aditya.shah10@example.com,closed,account,high,Account Security,Rohan Verma,6,4,1,2026-08-22T15:40:12.166507+00:00,2026-08-22T17:29:31.194229+00:00,2026-08-22T20:10:58.386831+00:00
API key returns 401 unauthorized,"Hi, Our API key returns 401 unauthorized on every request since this morning. It is annoying but we can work around it. Please help.",priya.reddy33@example.com,closed,integrations,medium,Integrations,Sana Khan,12,0,0,2026-08-22T16:46:07.297378+00:00,2026-08-22T20:12:58.328065+00:00,2026-08-23T01:37:31.023988+00:00
Invoice shows wrong amount,"Hello, The invoice for Business shows $49 but I expected a lower amount. I already tried restarting everything. Using version 3.4.3 on macOS. Not urgent, low priority for me. Regards, Vikram",vikram.yadav56@example.com,closed,billing,low,Billing Support,Meera Iyer,16,3,0,2026-08-22T17:03:37.957640+00:00,2026-08-23T04:44:26.715905+00:00,2026-08-23T10:12:12.434803+00:00
Need GST invoice for last month,"Good morning, I need a GST invoice for my Business subscription for our accounting. Quite urgent for us, deadline is tomorrow. Thanks in advance.",aditya.patel82@example.com,closed,billing,high,Billing Support,Aarav Sharma,9,2,0,2026-08-22T17:20:38.813867+00:00,2026-08-22T19:42:59.887268+00:00,2026-08-23T01:11:26.713324+00:00
Slack integration stopped posting,"Our Slack integration stopped posting notifications to the channel. This is blocking our entire team in production. Regards, Aditya",aditya.kumar35@example.com,closed,integrations,urgent,Integrations,Neil Fernandes,7,2,0,2026-08-22T17:38:41.617566+00:00,2026-08-22T18:50:09.888195+00:00,2026-08-23T00:32:24.676959+00:00
Delete my account and data,"Good morning, Please delete my account and all my personal data permanently. Happy to share screenshots if needed. Just whenever you get time. Regards, Neha",neha.jain66@example.com,closed,account,low,Account Security,Rohan Verma,8,3,0,2026-08-22T17:44:24.099898+00:00,2026-08-23T22:29:09.207039+00:00,2026-08-24T14:09:11.259974+00:00
Charged twice for my subscription,"Hi team, I was charged $49 twice for my Starter plan this month. I already tried restarting everything. Happy to share screenshots if needed. Need this fixed today please.",amit.reddy91@example.com,closed,billing,high,Billing Support,Aarav Sharma,11,5,0,2026-08-22T17:55:08.369910+00:00,2026-08-22T19:24:53.341688+00:00,2026-08-22T19:51:46.624636+00:00
Dashboard stuck on loading spinner,"Hi, The dashboard never finishes loading, it just shows the spinner forever. Happy to share screenshots if needed. I already tried restarting everything. It is annoying but we can work around it. Thanks, Karan",karan.reddy54@example.com,closed,technical,medium,Tech Support,Vihaan Gupta,6,5,0,2026-08-23T00:25:46.792173+00:00,2026-08-23T02:49:20.110300+00:00,2026-08-25T09:27:28.233872+00:00
Do you offer student discounts,"Hi team, Do you offer any discount for students or non-profit organisations? I already tried restarting everything. Would appreciate help this week. Please help.",riya.jain91@example.com,closed,general,medium,General Support,Tara Joshi,5,5,0,2026-08-23T07:34:46.869875+00:00,2026-08-23T11:27:33.418768+00:00,2026-08-23T11:54:39.619780+00:00
Invoice shows wrong amount,"Hi team, The invoice for Bsuiness shows $9 but I expected a lower amount. This has happened more than once now. This started yesterday. We are losing customers every minute, need help ASAP! Thanks, Sneha",sneha.singh50@example.com,closed,billing,urgent,Billing Support,Aarav Sharma,7,8,0,2026-08-23T07:49:31.812676+00:00,2026-08-23T08:29:21.621356+00:00,2026-08-23T18:40:57.925749+00:00
question,"Hi, I entered the wrong address for order #309740 and need to change it. Using version 4.0.0 on macOS. This has happened more than once now. This is affecting several of our users.",sneha.shah94@example.com,closed,shipping,high,Logistics,Diya Nair,12,6,0,2026-08-23T09:29:40.489340+00:00,2026-08-23T17:47:28.369191+00:00,2026-08-23T23:36:48.845875+00:00
Unknown login from another country,"Good morning, I got an alert about a login from a country I have never visited. This has happened more than once now. This started yesterday. Would appreciate help this week. Thanks, Neha",neha.singh74@example.com,closed,account,medium,Account Security,Rohan Verma,9,2,0,2026-08-23T09:49:52.176437+00:00,2026-08-23T14:49:22.660427+00:00,2026-08-24T01:30:08.842499+00:00
Password reset email never arrives,"Hello, I requested a password reset three times but no email has arrived. Using version 3.4.3 on Android. This is blocking our entire team in production. Please help.",rahul.kapoor8@example.com,closed,account,urgent,Account Security,Rohan Verma,11,5,0,2026-08-23T10:08:47.661808+00:00,2026-08-23T10:28:04.962336+00:00,2026-08-23T15:31:25.370766+00:00
Need GST invoice for last month,I need a GST invoice for my Starter subscription for our accounting. Would appreciate help this week. Please help.,priya.mishra33@example.com,resolved,billing,medium,Billing Support,Aarav Sharma,15,4,0,2026-08-23T10:49:12.449074+00:00,2026-08-23T18:44:45.996007+00:00,2026-08-23T21:57:31.491434+00:00
issue,"Good morning, The mobile app freezes on the splash screen right after launch. This has happened more than once now. Happy to share screenshots if needed. Quite urgent for us, deadline is tomorrow. Thanks in advance.",karan.yadav11@example.com,closed,technical,high,Tech Support,Vihaan Gupta,10,0,0,2026-08-23T11:11:54.589606+00:00,2026-08-23T16:01:13.292547+00:00,2026-08-23T17:18:32.747743+00:00
help,I need help with this as soon as possible,neha.jain94@example.com,closed,shipping,urgent,Logistics,Diya Nair,7,5,0,2026-08-23T11:25:53.313158+00:00,2026-08-23T11:57:07.044148+00:00,2026-08-23T14:07:54.757071+00:00
Rate limit errors on API,"Hi, We are hitting 429 rate limit errors on the API even with low traffic. I already tried restarting everything. Using version 3.5.1 on Ubuntu. It is annoying but we can work around it. Please help.",karan.mishra16@example.com,closed,integrations,medium,Integrations,Neil Fernandes,10,3,0,2026-08-23T11:26:16.597384+00:00,2026-08-23T12:35:11.364520+00:00,2026-08-23T14:59:19.141817+00:00
Salesforce sync duplicates contacts,"Hi, The Salesforce sync keeps creating duplicate contacts in our CRM. This has happened more than once now. Would appreciate help this week. Please help.",neha.kumar13@example.com,resolved,integrations,medium,Integrations,Neil Fernandes,9,5,0,2026-08-23T11:27:27.794498+00:00,2026-08-23T18:33:46.583514+00:00,2026-08-23T22:38:43.305738+00:00
refund for cancelled plan,"good morning, i cancelled my pro subscription last week and have not received the refund. happy to share screenshots if needed. would appreciate help this week. please help.",amit.kapoor87@example.com,closed,shipping,medium,Logistics,Diya Nair,12,2,0,2026-08-23T11:45:38.039873+00:00,2026-08-23T13:44:15.590956+00:00,2026-08-25T15:33:12.606625+00:00
Tracking link shows no updates,"The tracking link for order #350135 has not shown any update for days. This started yesterday. I already tried restarting everything. It is annoying but we can work around it. Regards, Rahul",rahul.patel21@example.com,resolved,shipping,medium,Logistics,Arjun Mehta,10,7,0,2026-08-23T12:46:48.003021+00:00,2026-08-23T14:00:14.808801+00:00,2026-08-23T18:02:37.069393+00:00
Delete my account and data,"Hi, Please deelte my account and all my personal data permanently. Need this fixed today please. Regards, Riya",riya.mishra77@example.com,resolved,account,high,Account Security,Rohan Verma,8,7,0,2026-08-23T13:34:46.821249+00:00,2026-08-23T14:36:18.425041+00:00,2026-08-23T15:34:24.782424+00:00
Invoice shows wrong amount,"The invoice for Starter shows $19 but I expected a lower amount. Quite urgent for us, deadline is tomorrow. Please help.",aditya.mishra35@example.com,closed,billing,high,Billing Support,Meera Iyer,9,1,0,2026-08-23T15:06:54.429982+00:00,2026-08-23T16:30:23.078524+00:00,2026-08-23T23:51:51.017853+00:00
Slow performance since last update,"Good morning, Everything has become very slow since the last update, pages take ages to open. Would appreciate help this week.",amit.kapoor9@example.com,closed,technical,medium,Tech Support,Vihaan Gupta,11,5,0,2026-08-23T15:10:48.540077+00:00,2026-08-23T16:54:45.802673+00:00,2026-08-23T21:39:25.383140+00:00
Unexpected charge on my account,"Hello, There is a charge of $9 on my statement that I do not recognise. Would appreciate help this week. Thanks in advance.",rahul.kumar61@example.com,closed,billing,medium,Billing Support,Aarav Sharma,12,6,0,2026-08-23T15:15:42.774053+00:00,2026-08-23T16:22:43.151607+00:00,2026-08-23T23:24:57.002755+00:00
Password reset email never arrives,"I requested a password reset three times but no email has arrived. This has happened more than once now. Need this fixed today please. Thanks, Amit",amit.kapoor98@example.com,closed,account,high,Account Security,Rohan Verma,8,1,1,2026-08-23T15:43:10.955397+00:00,2026-08-23T17:56:53.758414+00:00,2026-08-23T23:48:22.925078+00:00
App crashes when exporting report,something is wrong with my account,karan.mishra30@example.com,resolved,technical,medium,Tech Support,Kabir Singh,6,6,1,2026-08-23T16:15:53.292943+00:00,2026-08-24T04:42:40.449297+00:00,2026-08-24T09:22:09.752597+00:00
Slow performance since last update,"Hi, Everything has become very slow since the last update, pages take ages to open. It is annoying but we can work around it.",aditya.patel95@example.com,closed,technical,medium,Tech Support,Kabir Singh,9,2,0,2026-08-23T16:24:39.913524+00:00,2026-08-23T22:57:35.095182+00:00,2026-08-24T00:21:52.753095+00:00
Zapier connection keeps disconnecting,"Hi, The Zapier connection keeps disconnecting and needs re-authorising daily. Need this fixed today please. Regards, Rahul",rahul.shah77@example.com,closed,integrations,high,Integrations,Sana Khan,4,3,0,2026-08-23T17:33:05.033958+00:00,2026-08-23T20:06:57.509580+00:00,2026-08-24T03:02:28.906442+00:00
Damaged product on arrival,it is not working please check,vikram.kapoor9@example.com,closed,shipping,medium,Logistics,Arjun Mehta,9,5,1,2026-08-23T17:58:13.308939+00:00,2026-08-23T23:57:10.609015+00:00,2026-08-24T07:49:04.627459+00:00
urgent!!,"Hi team, Tracking says order #791622 was delivered but nothing is at my door. This has happened more than once now. Would appreciate help this week. Regards, Karan",karan.jain44@example.com,closed,shipping,medium,Logistics,Diya Nair,2,6,0,2026-08-23T20:47:25.283223+00:00,2026-08-24T08:38:47.548745+00:00,2026-08-24T11:26:21.359858+00:00
Two-factor codes not working,"Hi team, My authenticator codes are rejected every time I try to sign in. I already tried restarting everything. Quite urgent for us, deadline is tomorrow. Thanks in advance.",rahul.reddy84@example.com,closed,account,high,Account Security,Ishita Rao,3,0,0,2026-08-23T23:30:33.392521+00:00,2026-08-24T02:28:04.056507+00:00,2026-08-24T03:41:03.039714+00:00
problem,"Hello, The dashboard never finishes loading, it just shows the spinner forever. I already tried restarting everything. This started yesterday. Need this fixed today please. Thanks in advance.",riya.shah75@example.com,closed,technical,high,Tech Support,Vihaan Gupta,5,4,0,2026-08-24T06:40:52.730165+00:00,2026-08-24T08:57:15.065043+00:00,2026-08-24T10:08:59.935602+00:00
App crashes when exporting report,"Hello, The app crashes every time I try to export a report to CSV. This has happened more than once now. Quite urgent for us, deadline is tomorrow. Thanks in advance.",amit.kumar59@example.com,closed,technical,high,Tech Support,Vihaan Gupta,12,2,0,2026-08-24T09:30:51.233691+00:00,2026-08-24T11:39:09.865346+00:00,2026-08-24T13:06:25.128548+00:00
Password reset email never arrives,"Hi, I requested a password reset three times but no email has arrived. Using version 3.3.3 on Ubuntu. Happy to share screenshots if needed. This is affecting several of our users. Thanks in advance.",priya.patel75@example.com,closed,account,high,Account Security,Rohan Verma,10,3,0,2026-08-24T09:32:27.291531+00:00,2026-08-24T13:17:32.136722+00:00,2026-08-24T14:53:38.529358+00:00
Order still not delivered,"Hi team, My order #532949 was supposed to arrive last week and still has not been delivered. This started yesterday. It is annoying but we can work around it. Thanks, Rahul",rahul.jain97@example.com,closed,shipping,medium,Logistics,Arjun Mehta,12,5,0,2026-08-24T09:48:40.290568+00:00,2026-08-24T15:29:58.344892+00:00,2026-08-24T16:53:55.029799+00:00
Slack integration stopped posting,"Hi team, Our Slack integration stopped posting notifications to the channel. This started yesterday. Critical: our live system is affected. Regards, Vikram",vikram.patel19@example.com,resolved,integrations,urgent,Integrations,Neil Fernandes,12,4,0,2026-08-24T09:57:28.467301+00:00,2026-08-24T11:46:37.452288+00:00,2026-08-24T20:11:08.261413+00:00
App crashes when exporting report,"Hi team, The app crashes every time I try to export a report to CSV. Would appreciate help this week. Please help.",sneha.kumar36@example.com,closed,technical,medium,Tech Support,Vihaan Gupta,13,4,0,2026-08-24T10:05:33.267946+00:00,2026-08-25T09:42:43.393961+00:00,2026-08-25T11:47:22.778897+00:00
Need GST invoice for last month,"Hi team, I need a GST invoice for my Pro subscription for our accounting. No rush at all. Thanks, Vikram",vikram.kapoor63@example.com,closed,account,low,Account Security,Ishita Rao,8,5,0,2026-08-24T10:29:12.544315+00:00,2026-08-25T08:44:24.578138+00:00,2026-08-25T11:12:56.257081+00:00
Refund for cancelled plan,"Hi team, I cancelled my Business subscription last week and have not received the refund. Happy to share screenshots if needed. I already tried restarting everything. It is annoying but we can work around it. Thanks in advance.",riya.mishra88@example.com,closed,billing,medium,Billing Support,Aarav Sharma,12,3,0,2026-08-24T11:06:06.338021+00:00,2026-08-24T15:26:05.822238+00:00,2026-08-24T16:41:28.759409+00:00
Can't log in to my account,"Hello, I cannot log in even though I am sure my password is correct. No rush at all. Please help.",priya.mishra93@example.com,closed,account,low,Account Security,Rohan Verma,14,5,0,2026-08-24T11:13:15.039460+00:00,2026-08-24T14:43:17.189994+00:00,2026-08-25T00:15:11.281674+00:00
do you offer student discounts,"good morning, do you offer any discount for students or non-profit organisations? this started yesterday. critical: our live system is affected. regards, pooja",pooja.kumar25@example.com,closed,general,urgent,General Support,Tara Joshi,6,6,0,2026-08-24T11:22:30.121267+00:00,2026-08-24T12:51:37.503452+00:00,2026-08-24T15:46:47.681190+00:00
problem,"Hello, The invoice for Business shows $9 but I expected a lower amount. Using version 3.2.1 on Windows 11. This started yesterday. Just whenever you get time. Thanks, Riya",riya.reddy53@example.com,resolved,billing,low,Billing Support,Meera Iyer,9,1,0,2026-08-24T11:24:22.519927+00:00,2026-08-25T01:13:18.608490+00:00,2026-08-25T18:19:10.872586+00:00
Wrong item received,"Good morning, I received the wrong item in order #956255, this is not what I ordered. Would appreciate help this week. Thanks in advance.",neha.patel1@example.com,closed,shipping,medium,Logistics,Arjun Mehta,13,6,0,2026-08-24T11:31:42.059900+00:00,2026-08-24T17:42:48.854463+00:00,2026-08-24T22:39:05.552690+00:00
Webhook deliveries failing,"Hi team, Webhook deliveries to our endpoint keep failing and events are missing. This started yesterday. Would appreciate help this week. Please help.",neha.bose83@example.com,resolved,integrations,medium,Integrations,Neil Fernandes,8,1,0,2026-08-24T11:42:29.595093+00:00,2026-08-24T13:35:36.600591+00:00,2026-08-25T02:19:21.460444+00:00
Can't log in to my account,I cannot log in even though I am sure my password is correct. Using version 3.2.0 on Ubuntu. This has happened more than once now. Just whenever you get time.,rahul.patel65@example.com,resolved,account,low,Account Security,Ishita Rao,8,3,0,2026-08-24T11:51:39.636591+00:00,2026-08-24T14:25:20.863886+00:00,2026-08-24T16:27:01.287071+00:00
Salesforce sync duplicates contacts,"Hi, The Salesforce sync keeps creating duplicate contacts in our CRM. I already tried restarting everything. Would appreciate help this week.",sneha.mishra4@example.com,closed,integrations,medium,Integrations,Neil Fernandes,11,6,0,2026-08-24T12:13:48.083874+00:00,2026-08-24T15:24:48.845778+00:00,2026-08-24T17:51:04.217804+00:00
Invoice shows wrong amount,The invoice for Pro shows $29 but I expected a lower amount. This has happened more than once now. It is annoying but we can work around it. Please help.,vikram.yadav94@example.com,resolved,billing,medium,Billing Support,Meera Iyer,8,0,0,2026-08-24T12:32:12.317288+00:00,2026-08-24T14:22:59.058766+00:00,2026-08-24T20:10:57.962759+00:00
Account locked after failed attempts,"Hi, My account got locked after a few failed logins and I cannot get back in. This has happened more than once now. It is annoying but we can work around it.",karan.reddy72@example.com,closed,account,medium,Account Security,Ishita Rao,10,4,0,2026-08-24T13:09:40.023972+00:00,2026-08-24T15:23:31.231711+00:00,2026-08-24T18:45:07.498604+00:00
Need to change delivery address,"Hi team, I entered the wrong address for order #288066 and need to change it. I already tried restarting everything. Would appreciate help this week.",riya.patel50@example.com,closed,shipping,medium,Logistics,Arjun Mehta,11,4,1,2026-08-24T14:03:22.154502+00:00,2026-08-24T15:11:35.583293+00:00,2026-08-24T21:22:17.266818+00:00
Need GST invoice for last month,"I need a GST invoice for my Business subscription for our accounting. I already tried restarting everything. Just whenever you get time. Regards, Priya",priya.singh60@example.com,closed,billing,low,Billing Support,Aarav Sharma,11,4,0,2026-08-24T14:09:32.534899+00:00,2026-08-24T20:56:13.243354+00:00,2026-08-25T02:43:35.787404+00:00
Wrong item received,"Hi, I received the wrong item in order #441475, this is not what I ordered. This is affecting several of our users. Thanks in advance.",aditya.jain86@example.com,resolved,shipping,high,Logistics,Arjun Mehta,6,7,0,2026-08-24T14:31:07.958746+00:00,2026-08-24T15:17:41.924292+00:00,2026-08-24T19:40:18.923276+00:00
App crashes when exporting report,"Good morning, The app crashes every time I try to export a report to CSV. This started yesterday. Happy to share screenshots if needed. It is annoying but we can work around it.",amit.reddy81@example.com,resolved,technical,medium,Tech Support,Ananya Das,8,4,0,2026-08-24T15:29:02.245897+00:00,2026-08-24T19:59:05.974804+00:00,2026-08-24T21:23:40.119438+00:00
Slack integration stopped posting,"Good morning, Our Slack integration stopped posting notifications to the cahnnel. It is anonying but we can work around it. Please help.",riya.shah14@example.com,resolved,integrations,medium,Integrations,Sana Khan,12,5,0,2026-08-24T15:35:44.283615+00:00,2026-08-24T19:10:24.973171+00:00,2026-08-24T22:46:42.231529+00:00
Need a product demo,We would like to schedule a product demo for our team. This started yesterday. Using version 4.9.1 on Windows 11. No rush at all. Please help.,pooja.bose80@example.com,closed,general,low,General Support,Tara Joshi,12,1,0,2026-08-24T15:37:38.182703+00:00,2026-08-25T01:26:21.800775+00:00,2026-08-25T06:50:58.569540+00:00
rate limit errors on api,"good morning, we are hitting 429 rate limit errors on the api even with low traffic. this started yesterday. using version 3.5.2 on android. we are losing cutsomers every minute, need help asap!",neha.kapoor94@example.com,resolved,integrations,urgent,Integrations,Neil Fernandes,16,5,0,2026-08-24T16:18:40.157376+00:00,2026-08-24T18:01:35.949996+00:00,2026-08-24T21:54:54.136838+00:00
Refund for cancelled plan,I cancelled my Team subscription last week and have not received the refund. This is affecting several of our users.,priya.reddy10@example.com,closed,billing,high,Billing Support,Aarav Sharma,12,3,0,2026-08-24T16:36:34.625092+00:00,2026-08-24T21:23:41.396881+00:00,2026-08-25T04:14:50.858667+00:00
Webhook deliveries failing,"Good morning, Webhook deliveries to our endpoint keep failing and events are missing. Need this fixed today please. Thanks, Sneha",sneha.patel40@example.com,closed,integrations,high,Integrations,Sana Khan,11,1,0,2026-08-24T17:12:20.568682+00:00,2026-08-24T19:00:11.701297+00:00,2026-08-25T00:28:49.856034+00:00
Password reset email never arrives,"Hi team, I requested a password reset three times but no email has arrived. It is annoying but we can work around it.",vikram.kumar93@example.com,closed,account,medium,Account Security,Ishita Rao,18,3,0,2026-08-24T17:20:01.592617+00:00,2026-08-25T03:11:32.634176+00:00,2026-08-25T06:48:20.361461+00:00
Delete my account and data,can someone look into this,vikram.reddy61@example.com,resolved,account,medium,Account Security,Rohan Verma,18,4,0,2026-08-24T17:24:25.668701+00:00,2026-08-24T19:56:43.787187+00:00,2026-08-24T23:19:50.949332+00:00
Can't log in to my account,"Hi team, I cannot log in even though I am sure my password is correct. Quite urgent for us, deadline is tomorrow. Regards, Amit",amit.mishra5@example.com,closed,account,high,Account Security,Ishita Rao,0,4,0,2026-08-25T07:02:55.373513+00:00,2026-08-25T11:03:09.593955+00:00,2026-08-25T17:19:49.651524+00:00
Need GST invoice for last month,I need a GST invoice for my Starter subscription for our accounting. Would appreciate help this week. Please help.,priya.reddy40@example.com,closed,billing,medium,Billing Support,Meera Iyer,8,4,0,2026-08-25T09:05:57.058224+00:00,2026-08-25T14:07:26.738071+00:00,2026-08-26T12:36:28.203044+00:00
Refund for cancelled plan,"Hi team, I cancelled my Pro subscription last week and have not received the refund. Quite urgent for us, deadline is tomorrow. Thanks in advance.",rahul.kumar26@example.com,closed,billing,high,Billing Support,Meera Iyer,7,5,0,2026-08-25T10:00:43.685380+00:00,2026-08-25T14:27:33.362989+00:00,2026-08-25T16:02:04.422360+00:00
Files not syncing across devices,"Good morning, My files are not syncing between my laptop and my phone anymore. This has happened more than once now. This is blocking our entire team in production. Please help.",karan.singh91@example.com,resolved,integrations,urgent,Integrations,Neil Fernandes,12,6,0,2026-08-25T10:14:36.334292+00:00,2026-08-25T11:50:50.421646+00:00,2026-08-25T14:06:30.485353+00:00
Files not syncing across devices,My files are not syncing between my laptop and my phone anymore. I already tried restarting everything. Would appreciate help this week. Thanks in advance.,karan.yadav4@example.com,closed,technical,medium,Tech Support,Vihaan Gupta,10,4,0,2026-08-25T10:31:07.813974+00:00,2026-08-25T13:05:19.985165+00:00,2026-08-25T17:57:23.440810+00:00
Feedback on the new interface,something is wrong with my account,riya.bose13@example.com,closed,general,medium,General Support,Tara Joshi,14,5,0,2026-08-25T10:48:32.586943+00:00,2026-08-26T08:27:09.567372+00:00,2026-08-26T09:28:38.306603+00:00
need assistance,"hi team, the app crashes every time i try to export a report to csv. i already tried restarting everything. critical: our live system is affected. please help.",riya.kumar78@example.com,closed,integrations,urgent,Integrations,Sana Khan,11,2,0,2026-08-25T10:53:24.998714+00:00,2026-08-25T11:09:15.574569+00:00,2026-08-25T16:33:48.631355+00:00
Invoice shows wrong amount,"Good morning, The invoice for Starter shows $29 but I expected a lower amount. I already tried restarting everything. This has happened more than once now. This is affecting several of our users. Please help.",priya.shah51@example.com,resolved,billing,high,Billing Support,Aarav Sharma,10,4,0,2026-08-25T11:18:48.309039+00:00,2026-08-25T12:38:14.554642+00:00,2026-08-26T03:21:04.313159+00:00
Do you offer student discounts,"Hi, Do you offer any discount for students or non-profit organisations? I already tried restarting everything. Happy to share screenshots if needed. This is affecting several of our users. Thanks, Aditya",aditya.shah75@example.com,resolved,general,high,General Support,Tara Joshi,11,4,1,2026-08-25T11:36:05.013657+00:00,2026-08-25T13:19:49.007015+00:00,2026-08-25T21:12:53.519723+00:00
Salesforce sync duplicates contacts,"Hello, The Salesforce sync keeps creating duplicate contacts in our CRM. This started yesterday. Need this fixed today please. Thanks, Sneha",sneha.shah87@example.com,closed,integrations,high,Integrations,Neil Fernandes,9,6,0,2026-08-25T12:15:02.464288+00:00,2026-08-25T14:49:59.965968+00:00,2026-08-25T22:27:56.521480+00:00
Order still not delivered,"Hi team, My order #236104 was supposed to arrive last week and still has not been delivered. Using version 3.8.2 on Windows 11. I already tried restarting everything. Need this fixed today please. Thanks in advance.",pooja.bose26@example.com,closed,shipping,high,Logistics,Diya Nair,9,4,0,2026-08-25T12:50:58.032054+00:00,2026-08-25T21:57:55.837466+00:00,2026-08-26T00:43:49.731455+00:00
Delete my account and data,"Hi team, Please delete my account and all my personal data permanently. This started yesterday. I already tried restarting everything. Just whenever you get time.",pooja.kapoor91@example.com,closed,account,low,Account Security,Rohan Verma,10,4,0,2026-08-25T13:01:07.341493+00:00,2026-08-25T21:19:30.759824+00:00,2026-08-26T02:20:56.098801+00:00
Mobile app freezes on startup,"Hi team, The mobile app freezes on the splash screen right after launch. Happy to share screenshots if needed. Need this fixed today please. Thanks, Riya",riya.jain3@example.com,closed,technical,high,Tech Support,Vihaan Gupta,9,4,0,2026-08-25T13:15:08.079857+00:00,2026-08-25T15:12:02.345526+00:00,2026-08-25T16:31:37.932065+00:00
Wrong item received,"I received the wrong item in order #862966, this is not what I ordered. I already tried restarting everything. Would appreciate help this weke. Please help.",rahul.yadav14@example.com,closed,shipping,medium,Logistics,Arjun Mehta,15,4,0,2026-08-25T13:26:34.946561+00:00,2026-08-25T17:20:28.864546+00:00,2026-08-26T00:19:24.209126+00:00
Delete my account and data,"Good morning, Please delete my account and all my personal data permanently. I already tried restarting everything. Happy to share screenshots if needed. It is annoying but we can work around it. Thanks in advance.",priya.reddy73@example.com,closed,account,medium,Account Security,Ishita Rao,9,5,1,2026-08-25T13:50:07.021413+00:00,2026-08-25T15:30:57.759691+00:00,2026-08-26T01:21:40.592173+00:00
Looking for a data processing agreement,"Hi, Can you send us your standard data processing agreement? Not urgent, low priority for me. Thanks, Karan",karan.singh43@example.com,closed,general,low,General Support,Tara Joshi,12,3,0,2026-08-25T13:55:14.253829+00:00,2026-08-26T01:01:33.993120+00:00,2026-08-26T04:38:40.687287+00:00
Delete my account and data,Please delete my account and all my personal data permanently. Happy to share screenshots if needed. This started yesterday. This is blocking our entire team in production.,karan.bose85@example.com,resolved,account,urgent,Account Security,Rohan Verma,6,0,0,2026-08-25T14:17:30.303716+00:00,2026-08-25T14:29:54.626310+00:00,2026-08-25T23:59:19.110778+00:00
Refund for cancelled plan,"Good morning, I cancelled my Team subscription last week and have not received the refund. This is affecting several of our users.",pooja.mishra66@example.com,resolved,billing,high,Billing Support,Meera Iyer,8,2,0,2026-08-25T14:32:07.610306+00:00,2026-08-25T17:20:43.263163+00:00,2026-08-26T08:32:37.770297+00:00
Files not syncing across devices,"Hi, My files are not syncing between my laptop and my phone anymore. Happy to share screenshots if needed. This has happened more than once now. Would appreciate help this week. Thanks in advance.",rahul.kapoor72@example.com,closed,technical,medium,Tech Support,Vihaan Gupta,8,7,0,2026-08-25T14:43:28.444169+00:00,2026-08-25T19:11:22.514574+00:00,2026-08-25T21:28:44.345026+00:00
Files not syncing across devices,"Hi team, My files are not syncing between my laptop and my phone anymore. Happy to share screenshots if needed. No rush at all. Thanks in advance.",neha.yadav54@example.com,resolved,technical,low,Tech Support,Ananya Das,7,4,0,2026-08-25T15:26:53.034762+00:00,2026-08-26T07:20:22.113094+00:00,2026-08-26T16:35:33.424423+00:00
Delete my account and data,"Good morning, Please delete my account and all my personal data permanently. This started yesterday. Happy to share screenshots if needed. Would appreciate help this week.",vikram.kumar8@example.com,resolved,account,medium,Account Security,Ishita Rao,11,1,0,2026-08-25T15:40:10.198965+00:00,2026-08-25T18:02:27.632878+00:00,2026-08-25T18:46:07.385657+00:00
Looking for a data processing agreement,"Hello, Can you send us your standard data processing agreement? Using version 4.1.1 on macOS. Not urgent, low priority for me. Thanks, Priya",priya.patel49@example.com,closed,general,low,General Support,Tara Joshi,11,5,0,2026-08-25T15:50:42.032260+00:00,2026-08-25T20:32:49.008426+00:00,2026-08-26T07:23:41.856330+00:00
Zapier connection keeps disconnecting,"Hello, The Zapier connection keeps disconnecting and needs re-authorising daily. I already tried restarting everything. This has happened more than once now. It is annoying but we can work around it.",rahul.jain95@example.com,closed,integrations,medium,Integrations,Sana Khan,7,4,0,2026-08-25T16:11:00.273052+00:00,2026-08-25T19:39:53.316777+00:00,2026-08-26T12:50:56.571432+00:00
App crashes when exporting report,"Hi team, The app crashes every time I try to export a report to CSV. This has happened more than once now. We are losing customers every minute, need help ASAP! Thanks, Amit",amit.jain99@example.com,closed,technical,urgent,Tech Support,Ananya Das,9,4,0,2026-08-25T16:20:57.057373+00:00,2026-08-25T16:53:48.446711+00:00,2026-08-25T23:07:04.488008+00:00
Slow performance since last update,"Hi team, Everything has become very slow since the last update, pages take ages to open. Happy to share screenshots if needed. This is blocking our entire team in production.",priya.kumar4@example.com,closed,technical,urgent,Tech Support,Ananya Das,9,1,0,2026-08-25T16:31:03.652722+00:00,2026-08-25T17:56:25.401393+00:00,2026-08-25T19:27:53.538395+00:00
Looking for a data processing agreement,"Good morning, Can you send us your standard data processing agreement? This started yesterday. Would appreciate help this week. Thanks, Rahul",rahul.kapoor55@example.com,resolved,general,medium,General Support,Tara Joshi,6,1,0,2026-08-25T17:11:41.352544+00:00,2026-08-25T18:36:41.534399+00:00,2026-08-25T23:49:23.753675+00:00
Tracking link shows no updates,The tracking link for order #229660 has not shown any update for days. This has happened more than once now. Would appreciate help this week.,priya.singh1@example.com,closed,shipping,medium,Logistics,Diya Nair,14,4,1,2026-08-25T17:30:54.252556+00:00,2026-08-25T23:54:49.301143+00:00,2026-08-28T21:42:56.331730+00:00
Zapier connection keeps disconnecting,"Hello, The Zapier connection keeps disconnecting and needs re-authorising daily. This is affecting several of our users. Please help.",vikram.mishra70@example.com,closed,integrations,high,Integrations,Neil Fernandes,12,5,1,2026-08-25T17:56:56.192685+00:00,2026-08-25T21:30:39.056267+00:00,2026-08-26T01:42:53.842736+00:00
Getting error 500 on upload,"Hi team, Uploading any file fails with an error 500 message. I already tried restarting everything. Would appreciate help this week. Thanks, Priya",priya.jain86@example.com,resolved,technical,medium,Tech Support,Kabir Singh,2,3,0,2026-08-25T18:54:45.637913+00:00,2026-08-25T23:34:11.808285+00:00,2026-08-26T05:52:39.587412+00:00
Need a product demo,"Hi team, We would like to schedule a product demo for our team. This is affecting several of our users. Thanks in advance.",rahul.bose85@example.com,closed,general,high,General Support,Tara Joshi,4,2,0,2026-08-25T23:06:16.545005+00:00,2026-08-26T04:46:19.987227+00:00,2026-08-26T16:28:56.691583+00:00
Tracking link shows no updates,"Hello, The tracking link for order #126486 has not shown any update for days. This has happened more than once now. Happy to share screenshots if needed. It is annoying but we can work around it. Please help.",amit.reddy22@example.com,resolved,shipping,medium,Logistics,Diya Nair,3,7,0,2026-08-26T07:28:15.745684+00:00,2026-08-26T15:04:44.842571+00:00,2026-08-26T17:41:00.073935+00:00
Getting error 500 on upload,"Good morning, Uploading any file fails with an error 500 message. Happy to share screenshots if needed. Using version 3.2.2 on macOS. Need this fixed today please. Thanks, Sneha",sneha.yadav78@example.com,closed,technical,high,Tech Support,Vihaan Gupta,6,4,0,2026-08-26T07:44:53.959641+00:00,2026-08-26T09:49:02.391096+00:00,2026-08-26T12:04:04.270040+00:00
Password reset email never arrives,"Hello, I requested a password reset three times but no email has arrived. Happy to share screenshots if needed. It is annoying but we can work around it.",karan.shah56@example.com,closed,shipping,medium,Logistics,Diya Nair,9,4,0,2026-08-26T09:46:39.025673+00:00,2026-08-26T19:32:52.576766+00:00,2026-08-27T06:53:54.725604+00:00
Unknown login from another country,"I got an alert about a login from a country I have never visited. Not urgent, low priority for me. Regards, Priya",priya.yadav19@example.com,resolved,account,low,Account Security,Ishita Rao,8,2,1,2026-08-26T10:16:04.533174+00:00,2026-08-26T15:46:39.882780+00:00,2026-08-26T18:00:14.006832+00:00
Question about enterprise pricing,"Hi team, Could you share pricing details for the enterprise plan for about 200 seats? This has happened more than once now. This started yesterday. It is annoying but we can work around it. Please help.",vikram.singh39@example.com,resolved,general,medium,General Support,Tara Joshi,8,1,0,2026-08-26T10:19:37.878991+00:00,2026-08-26T12:50:26.982645+00:00,2026-08-26T18:02:13.154089+00:00
Invoice shows wrong amount,"Hi, The invoice for Business shows $19 but I expected a lower amount. Happy to share screenshots if needed. Critical: our live system is affected. Please help.",sneha.mishra96@example.com,closed,billing,urgent,Billing Support,Aarav Sharma,7,3,0,2026-08-26T10:21:06.659239+00:00,2026-08-26T11:00:40.909880+00:00,2026-08-26T20:11:45.479481+00:00
Invoice shows wrong amount,"Hi team, The invoice for Pro shows $9 but I expected a lower amount. I already tried restarting everything. This is blocking our entire team in production. Thanks, Amit",amit.yadav44@example.com,closed,billing,urgent,Billing Support,Aarav Sharma,10,2,0,2026-08-26T10:22:44.408003+00:00,2026-08-26T10:56:40.612930+00:00,2026-08-27T08:13:00.739967+00:00
Refund for cancelled plan,"Hello, I cancelled my Business subscription last week and have not received the refund. Using version 4.0.0 on Ubuntu. This has happened more than once now. Quite urgent for us, deadline is tomorrow. Thanks, Riya",riya.patel21@example.com,closed,billing,high,Billing Support,Aarav Sharma,11,5,0,2026-08-26T10:50:54.075406+00:00,2026-08-26T12:12:01.130575+00:00,2026-08-26T21:38:48.060416+00:00
Slow performance since last update,"Everything has become very slow since the last update, pages take ages to open. Using version 4.1.1 on Windows 11. Happy to share screenshots if needed. It is annoying but we can work around it. Please help.",riya.reddy68@example.com,closed,technical,medium,Tech Support,Ananya Das,9,3,0,2026-08-26T11:22:16.486315+00:00,2026-08-26T20:23:56.097055+00:00,2026-08-27T02:03:56.636052+00:00
Unknown login from another country,I got an alert about a login from a country I have never visited. Need this fixed today please. Thanks in advance.,priya.yadav92@example.com,closed,account,high,Account Security,Ishita Rao,9,2,0,2026-08-26T12:04:04.617135+00:00,2026-08-26T13:28:01.437978+00:00,2026-08-26T14:51:49.385065+00:00
damaged product on arrival,"hello, the product from order #953370 arrived with a broken screen. just whenever you get time. thanks, rahul",rahul.bose73@example.com,closed,shipping,low,Logistics,Arjun Mehta,10,2,0,2026-08-26T12:20:04.023152+00:00,2026-08-26T19:40:36.667105+00:00,2026-08-26T22:13:05.304054+00:00
Question about enterprise pricing,can someone look into this,vikram.kumar30@example.com,closed,general,medium,General Support,Tara Joshi,8,4,0,2026-08-26T12:30:02.544547+00:00,2026-08-26T15:05:21.528292+00:00,2026-08-26T19:52:00.294091+00:00
Account locked after failed attempts,"Hello, My account got locked after a few failed logins and I cannot get back in. I already tried restarting everything. Using version 4.9.2 on Ubuntu. Just whenever you get time. Thanks in advance.",aditya.kapoor37@example.com,closed,account,low,Account Security,Rohan Verma,10,2,0,2026-08-26T13:01:32.419523+00:00,2026-08-26T21:29:05.285595+00:00,2026-08-27T00:12:39.586760+00:00
Do you offer student discounts,Do you offer any discount for students or non-profit organisations? Using version 3.0.3 on macOS. This is affecting several of our users. Thanks in advance.,amit.patel96@example.com,closed,general,high,General Support,Tara Joshi,10,4,0,2026-08-26T13:44:39.959373+00:00,2026-08-26T17:09:20.737675+00:00,2026-08-26T18:11:42.450526+00:00
Files not syncing across devices,"Hello, My files are not syncing between my laptop and my phone anymore. I already tried restarting everything. Would appreciate help this week. Regards, Rahul",rahul.kapoor48@example.com,closed,technical,medium,Tech Support,Kabir Singh,9,5,0,2026-08-26T14:52:15.540157+00:00,2026-08-26T19:00:50.900226+00:00,2026-08-26T23:56:27.307601+00:00
Tracking link shows no updates,The tracking link for order #594875 has not shown any update for days. This is blocking our entire team in production. Thanks in advance.,vikram.mishra98@example.com,closed,shipping,urgent,Logistics,Diya Nair,13,4,0,2026-08-26T15:50:17.084883+00:00,2026-08-26T16:02:49.704480+00:00,2026-08-26T23:33:09.608886+00:00
Mobile app freezes on startup,"Hi team, The mobile app freezes on the splash screen right after launch. Happy to share screenshots if needed. Need this fixed today please. Thanks, Riya",riya.jain3@example.com,closed,technical,high,Tech Support,Kabir Singh,9,1,1,2026-08-26T16:15:14.087886+00:00,2026-08-26T18:12:43.630400+00:00,2026-08-27T04:06:17.513965+00:00
App crashes when exporting report,The app crashes every time I try to export a report to CSV. Would appreciate help this week. Please help.,vikram.yadav38@example.com,closed,technical,medium,Tech Support,Kabir Singh,4,3,0,2026-08-26T16:41:11.487676+00:00,2026-08-26T18:30:44.107856+00:00,2026-08-26T21:31:59.974918+00:00
Slow performance since last update,"Good morning, Everything has become very slow since the last update, pages take ages to open. I already tried restarting everything. Would appreciate help this week. Please help.",aditya.kapoor79@example.com,resolved,technical,medium,Tech Support,Kabir Singh,8,4,0,2026-08-26T17:31:47.643001+00:00,2026-08-27T15:22:57.104088+00:00,2026-08-27T19:30:43.074947+00:00
Wrong item received,"Hi, I received the wrong item in order #897734, this is not what I ordered. It is annoying but we can work around it. Thanks, Rahul",rahul.mishra53@example.com,resolved,shipping,medium,Logistics,Diya Nair,2,4,0,2026-08-26T21:39:01.873274+00:00,2026-08-27T02:58:34.890642+00:00,2026-08-27T04:09:53.467714+00:00
Invoice shows wrong amount,"Good morning, The invoice for Team shows $49 but I expected a lower amount. Would appreciate help this week. Thanks, Neha",neha.kapoor16@example.com,closed,billing,medium,Billing Support,Meera Iyer,4,2,0,2026-08-26T21:59:29.867113+00:00,2026-08-27T00:08:14.893212+00:00,2026-08-27T04:48:57.849434+00:00
Unknown login from another country,"Hello, I got an alert about a login from a country I have never visited. Happy to share screenshots if needed. Not urgent, low priority for me. Please help.",karan.yadav89@example.com,closed,account,low,Account Security,Rohan Verma,1,5,0,2026-08-26T23:12:45.498234+00:00,2026-08-28T04:04:19.620103+00:00,2026-08-28T07:40:56.032188+00:00
Mobile app freezes on startup,"Hi team, The mobile app freezes on the splash screen right after launch. Using version 3.4.3 on Ubuntu. This started yesterday. Quite urgent for us, deadline is tomorrow. Thanks, Vikram",vikram.singh74@example.com,resolved,technical,high,Tech Support,Vihaan Gupta,4,6,1,2026-08-27T02:00:42.557662+00:00,2026-08-27T03:27:20.485935+00:00,2026-08-27T15:05:00.119659+00:00
Unexpected charge on my account,"Hi team, Tehre is a charge of $199 on my statement that I do not recognise. Need this fixed tdoay please. Thanks, Kaarn",karan.singh27@example.com,resolved,billing,high,Billing Support,Meera Iyer,9,3,0,2026-08-27T07:59:31.117854+00:00,2026-08-27T10:35:42.483168+00:00,2026-08-27T18:53:54.642769+00:00
Slow performance since last update,"Hi, Everything has become very slow since the last update, pages take ages to open. Quite urgent for us, deadline is tomorrow.",riya.jain3@example.com,closed,technical,high,Tech Support,Vihaan Gupta,10,4,0,2026-08-27T09:27:53.768458+00:00,2026-08-27T11:03:25.246396+00:00,2026-08-27T21:08:00.911066+00:00
api key returns 401 unauthorized,our api key returns 401 unauthorized on every request since this morning. this is affecting several of our users.,pooja.mishra29@example.com,closed,integrations,high,Integrations,Neil Fernandes,10,6,0,2026-08-27T10:18:03.025767+00:00,2026-08-27T15:09:58.152387+00:00,2026-08-27T21:02:02.202082+00:00
Package marked delivered but missing,it is not working please check,karan.bose56@example.com,resolved,shipping,medium,Logistics,Diya Nair,12,2,0,2026-08-27T10:44:11.137005+00:00,2026-08-27T13:19:45.534033+00:00,2026-08-27T22:05:21.492717+00:00
problem,"Hi, Our Slack integration stopped posting notifications to the channel. I already tried restarting everything. Using version 4.2.1 on Ubuntu. Quite urgent for us, deadline is tomorrow.",neha.shah22@example.com,closed,integrations,high,Integrations,Neil Fernandes,7,2,0,2026-08-27T10:51:50.996375+00:00,2026-08-27T13:04:28.112640+00:00,2026-08-27T16:36:16.075089+00:00
Question about enterprise pricing,"Hi, Could you share pricing details for the enterprise plan for about 200 seats? Using version 4.8.2 on Windows 11. This has happened more than once now. This is affecting several of our users. Thanks, Pooja",pooja.singh7@example.com,closed,general,high,General Support,Tara Joshi,12,4,0,2026-08-27T11:16:52.701311+00:00,2026-08-27T15:07:10.595884+00:00,2026-08-27T22:39:37.910451+00:00
damaged product on arrival,"hello, the product from order #953370 arrived with a broken screen. just whenever you get time. thanks, rahul",rahul.bose73@example.com,closed,shipping,low,Logistics,Diya Nair,11,1,0,2026-08-27T12:36:55.356119+00:00,2026-08-27T14:12:36.559552+00:00,2026-08-27T17:19:09.201763+00:00
package marked delivered but missing,"good morning, tracking says order #294583 was delivered but nothing is at my door. it is annoying but we can work around it. regards, priya",priya.jain62@example.com,closed,shipping,medium,Logistics,Diya Nair,12,1,0,2026-08-27T12:44:37.550240+00:00,2026-08-27T17:06:37.849314+00:00,2026-08-27T17:51:34.963770+00:00
need assistance,"Good morning, I cancelled my Business subscription last week and have not received the refund. This started yseterday. Just whenever you get time. Please help.",priya.mishra17@example.com,resolved,billing,low,Billing Support,Aarav Sharma,10,8,0,2026-08-27T13:33:19.567947+00:00,2026-08-27T21:43:15.425650+00:00,2026-08-27T23:07:18.857420+00:00
Need to change delivery address,I entered the wrong address for order #210239 and need to change it. Happy to share screenshots if needed. Using version 4.0.1 on macOS. Would appreciate help this week.,rahul.kapoor47@example.com,closed,shipping,medium,Logistics,Arjun Mehta,10,6,0,2026-08-27T13:49:21.521701+00:00,2026-08-27T17:24:30.096877+00:00,2026-08-27T18:54:16.583393+00:00
Need GST invoice for last month,"Good morning, I need a GST invoice for my Pro subscription for our accounting. This has happened more than once now. It is annoying but we can work around it.",amit.bose74@example.com,closed,billing,medium,Billing Support,Meera Iyer,8,2,0,2026-08-27T13:54:32.817281+00:00,2026-08-27T17:13:16.132092+00:00,2026-08-27T18:45:53.244656+00:00
App crashes when exporting report,"Hello, The app crashes every time I try to export a report to CSV. Using version 3.0.1 on macOS. Quite urgent for us, deadline is tomorrow. Please help.",pooja.kumar75@example.com,closed,technical,high,Tech Support,Ananya Das,14,6,1,2026-08-27T14:02:31.933278+00:00,2026-08-27T18:18:44.332946+00:00,2026-08-28T07:00:41.914441+00:00
Looking for a data processing agreement,"Hello, Can you send us your standard data processing agreement? Using version 4.3.2 on macOS. Happy to share screenshots if needed. Would appreciate help this week.",karan.kapoor99@example.com,resolved,integrations,medium,Integrations,Neil Fernandes,11,0,0,2026-08-27T14:17:21.924672+00:00,2026-08-28T01:56:53.524593+00:00,2026-08-28T04:17:02.074182+00:00
Delete my account and data,"Good morning, Please delete my account and all my personal data permanently. It is annoying but we can work around it.",priya.bose86@example.com,closed,account,medium,Account Security,Ishita Rao,10,3,1,2026-08-27T14:21:51.136307+00:00,2026-08-27T17:17:34.999969+00:00,2026-08-27T21:16:15.701994+00:00
Tracking link shows no updates,"Hi, The tracking link for order #580455 has not shown any update for days. Using version 4.7.2 on Android. This started yesterday. It is annoying but we can work around it.",priya.shah15@example.com,closed,shipping,medium,Logistics,Diya Nair,10,2,0,2026-08-27T14:47:59.130466+00:00,2026-08-27T18:07:43.712134+00:00,2026-08-28T16:10:50.557790+00:00
Rate limit errors on API,can someone look into this,aditya.yadav52@example.com,closed,integrations,urgent,Integrations,Sana Khan,11,5,1,2026-08-27T14:52:50.701120+00:00,2026-08-27T15:39:38.485035+00:00,2026-08-28T02:30:48.420311+00:00
Need to change delivery address,can someone look into this,pooja.kumar73@example.com,closed,shipping,medium,Logistics,Diya Nair,6,2,0,2026-08-27T15:08:05.526455+00:00,2026-08-27T18:11:12.113975+00:00,2026-08-27T18:46:59.920424+00:00
Mobile app freezes on startup,"Hi, The mobile app freezes on the splash screen right after launch. This is affecting several of our users. Please help.",karan.reddy88@example.com,resolved,technical,high,Tech Support,Kabir Singh,9,3,0,2026-08-27T15:09:20.792567+00:00,2026-08-27T18:29:09.020205+00:00,2026-08-28T03:25:38.668364+00:00
Unknown login from another country,I got an alert about a login from a country I have never visited. Need this fixed today please. Thanks in advance.,priya.yadav92@example.com,closed,account,high,Account Security,Rohan Verma,6,3,0,2026-08-27T16:49:04.986370+00:00,2026-08-27T18:28:31.672789+00:00,2026-08-28T02:44:02.788615+00:00
urgent!!,"good morning, my card was declined at checkout but $29 still left my bank account. this has happened more than once now. no rush at all. thanks in advance.",sneha.reddy46@example.com,closed,billing,low,Billing Support,Aarav Sharma,13,4,0,2026-08-27T17:12:14.352658+00:00,2026-08-28T01:54:42.658956+00:00,2026-08-28T05:45:18.861615+00:00
Package marked delivered but missing,"Hello, Tracking says order #970131 was delivered but nothing is at my door. This started yesterday. It is annoying but we can work around it. Thanks in advance.",vikram.patel88@example.com,closed,shipping,medium,Logistics,Diya Nair,0,7,0,2026-08-28T04:37:01.148266+00:00,2026-08-28T08:41:24.270544+00:00,2026-08-28T12:43:41.535874+00:00
Unexpected charge on my account,There is a charge of $199 on my statement that I do not recognise. Using version 3.9.0 on Android. Would appreciate help this week.,sneha.kumar83@example.com,closed,billing,medium,Billing Support,Meera Iyer,4,1,0,2026-08-28T05:01:14.809970+00:00,2026-08-28T05:55:37.472715+00:00,2026-08-28T10:24:38.075968+00:00
Damaged product on arrival,"Good morning, The product from order #692130 arrived with a broken screen. This has happened more than once now. This started yesterday. Would appreciate help this week. Thanks, Neha",neha.mishra81@example.com,resolved,shipping,medium,Logistics,Diya Nair,9,3,0,2026-08-28T09:05:39.354541+00:00,2026-08-28T14:20:00.045008+00:00,2026-08-28T17:58:04.065452+00:00
Account locked after failed attempts,"Good morning, My account got locked after a few failed logins and I cannot get back in. This has happened more than once now. Quite urgent for us, deadline is tomorrow. Thanks in advance.",amit.bose6@example.com,resolved,account,high,Account Security,Rohan Verma,12,1,0,2026-08-28T09:10:44.435359+00:00,2026-08-28T13:35:57.770694+00:00,2026-08-28T17:53:39.955019+00:00
Dashboard stuck on loading spinner,"The dashboard never finishes loading, it just shows the spinner forever. This is affecting several of our users. Thanks, Vikram",vikram.yadav25@example.com,resolved,technical,high,Tech Support,Vihaan Gupta,15,8,0,2026-08-28T09:17:00.303182+00:00,2026-08-28T10:52:10.237874+00:00,2026-08-28T13:19:18.810355+00:00
can't log in to my account,"i cannot log in even though i am sure my password is correct. this started yesterday. would appreciate help this week. thanks, riya",riya.shah58@example.com,resolved,account,medium,Account Security,Rohan Verma,7,4,0,2026-08-28T09:41:01.707764+00:00,2026-08-28T11:00:15.116716+00:00,2026-08-28T13:04:42.655147+00:00
Card declined but money deducted,"Good morning, My card was declined at checkout but $9 still left my bank account. This has happened more than once now. Happy to share screenshots if needed. Need this fixed today please. Thanks in advance.",aditya.yadav89@example.com,closed,billing,high,Billing Support,Meera Iyer,12,1,0,2026-08-28T09:51:05.743371+00:00,2026-08-28T11:15:46.691951+00:00,2026-08-29T00:41:44.282260+00:00
invoice shows wrong amount,"hi team, the invoice for pro shows $99 but i expected a lower amount. happy to share screenshots if needed. this started yesterday. not urgent, low priority for me.",priya.singh60@example.com,closed,billing,low,Billing Support,Aarav Sharma,11,5,0,2026-08-28T10:15:25.767579+00:00,2026-08-28T14:55:03.112991+00:00,2026-08-28T17:54:45.716129+00:00
Slow performance since last update,I need help with this as soon as possible,priya.mishra56@example.com,resolved,technical,high,Tech Support,Kabir Singh,7,4,0,2026-08-28T10:17:25.073429+00:00,2026-08-29T02:04:15.311743+00:00,2026-08-29T06:33:43.284264+00:00
Wrong item received,"Good morning, I received the wrong item in order #928278, this is not what I ordered. This started yesterday. This has happened more than once now. Would appreciate help this week. Tahnks in advance.",neha.kumar82@example.com,resolved,shipping,medium,Logistics,Arjun Mehta,9,4,0,2026-08-28T10:28:02.155483+00:00,2026-08-28T12:49:26.561870+00:00,2026-08-28T16:05:55.431997+00:00
Refund for cancelled plan,I cancelled my Business subscription last week and have not received the refund. This started yesterday. Would appreciate help this week.,karan.mishra56@example.com,closed,billing,medium,Billing Support,Aarav Sharma,11,3,0,2026-08-28T12:09:08.716833+00:00,2026-08-28T16:31:52.853218+00:00,2026-08-28T20:36:56.304273+00:00
Card declined but money deducted,"Hi team, My card was declined at checkout but $199 still left my bank account. It is annoying but we can work around it. Please help.",pooja.shah66@example.com,resolved,billing,medium,Billing Support,Meera Iyer,9,3,0,2026-08-28T12:12:58.274163+00:00,2026-08-28T14:44:07.834299+00:00,2026-08-28T16:45:23.044604+00:00
Refund for cancelled plan,"Hi, I cancelled my Starter subsrciption last week and have not received the refund. This started yesterday. Would appreciate help this week.",rahul.yadav99@example.com,closed,billing,medium,Billing Support,Meera Iyer,12,4,0,2026-08-28T12:34:55.822097+00:00,2026-08-28T15:21:05.876951+00:00,2026-08-28T18:18:04.237627+00:00
Account locked after failed attempts,"Hi, My account got locked after a few failed logins and I cannot get back in. This started yesterday. Need this fixed today please. Regards, Riya",riya.shah74@example.com,closed,account,high,Account Security,Rohan Verma,12,6,0,2026-08-28T13:01:17.129701+00:00,2026-08-28T14:03:53.925196+00:00,2026-08-28T16:24:06.068168+00:00
Refund for cancelled plan,"Hi team, I cancelled my Starter subscription last week and have not received the refund. This started yesterday. This has happened more than once now. It is annoying but we can work around it. Please help.",vikram.shah89@example.com,closed,general,medium,General Support,Tara Joshi,10,3,0,2026-08-28T13:08:40.348172+00:00,2026-08-28T17:20:53.113224+00:00,2026-08-28T21:22:21.338313+00:00
Delete my account and data,"Hi, Please delete my account and all my personal data permanently. Critical: our live system is affected. Thanks in advance.",rahul.yadav57@example.com,closed,account,urgent,Account Security,Rohan Verma,11,3,0,2026-08-28T13:13:06.269298+00:00,2026-08-28T16:03:28.936508+00:00,2026-08-28T16:29:21.761247+00:00
account locked after failed attempts,"hello, my account got locked after a few failed logins and i cannot get back in. this started yesterday. this has happened more than once now. not urgent, low priority for me. thanks in advance.",amit.kumar99@example.com,closed,account,low,Account Security,Rohan Verma,10,5,0,2026-08-28T14:22:39.840933+00:00,2026-08-29T01:41:32.837256+00:00,2026-08-29T07:47:51.917543+00:00
Dashboard stuck on loading spinner,"Hi, The dashboard never finishes loading, it just shows the spinner forever. Happy to share screenshots if needed. Critical: our live system is affected.",priya.yadav55@example.com,resolved,technical,urgent,Tech Support,Vihaan Gupta,7,2,1,2026-08-28T14:29:14.944045+00:00,2026-08-28T15:11:31.679884+00:00,2026-08-28T17:11:25.218202+00:00
Tracking link shows no updates,"Good morning, The tracking link for order #755322 has not shown any update for days. It is annoying but we can work around it. Regards, Vikram",vikram.mishra82@example.com,closed,shipping,medium,Logistics,Diya Nair,11,4,0,2026-08-28T14:29:52.083342+00:00,2026-08-28T20:10:20.702726+00:00,2026-08-28T23:37:39.434125+00:00
need assistance,I got an alert about a login from a country I have never visited. I already tried restarting everything. It is annoying but we can work around it.,karan.bose78@example.com,closed,account,medium,Account Security,Rohan Verma,7,6,0,2026-08-28T14:33:22.278469+00:00,2026-08-28T18:49:07.111043+00:00,2026-08-28T21:39:59.795381+00:00
Zapier connection keeps disconnecting,"Good morning, The Zapier connection keeps disconnecting and needs re-authorising daily. Happy to share screenshots if needed. We are losing customers every minute, need help ASAP! Thanks in advance.",amit.mishra15@example.com,resolved,integrations,urgent,Integrations,Sana Khan,11,3,0,2026-08-28T14:42:24.894063+00:00,2026-08-28T14:58:57.332571+00:00,2026-08-28T18:18:43.372224+00:00
Damaged product on arrival,"Hi team, The product from order #339026 arrived with a broken screen. This is affecting several of our users. Thanks, Sneha",sneha.yadav2@example.com,resolved,shipping,high,Logistics,Diya Nair,9,2,0,2026-08-28T15:04:06.780048+00:00,2026-08-28T16:38:29.303686+00:00,2026-08-30T01:01:16.740708+00:00
Two-factor codes not working,"Hello, My authenticator codes are rejected every time I try to sign in. This started yesterday. I already tried restarting everything. It is annoying but we can work around it. Regards, Aditya",aditya.reddy52@example.com,closed,account,medium,Account Security,Ishita Rao,6,4,0,2026-08-28T16:14:51.252051+00:00,2026-08-29T01:59:46.880885+00:00,2026-08-29T08:45:20.246634+00:00
api key returns 401 unauthorized,"hi team, our api key returns 401 unauthorized on every request since this morning. happy to share screenshots if needed. quite urgent for us, deadline is tomorrow.",neha.yadav64@example.com,resolved,integrations,high,Integrations,Sana Khan,9,5,0,2026-08-28T16:33:45.595871+00:00,2026-08-28T18:53:29.771129+00:00,2026-08-28T22:57:59.795976+00:00
Need to change delivery address,"Hello, I entered the wrong address for order #741346 and need to change it. This has happened more than once now. Quite urgent for us, deadline is tomorrow.",vikram.singh73@example.com,closed,shipping,high,Logistics,Arjun Mehta,9,5,0,2026-08-28T16:47:52.579261+00:00,2026-08-28T18:11:47.044272+00:00,2026-08-29T02:12:52.148405+00:00
Card declined but money deducted,"Hi team, My card was declined at checkout but $19 still left my bank account. This started yesterday. This is affecting several of our users. Thanks, Aditya",aditya.yadav60@example.com,closed,billing,high,Billing Support,Aarav Sharma,11,3,0,2026-08-28T16:57:30.450400+00:00,2026-08-28T20:09:57.860320+00:00,2026-08-29T03:35:21.717738+00:00
Slow performance since last update,"Hi team, Everything has become very slow since the last update, pages take ages to open. Would appreciate help this week. Please help.",sneha.singh49@example.com,resolved,technical,medium,Tech Support,Vihaan Gupta,10,3,0,2026-08-28T17:42:09.477987+00:00,2026-08-28T20:09:22.108426+00:00,2026-08-28T21:59:37.854266+00:00
Feedback on the new interface,"I wanted to share some feedback about the new interface layout. This started yesterday. Not urgent, low priority for me. Regards, Vikram",vikram.jain97@example.com,closed,general,low,General Support,Tara Joshi,3,1,0,2026-08-28T17:52:33.739194+00:00,2026-08-28T20:42:11.605819+00:00,2026-08-29T00:36:08.831465+00:00
Rate limit errors on API,"Hi team, We are hitting 429 rate limit errors on the API even with low traffic. This has happened more than once now. Need this fixed today please.",amit.shah44@example.com,closed,integrations,high,Integrations,Sana Khan,2,7,0,2026-08-28T20:48:41.939468+00:00,2026-08-28T22:01:43.665444+00:00,2026-08-29T02:26:41.575743+00:00
Invoice shows wrong amount,"Hello, The invoice for Pro shows $49 but I expected a lower amount. Would appreciate help this week.",sneha.yadav98@example.com,closed,billing,medium,Billing Support,Aarav Sharma,1,5,0,2026-08-28T21:45:32.191998+00:00,2026-08-29T00:23:10.269816+00:00,2026-08-29T01:35:57.489134+00:00
Two-factor codes not working,"Good morning, My authenticator codes are rejected every time I try to sign in. This has happened more than once now. This started yesterday. Not urgent, low priority for me. Please help.",amit.kumar80@example.com,closed,account,low,Account Security,Ishita Rao,0,5,0,2026-08-28T22:14:05.414711+00:00,2026-08-29T21:05:19.533637+00:00,2026-08-30T02:37:34.202918+00:00
Slack integration stopped posting,"Hi, Our Slack integration stopped posting notifications to the channel. This started yesterday. Happy to share screenshots if needed. It is annoying but we can work around it. Thanks in advance.",riya.reddy4@example.com,closed,integrations,medium,Integrations,Neil Fernandes,6,3,0,2026-08-29T07:49:13.778054+00:00,2026-08-29T08:27:05.843788+00:00,2026-08-29T11:30:56.178171+00:00
Zapier connection keeps disconnecting,The Zapier connection keeps disconnecting and needs re-authorising daily. Just whenever you get time. Thanks in advance.,rahul.bose24@example.com,closed,integrations,low,Integrations,Sana Khan,12,4,1,2026-08-29T09:45:07.377265+00:00,2026-08-29T19:23:18.814616+00:00,2026-08-29T21:58:43.134598+00:00
Account locked after failed attempts,"Hello, My account got locked after a few failed logins and I cannot get back in. Quite urgent for us, deadline is tomorrow. Thanks, Pooja",pooja.kapoor19@example.com,closed,account,high,Account Security,Rohan Verma,9,5,0,2026-08-29T09:45:45.351836+00:00,2026-08-29T13:22:38.438622+00:00,2026-08-29T19:57:10.100080+00:00
Unexpected charge on my account,"Hi team, There is a charge of $29 on my statement that I do not recognise. This has happened more than once now. Just whenever you get time. Thanks, Riya",riya.reddy81@example.com,resolved,billing,low,Billing Support,Meera Iyer,11,5,0,2026-08-29T10:05:12.243916+00:00,2026-08-29T20:17:09.688851+00:00,2026-08-29T21:44:32.855053+00:00
Delete my account and data,"Good morning, Please delete my account and all my personal data permanently. Using version 3.2.2 on Windows 11. Happy to share screenshots if needed. This is blocking our entire team in production. Regards, Rahul",rahul.kapoor22@example.com,closed,account,urgent,Account Security,Ishita Rao,8,4,0,2026-08-29T10:10:27.380824+00:00,2026-08-29T11:59:55.224047+00:00,2026-08-30T02:33:14.303095+00:00
Looking for a data processing agreement,"Hello, Can you send us your standard data processing agreement? No rush at all. Thanks in advance.",neha.kumar38@example.com,closed,general,low,General Support,Tara Joshi,9,0,0,2026-08-29T10:33:47.595121+00:00,2026-08-29T18:40:41.593856+00:00,2026-08-30T01:06:50.525987+00:00
Two-factor codes not working,"Hi, My authenticator codes are rejected every time I try to sign in. I already tried restarting everything. This has happened more than once now. This is affecting several of our users. Please help.",aditya.patel18@example.com,closed,account,high,Account Security,Rohan Verma,14,3,0,2026-08-29T10:59:06.017314+00:00,2026-08-29T18:55:51.461508+00:00,2026-08-29T20:12:30.971105+00:00
Getting error 500 on upload,"Hi team, Uploading any file fails with an error 500 message. This started yesterday. This has happened more than once now. Would appreciate help this week. Please help.",rahul.yadav18@example.com,closed,technical,medium,Tech Support,Kabir Singh,12,5,0,2026-08-29T11:06:17.724706+00:00,2026-08-29T14:35:30.824152+00:00,2026-08-29T16:01:16.381236+00:00
Charged twice for my subscription,"Hi, I was charged $49 twice for my Pro plan this month. Using version 4.4.3 on macOS. Would appreciate help this week. Thanks, Aditya",aditya.singh89@example.com,resolved,billing,medium,Billing Support,Meera Iyer,8,6,0,2026-08-29T11:16:30.103115+00:00,2026-08-29T19:14:14.499069+00:00,2026-08-29T21:16:46.725375+00:00
Invoice shows wrong amount,"The invoice for Business shows $49 but I expected a lower amount. I already tried restarting everything. Using version 4.3.1 on iPhone. Quite urgent for us, deadline is tomorrow. Regards, Riya",riya.patel13@example.com,closed,billing,high,Billing Support,Meera Iyer,11,2,0,2026-08-29T11:36:48.742957+00:00,2026-08-29T13:50:18.616144+00:00,2026-08-29T23:11:51.920162+00:00
Rate limit errors on API,"Good morning, We are hitting 429 rate limit errors on the API even with low traffic. Happy to share screenshots if needed. Not urgent, low priority for me. Thanks, Neha",neha.singh49@example.com,resolved,integrations,low,Integrations,Sana Khan,9,7,1,2026-08-29T12:03:57.594359+00:00,2026-08-30T09:50:28.024130+00:00,2026-08-30T11:54:16.849531+00:00
Wrong item received,"Hi, I received the wrong item in order #264113, this is not what I ordered. Happy to share screenshots if needed. This started yesterday. Need this fixed today please. Thanks in advance.",amit.shah1@example.com,closed,shipping,high,Logistics,Diya Nair,13,3,0,2026-08-29T12:22:06.687363+00:00,2026-08-29T15:17:07.440794+00:00,2026-08-29T20:27:47.247033+00:00
Getting error 500 on upload,"Hello, Uploading any file fails with an error 500 message. Need this fixed today please. Thanks, Neha",neha.shah90@example.com,resolved,technical,high,Tech Support,Kabir Singh,8,7,0,2026-08-29T13:53:12.614961+00:00,2026-08-29T17:38:31.143938+00:00,2026-08-29T20:11:17.938861+00:00
Account locked after failed attempts,"Hi team, My account got locked after a few failed logins and I cannot get back in. Would appreciate help this week. Please help.",amit.jain66@example.com,closed,account,medium,Account Security,Rohan Verma,10,7,0,2026-08-29T13:59:08.750210+00:00,2026-08-29T17:56:14.538583+00:00,2026-08-29T21:09:22.050159+00:00
Files not syncing across devices,"Hi, My files are not syncing between my laptop and my phone anymore. Happy to share screenshots if needed. Using version 3.3.3 on macOS. It is annoying but we can work around it. Please help.",aditya.mishra18@example.com,resolved,technical,medium,Tech Support,Kabir Singh,12,6,0,2026-08-29T14:18:47.343615+00:00,2026-08-30T08:30:03.006303+00:00,2026-08-30T15:04:54.485251+00:00
App crashes when exporting report,"Hi team, The app crashes every time I try to export a report to CSV. Quite urgent for us, deadline is tomorrow.",karan.reddy64@example.com,resolved,technical,high,Tech Support,Vihaan Gupta,8,2,0,2026-08-29T14:53:27.066719+00:00,2026-08-29T22:01:36.515806+00:00,2026-08-30T04:11:44.424199+00:00
Rate limit errors on API,We are hitting 429 rate limit errors on the API even with low traffic. Happy to share screenshots if needed. Using version 3.5.1 on Windows 11. No rush at all. Please help.,aditya.shah20@example.com,closed,integrations,low,Integrations,Sana Khan,12,3,0,2026-08-29T14:59:23.489269+00:00,2026-08-31T05:04:45.907258+00:00,2026-08-31T15:44:01.661391+00:00
Can't log in to my account,"Hi team, I cannot log in even though I am sure my password is correct. This started yesterday. Not urgent, low priority for me. Thanks in advance.",vikram.yadav20@example.com,closed,account,low,Account Security,Ishita Rao,6,0,0,2026-08-29T15:28:08.886480+00:00,2026-08-30T06:52:14.943518+00:00,2026-08-30T10:21:38.454002+00:00
Slow performance since last update,"Hi team, Everything has become very slow since the last update, pages take ages to open. This has happened more than once now. Using version 3.8.1 on Windows 11. Need this fixed today please. Thanks in advance.",vikram.jain71@example.com,closed,technical,high,Tech Support,Vihaan Gupta,13,3,1,2026-08-29T15:33:49.139465+00:00,2026-08-29T20:12:20.541529+00:00,2026-08-30T03:17:23.176907+00:00
Tracking link shows no updates,The tracking link for order #143519 has not shown any update for days. I already tried restarting everything. Using version 4.6.2 on macOS. It is annoying but we can work around it. Please help.,vikram.shah43@example.com,closed,shipping,medium,Logistics,Arjun Mehta,11,0,0,2026-08-29T16:05:10.568335+00:00,2026-08-29T17:09:34.744623+00:00,2026-08-30T02:11:40.061890+00:00
Dashboard stuck on loading spinner,"Hi, The dashboard never finishes loading, it just shows the spinner forever. Quite urgent for us, deadline is tomorrow. Thanks in advance.",neha.yadav32@example.com,closed,technical,high,Tech Support,Ananya Das,9,2,0,2026-08-29T16:14:43.992391+00:00,2026-08-29T17:11:53.541003+00:00,2026-08-29T19:45:36.365683+00:00
Damaged product on arrival,"Hi, The product from order #483542 arrived with a broken screen. Using version 3.4.0 on iPhone. Happy to share screenshots if needed. Not urgent, low priority for me. Regards, Vikram",vikram.yadav14@example.com,closed,shipping,low,Logistics,Arjun Mehta,8,1,0,2026-08-29T16:58:41.896670+00:00,2026-08-29T23:13:50.853850+00:00,2026-08-30T03:37:43.153930+00:00
need gst invoice for last month,"good morning, i need a gst invoice for my business subscription for our accounting. just whenever you get time. please help.",amit.kapoor83@example.com,closed,billing,low,Billing Support,Aarav Sharma,9,1,0,2026-08-29T17:39:34.649750+00:00,2026-08-29T19:09:05.253234+00:00,2026-08-29T20:34:13.856898+00:00
Account locked after failed attempts,"Hi, My account got locked after a few failed logins and I cannot get back in. It is annoying but we can work around it. Thanks in advance.",riya.singh98@example.com,closed,account,medium,Account Security,Ishita Rao,10,2,0,2026-08-29T19:37:19.709599+00:00,2026-08-30T07:32:57.188628+00:00,2026-08-30T08:46:45.882302+00:00
charged twice for my subscription,"hello, i was charged $49 twice for my starter plan this month. i already tried restarting everything. need this fixed today please. thanks, pooja",pooja.mishra69@example.com,resolved,billing,high,Billing Support,Meera Iyer,4,6,0,2026-08-30T00:24:36.966828+00:00,2026-08-30T06:33:48.600226+00:00,2026-08-30T09:00:30.213411+00:00
Password reset email never arrives,"Hi, I requested a password reset three times but no email has arrived. Using version 4.3.1 on iPhone. I already tried restarting everything. Would appreciate help this week. Please help.",vikram.kapoor90@example.com,closed,account,medium,Account Security,Ishita Rao,7,3,0,2026-08-30T04:49:25.147934+00:00,2026-08-31T02:29:41.149315+00:00,2026-09-01T05:06:00.507548+00:00
Unknown login from another country,"Hi, I got an alert about a login from a country I have never visited. Would appreciate help this week. Regards, Priya",priya.jain4@example.com,closed,account,medium,Account Security,Rohan Verma,7,3,0,2026-08-30T06:20:30.556858+00:00,2026-08-30T10:29:11.800388+00:00,2026-08-30T22:48:49.096050+00:00
Refund for cancelled plan,I cancelled my Starter subscription last week and have not received the refund. This has happened more than once now. It is annoying but we can work around it. Thanks in advance.,karan.kapoor92@example.com,closed,billing,medium,Billing Support,Aarav Sharma,2,4,0,2026-08-30T08:58:30.811859+00:00,2026-08-30T12:57:07.881377+00:00,2026-08-30T15:45:22.268050+00:00
Damaged product on arrival,The product from order #178022 arrived with a broken screen. Happy to share screenshots if needed. Would appreciate help this week.,vikram.kapoor39@example.com,closed,shipping,medium,Logistics,Arjun Mehta,8,5,0,2026-08-30T09:14:11.891471+00:00,2026-08-30T15:40:26.300350+00:00,2026-08-30T21:48:42.834417+00:00
Feedback on the new interface,something is wrong with my account,amit.bose85@example.com,closed,general,medium,General Support,Tara Joshi,9,1,0,2026-08-30T09:15:01.539467+00:00,2026-08-30T12:35:25.229260+00:00,2026-08-30T16:37:27.616254+00:00
Getting error 500 on upload,"Uploading any file fails with an error 500 message. Happy to share screenshots if needed. I already tried restarting everything. We are losing customers every minute, need help ASAP! Thanks in advance.",neha.patel28@example.com,closed,technical,urgent,Tech Support,Ananya Das,12,3,1,2026-08-30T09:43:09.662838+00:00,2026-08-30T11:17:11.923852+00:00,2026-08-30T19:49:27.175183+00:00
Need to change delivery address,"Hello, I entered the wrong address for order #332932 and need to change it. I already tried restarting everything. Need this fixed today please. Thanks, Riya",riya.shah19@example.com,closed,shipping,high,Logistics,Arjun Mehta,14,3,0,2026-08-30T10:17:32.481921+00:00,2026-08-30T13:23:59.411753+00:00,2026-08-30T17:17:50.400572+00:00
Password reset email never arrives,"I requested a password reset three times but no email has arrived. Using version 3.7.0 on Ubuntu. Need this fixed today please. Regards, Sneha",sneha.kumar6@example.com,closed,billing,high,Billing Support,Aarav Sharma,15,4,0,2026-08-30T11:07:09.190979+00:00,2026-08-30T18:22:01.589186+00:00,2026-08-30T20:51:06.743118+00:00
Card declined but money deducted,"Good morning, My card was declined at checkout but $99 still left my bank account. Happy to share screenshots if needed. Would appreciate help this week. Regards, Neha",neha.jain78@example.com,closed,billing,medium,Billing Support,Meera Iyer,11,2,0,2026-08-30T12:08:24.568255+00:00,2026-08-30T15:31:47.127257+00:00,2026-08-30T16:13:02.100050+00:00
Dashboard stuck on loading spinner,"Hi team, The dashboard never finishes loading, it just shows the spinner forever. This started yesterday. This has happened more than once now. Quite urgent for us, deadline is tomorrow. Regards, Aditya",aditya.kumar51@example.com,closed,technical,high,Tech Support,Ananya Das,8,6,0,2026-08-30T12:11:32.119634+00:00,2026-08-30T19:11:41.585588+00:00,2026-08-31T02:09:11.199988+00:00
Need a product demo,"We would like to schedule a product demo for our team. This started yesterday. Would appreciate help this week. Regards, Aditya",aditya.singh86@example.com,closed,general,medium,General Support,Tara Joshi,15,1,0,2026-08-30T13:28:51.466116+00:00,2026-08-30T23:27:28.298986+00:00,2026-08-31T03:51:35.681492+00:00
Password reset email never arrives,"Good morning, I requested a password reset three times but no email has arrived. Using version 4.1.0 on Android. Happy to share screenshots if needed. Just whenever you get time. Thanks in advance.",vikram.jain76@example.com,closed,account,low,Account Security,Rohan Verma,6,2,0,2026-08-30T13:46:14.020449+00:00,2026-08-31T06:57:39.349973+00:00,2026-08-31T13:21:47.921324+00:00
slow performance since last update,"everything has become very slow since the last update, pages take ages to open. not urgent, low priority for me.",priya.patel32@example.com,resolved,technical,low,Tech Support,Ananya Das,6,2,0,2026-08-30T14:30:56.726851+00:00,2026-08-30T18:12:01.770856+00:00,2026-08-30T22:26:54.616807+00:00
Package marked delivered but missing,"Hi, Tracking says order #149372 was delivered but nothing is at my door. This has happened more than once now. Not urgent, low priority for me.",priya.mishra91@example.com,closed,shipping,low,Logistics,Arjun Mehta,12,1,0,2026-08-30T16:05:24.432821+00:00,2026-08-30T23:22:15.678145+00:00,2026-08-31T03:23:32.125484+00:00
Slow performance since last update,"Good morning, Everything has become very slow since the last update, pages take ages to open. It is annoying but we can work around it.",vikram.jain24@example.com,closed,technical,medium,Tech Support,Kabir Singh,5,5,0,2026-08-30T16:22:17.481845+00:00,2026-08-31T10:13:12.699042+00:00,2026-08-31T13:14:51.039189+00:00
Card declined but money deducted,"Hi, My card was declined at checkout but $29 still left my bank account. This started yesterday. Using version 3.1.2 on Windows 11. Need this fixed today please. Thanks in advance.",sneha.mishra97@example.com,resolved,billing,high,Billing Support,Meera Iyer,10,9,0,2026-08-30T16:28:54.364155+00:00,2026-08-30T19:09:56.402902+00:00,2026-08-31T00:39:12.812007+00:00
Webhook deliveries failing,"Good morning, Webhook deliveries to our endpoint keep failing and events are missing. This has happened more than once now. This is affecting several of our users. Please help.",pooja.shah57@example.com,closed,integrations,high,Integrations,Sana Khan,10,6,0,2026-08-30T16:42:13.588462+00:00,2026-08-30T17:42:16.147544+00:00,2026-08-30T19:28:55.546068+00:00
Feature request: dark mode,"Good morning, It would be great to have a dark mode option in the app. This started yesterday. This has happened more than once now. No rush at all. Regards, Neha",neha.shah30@example.com,closed,general,low,General Support,Tara Joshi,11,4,0,2026-08-30T16:44:28.967007+00:00,2026-08-31T00:57:15.641387+00:00,2026-08-31T03:24:37.633693+00:00
Unknown login from another country,"Hello, I got an alert about a login from a country I have never visited. Not urgent, low priority for me.",aditya.patel64@example.com,closed,account,low,Account Security,Rohan Verma,12,1,0,2026-08-30T16:45:08.305449+00:00,2026-08-31T06:10:44.224286+00:00,2026-08-31T09:22:31.293240+00:00
Unexpected charge on my account,There is a charge of $49 on my statement that I do not recognise. I already tried restarting everything. Would appreciate help this week. Please help.,vikram.singh22@example.com,closed,billing,medium,Billing Support,Meera Iyer,6,2,0,2026-08-30T16:52:19.775452+00:00,2026-08-30T19:05:31.823180+00:00,2026-08-30T22:42:28.670566+00:00
Charged twice for my subscription,"Hi team, I was charged $99 twice for my Business plan this month. Using version 3.5.2 on Ubuntu. This is affecting several of our users. Thanks in advance.",priya.kumar53@example.com,closed,billing,high,Billing Support,Aarav Sharma,15,6,0,2026-08-30T17:25:21.175128+00:00,2026-08-30T19:43:35.716953+00:00,2026-08-31T00:47:45.707141+00:00
slow performance since last update,"hello, everything has become very slow since the last update, pages take ages to open. i already tried restaritng everything. happy to share screenshots if needed. no rush at all. regards, neha",neha.singh98@example.com,closed,technical,low,Tech Support,Vihaan Gupta,10,3,0,2026-08-30T17:32:11.060299+00:00,2026-08-31T01:41:32.105034+00:00,2026-08-31T03:14:40.025448+00:00
damaged product on arrival,"good morning, the product from order #373121 arrived with a broken screen. this has happened more than once now. not urgent, low priority for me. thanks in advance.",priya.jain89@example.com,closed,shipping,low,Logistics,Diya Nair,2,6,0,2026-08-30T19:58:26.502441+00:00,2026-09-01T01:31:48.497722+00:00,2026-09-01T02:35:22.259301+00:00
Unexpected charge on my account,"Good morning, There is a charge of $99 on my statement that I do not recognise. This started yesterday. It is annoying but we can work around it. Thanks, Karan",karan.jain82@example.com,closed,billing,medium,Billing Support,Aarav Sharma,3,4,0,2026-08-31T00:13:49.699965+00:00,2026-08-31T02:07:14.894380+00:00,2026-08-31T06:30:42.659362+00:00
Looking for a data processing agreement,"Good morning, Can you send us your standard data processing agreement? This started yesterday. This has happened more than once now. No rush at all.",sneha.jain65@example.com,closed,shipping,low,Logistics,Arjun Mehta,1,4,0,2026-08-31T00:22:37.342662+00:00,2026-08-31T09:54:54.985545+00:00,2026-08-31T10:46:24.396821+00:00
Slow performance since last update,"Hi team, Everything has become very slow since the last update, pages take ages to open. Using version 3.6.2 on macOS. This has happened more than once now. Critical: our live system is affected.",riya.mishra36@example.com,closed,technical,urgent,Tech Support,Kabir Singh,7,3,0,2026-08-31T07:47:38.067230+00:00,2026-08-31T08:06:18.103119+00:00,2026-08-31T14:15:22.952170+00:00
Tracking link shows no updates,"Hi team, The tracking link for order #626354 has not shown any update for days. No rush at all. Thanks in advance.",riya.kumar8@example.com,closed,shipping,low,Logistics,Diya Nair,14,6,0,2026-08-31T09:05:13.307611+00:00,2026-08-31T11:44:21.517855+00:00,2026-08-31T16:56:24.376450+00:00
Card declined but money deducted,"Hi team, My card was declined at checkout but $29 still left my bank accuont. This started yesterday. Would appreciate help this week. Please help.",vikram.yadav67@example.com,resolved,billing,medium,Billing Support,Aarav Sharma,12,3,0,2026-08-31T09:51:40.291731+00:00,2026-08-31T10:51:52.284954+00:00,2026-08-31T14:54:29.451708+00:00
issue,"hi team, the app crashes every time i try to export a report to csv. happy to share screenshots if needed. this has happened more than once now. it is annoying but we can work around it.",vikram.kapoor95@example.com,closed,technical,medium,Tech Support,Kabir Singh,12,4,0,2026-08-31T09:58:25.479978+00:00,2026-08-31T11:40:04.661859+00:00,2026-09-01T05:05:33.022288+00:00
Need GST invoice for last month,"Hi, I need a GST invoice for my Starter subscription for our accounting. This started yesterday. This has happened more than once now. Just whenever you get time. Thanks in advance.",vikram.jain4@example.com,resolved,billing,low,Billing Support,Aarav Sharma,4,6,1,2026-08-31T10:55:27.431630+00:00,2026-08-31T13:01:57.513625+00:00,2026-08-31T15:08:15.906704+00:00
Zapier connection keeps disconnecting,"Hi, The Zapier connection keeps disconnecting and needs re-authorising daily. It is annoying but we can work around it. Thanks, Amit",amit.mishra74@example.com,closed,integrations,medium,Integrations,Sana Khan,7,2,1,2026-08-31T10:59:53.363599+00:00,2026-08-31T12:04:02.425592+00:00,2026-09-01T17:42:47.974300+00:00
Need GST invoice for last month,"Hello, I need a GST invoice for my Pro subscription for our accounting. Would appreciate help this week.",riya.patel21@example.com,closed,billing,medium,Billing Support,Aarav Sharma,9,5,0,2026-08-31T11:47:37.684998+00:00,2026-08-31T14:43:14.504054+00:00,2026-08-31T20:15:58.251074+00:00
Files not syncing across devices,"My files are not syncing between my laptop and my phone anymore. Happy to share screenshots if needed. We are losing customers every minute, need help ASAP! Please help.",riya.kapoor31@example.com,resolved,technical,urgent,Tech Support,Ananya Das,16,3,0,2026-08-31T12:26:15.747688+00:00,2026-08-31T13:03:36.736466+00:00,2026-08-31T17:09:45.520748+00:00
Delete my account and data,Please delete my account and all my personal data permanently. Happy to share screenshots if needed. This started yesterday. This is blocking our entire team in production.,karan.bose85@example.com,resolved,account,urgent,Account Security,Ishita Rao,7,3,0,2026-08-31T13:11:41.392811+00:00,2026-08-31T13:46:09.282579+00:00,2026-08-31T16:24:57.185717+00:00
Can't log in to my account,"Hello, I cannot log in even though I am sure my password is correct. This has happened more than once now. Just whenever you get time. Thanks, Aditya",aditya.mishra40@example.com,closed,account,low,Account Security,Ishita Rao,5,1,0,2026-08-31T13:31:52.123466+00:00,2026-08-31T23:26:33.615655+00:00,2026-09-01T01:17:51.532494+00:00
Dashboard stuck on loading spinner,"Good morning, The dashboard never finishes loading, it just shows the spinner forever. I already tried restarting everything. This is affecting several of our users. Thanks in advance.",karan.mishra74@example.com,closed,technical,high,Tech Support,Vihaan Gupta,8,2,0,2026-08-31T13:37:42.364517+00:00,2026-08-31T14:54:19.955769+00:00,2026-08-31T17:49:47.267738+00:00
Webhook deliveries failing,"Hi team, Webhook deliveries to our endpoint keep failing and events are missing. This started yesterday. Need this fixed today please. Thanks in advance.",pooja.jain93@example.com,resolved,integrations,high,Integrations,Sana Khan,9,4,0,2026-08-31T14:02:16.355355+00:00,2026-08-31T17:39:23.899913+00:00,2026-08-31T21:14:37.721735+00:00
Refund for cancelled plan,"I cancelled my Pro subscription last week and have not received the refund. Happy to share screenshots if needed. Using version 4.1.3 on macOS. Just whenever you get time. Thanks, Neha",neha.kumar59@example.com,closed,billing,low,Billing Support,Meera Iyer,8,5,0,2026-08-31T14:10:18.442753+00:00,2026-08-31T19:24:44.885487+00:00,2026-09-01T00:16:01.507968+00:00
need assistance,"The dashboard never finishes loading, it just shows the spinner forever. Happy to share screenshots if needed. No rush at all. Thanks in advance.",priya.bose47@example.com,closed,technical,low,Tech Support,Kabir Singh,12,2,0,2026-08-31T14:45:42.919116+00:00,2026-09-01T13:44:00.792028+00:00,2026-09-01T18:49:19.929534+00:00
Dashboard stuck on loading spinner,"Hi team, The dashboard never finishes loading, it just shows the spinner forever. Happy to share screenshots if needed. Need this fixed today please.",amit.reddy54@example.com,closed,technical,high,Tech Support,Ananya Das,10,1,0,2026-08-31T14:47:28.023623+00:00,2026-08-31T16:53:05.027973+00:00,2026-08-31T19:21:47.729814+00:00
Two-factor codes not working,"Hello, My authenticator codes are rejected every time I try to sign in. This is affecting several of our users. Thanks in advance.",riya.patel44@example.com,closed,account,high,Account Security,Ishita Rao,5,0,0,2026-08-31T15:30:24.906664+00:00,2026-08-31T17:45:49.758546+00:00,2026-08-31T20:01:41.017241+00:00
Need a product demo,"Good morning, We would like to schedule a product demo for our team. This has happeend more than once now. Would appreciate help this week. Please help.",aditya.kumar98@example.com,closed,general,medium,General Support,Tara Joshi,7,1,0,2026-08-31T15:30:36.330915+00:00,2026-08-31T23:40:16.178903+00:00,2026-09-01T02:56:20.634430+00:00
Slack integration stopped posting,"Hello, Our Slack integration stopped posting notifications to the channel. Using version 3.1.3 on Android. This is affecting several of our users.",rahul.yadav29@example.com,closed,integrations,high,Integrations,Neil Fernandes,6,9,0,2026-08-31T16:28:34.919834+00:00,2026-08-31T18:35:55.753722+00:00,2026-09-01T00:46:53.142352+00:00
Unknown login from another country,"Hi team, I got an alert about a login from a country I have never visited. Using version 3.6.2 on Ubuntu. I already tried restarting everything. Not urgent, low priority for me.",riya.shah19@example.com,closed,account,low,Account Security,Ishita Rao,11,6,0,2026-08-31T16:30:42.866032+00:00,2026-08-31T23:22:25.237423+00:00,2026-09-01T03:11:19.424832+00:00
Delete my account and data,"Please delete my account and all my personal data permanently. Critical: our live system is affected. Thanks, Karan",karan.reddy53@example.com,resolved,account,urgent,Account Security,Ishita Rao,10,2,0,2026-08-31T16:39:59.715674+00:00,2026-08-31T17:07:29.682131+00:00,2026-08-31T23:32:35.789010+00:00
Damaged product on arrival,"Hi team, The product from order #677504 arrived with a broken screen. I already tried restarting everything. Using version 3.4.1 on Android. Just whenever you get time. Regards, Rahul",rahul.singh38@example.com,closed,shipping,low,Logistics,Arjun Mehta,11,4,0,2026-08-31T16:41:23.777141+00:00,2026-09-01T18:35:33.007688+00:00,2026-09-01T20:58:09.806659+00:00
Account locked after failed attempts,"Good morning, My account got locked after a few failed logins and I cannot get back in. Would appreciate help this week.",riya.mishra41@example.com,closed,account,medium,Account Security,Rohan Verma,13,2,0,2026-08-31T16:45:45.396308+00:00,2026-08-31T22:15:16.717495+00:00,2026-09-01T01:51:23.280682+00:00
Card declined but money deducted,"Hello, My card was declined at checkout but $19 still left my bank account. This is affecting several of our users.",rahul.bose33@example.com,closed,billing,high,Billing Support,Aarav Sharma,7,4,0,2026-08-31T17:03:28.424858+00:00,2026-08-31T20:30:45.836961+00:00,2026-08-31T22:45:43.131644+00:00
Order still not delivered,"Hi team, My order #522559 was supposed to arrive last week and still has not been delivered. Would appreciate help this week. Please help.",aditya.mishra58@example.com,closed,technical,medium,Tech Support,Vihaan Gupta,11,1,0,2026-08-31T17:04:01.112568+00:00,2026-09-01T01:41:43.562708+00:00,2026-09-01T09:50:58.820705+00:00
Charged twice for my subscription,"Hi team, I was charged $19 twice for my Pro plan this month. It is annoying but we can work around it. Please help.",riya.yadav69@example.com,closed,billing,medium,Billing Support,Meera Iyer,11,2,0,2026-08-31T17:49:43.129944+00:00,2026-08-31T20:04:43.879589+00:00,2026-09-01T01:24:10.408036+00:00
Password reset email never arrives,"Hello, I requested a password reset three times but no email has arrived. I already tried restarting everything. Happy to share screenshots if needed. It is annoying but we can work around it.",karan.yadav59@example.com,closed,account,medium,Account Security,Rohan Verma,7,2,0,2026-08-31T18:05:36.002271+00:00,2026-08-31T23:34:42.917034+00:00,2026-09-01T01:48:19.308299+00:00
Getting error 500 on upload,"Uploading any file fails with an error 500 message. Using version 3.4.3 on Windows 11. Happy to share screenshots if needed. Quite urgent for us, deadline is tomorrow. Thanks, Vikram",vikram.singh34@example.com,resolved,technical,high,Tech Support,Ananya Das,5,4,0,2026-08-31T19:53:01.048620+00:00,2026-08-31T20:18:52.043780+00:00,2026-08-31T22:21:21.299117+00:00
Card declined but money deducted,"Hello, My card was declined at checkout but $9 still left my bank account. Using version 3.8.1 on Windows 11. I already tried restarting everything. Not urgent, low priority for me. Regards, Rahul",rahul.singh26@example.com,closed,billing,low,Billing Support,Meera Iyer,0,2,0,2026-08-31T22:57:35.455699+00:00,2026-09-01T02:32:27.347212+00:00,2026-09-01T05:52:24.011472+00:00
Unexpected charge on my account,"Good morning, There is a charge of $19 on my statement that I do not recognise. I already tried restarting everything. Would appreciate help this week. Please help.",riya.kumar42@example.com,closed,billing,medium,Billing Support,Meera Iyer,5,6,0,2026-08-31T23:29:15.108493+00:00,2026-09-01T23:25:06.405334+00:00,2026-09-02T02:04:44.913738+00:00
Feature request: dark mode,"Hi, It would be great to have a dark mode option in the app. Would appreciate help this week. Regards, Amit",amit.shah41@example.com,closed,general,medium,General Support,Tara Joshi,4,5,0,2026-09-01T01:43:14.585989+00:00,2026-09-01T02:38:31.747092+00:00,2026-09-01T04:06:39.395726+00:00
Card declined but money deducted,"My card was declined at checkout but $99 still left my bank account. Happy to share screenshots if needed. Using version 4.2.1 on macOS. Just whenever you get time. Thanks, Priya",priya.bose16@example.com,closed,billing,low,Billing Support,Aarav Sharma,11,1,1,2026-09-01T09:11:19.898820+00:00,2026-09-02T03:45:23.007332+00:00,2026-09-02T06:39:56.013411+00:00
Slack integration stopped posting,"Hi, Our Slack integration stopped posting notifications to the channel. This started yesterday. Happy to share screenshots if needed. It is annoying but we can work around it. Thanks in advance.",riya.reddy4@example.com,resolved,integrations,medium,Integrations,Neil Fernandes,0,5,0,2026-09-01T09:49:37.146933+00:00,2026-09-01T13:10:07.267435+00:00,2026-09-01T15:30:36.803208+00:00
Do you offer student discounts,"Hi team, Do you offer any discount for students or non-profit organisations? This is blocking our entire team in production. Please help.",neha.kumar65@example.com,closed,general,urgent,General Support,Tara Joshi,13,6,0,2026-09-01T10:12:07.663649+00:00,2026-09-01T11:32:53.949191+00:00,2026-09-01T13:10:26.068399+00:00
Account locked after failed attempts,"Hello, My account got locked after a few failed logins and I cannot get back in. I already tried restarting everything. No rush at all.",neha.bose62@example.com,closed,shipping,low,Logistics,Arjun Mehta,11,1,0,2026-09-01T10:52:59.064093+00:00,2026-09-01T12:52:57.027569+00:00,2026-09-01T17:06:49.457055+00:00
problem,"Hi team, Could you share pricing details for the enterprise plan for about 200 seats? I already tried restarting everything. Using version 3.3.2 on iPhone. Not urgent, low priority for me. Thanks in advance.",rahul.jain96@example.com,closed,general,low,General Support,Tara Joshi,11,3,0,2026-09-01T12:17:20.860680+00:00,2026-09-01T16:27:39.268691+00:00,2026-09-01T18:25:20.161396+00:00
Charged twice for my subscription,"Good morning, I was charged $19 twice for my Pro plan this month. Happy to share screenshots if needed. This started yesterday. This is affecting several of our users.",pooja.yadav75@example.com,closed,shipping,high,Logistics,Arjun Mehta,11,3,0,2026-09-01T12:24:25.698255+00:00,2026-09-01T18:01:15.484878+00:00,2026-09-01T19:49:31.554369+00:00
Slack integration stopped posting,"Good morning, Our Slack integration stopped posting notifications to the channel. This has happened more than once now. It is annoying but we can work around it.",amit.reddy37@example.com,closed,integrations,medium,Integrations,Neil Fernandes,10,2,0,2026-09-01T12:43:45.558734+00:00,2026-09-01T14:43:48.555825+00:00,2026-09-01T17:15:58.220099+00:00
issue,"I received the wrong item in order #754448, this is not what I ordered. Not urgent, low priority for me. Regards, Karan",karan.singh6@example.com,resolved,shipping,low,Logistics,Arjun Mehta,14,0,0,2026-09-01T13:09:35.542072+00:00,2026-09-01T21:34:32.086131+00:00,2026-09-02T02:01:42.957643+00:00
Package marked delivered but missing,"Tracking says order #938429 was delivered but nothing is at my door. This started yesterday. Quite urgent for us, deadline is tomorrow. Regards, Aditya",aditya.mishra47@example.com,closed,technical,high,Tech Support,Kabir Singh,11,6,0,2026-09-01T13:54:29.464404+00:00,2026-09-01T16:09:51.308687+00:00,2026-09-02T08:07:30.825446+00:00
Order still not delivered,"Hi team, My order #183306 was supposed to arrive last week and still has not been delivered. This has happened more than once now. Using version 4.8.1 on Ubuntu. Just whenever you get time. Thanks in advance.",riya.jain93@example.com,closed,billing,low,Billing Support,Meera Iyer,6,0,0,2026-09-01T14:40:58.238245+00:00,2026-09-02T00:47:17.183423+00:00,2026-09-02T12:35:45.380929+00:00
Package marked delivered but missing,"Hello, Tracking says order #164714 was delivered but nothing is at my door. I already tried restarting everything. Happy to share screenshots if needed. It is annoying but we can work around it. Thanks in advance.",riya.shah55@example.com,closed,shipping,medium,Logistics,Diya Nair,11,4,0,2026-09-01T14:43:00.106431+00:00,2026-09-02T22:45:27.391775+00:00,2026-09-03T03:28:12.893135+00:00
Tracking link shows no updates,it is not working please check,karan.kapoor1@example.com,resolved,shipping,low,Logistics,Arjun Mehta,10,0,0,2026-09-01T15:16:13.058808+00:00,2026-09-01T19:45:56.998606+00:00,2026-09-02T01:19:43.925948+00:00
Question about enterprise pricing,Could you share pricing details for the enterprise plan for about 200 seats? This started yesterday. Using version 4.9.3 on Windows 11. Critical: our live system is affected. Thanks in advance.,pooja.yadav56@example.com,closed,general,urgent,General Support,Tara Joshi,9,4,0,2026-09-01T15:38:12.701343+00:00,2026-09-01T16:01:37.074999+00:00,2026-09-02T01:15:36.044239+00:00
Mobile app freezes on startup,"The mobile app freezes on the splash screen right after launch. Need this fixed today please. Thanks, Amit",amit.kapoor28@example.com,closed,technical,high,Tech Support,Kabir Singh,7,4,1,2026-09-01T16:00:09.835851+00:00,2026-09-02T03:01:54.076889+00:00,2026-09-02T05:48:05.852574+00:00
Unexpected charge on my account,"Hello, There is a charge of $9 on my statement that I do not recognise. This has happened more than once now. Need this fixed today please.",sneha.shah37@example.com,resolved,billing,high,Billing Support,Aarav Sharma,17,3,0,2026-09-01T16:07:33.778051+00:00,2026-09-01T18:50:56.974019+00:00,2026-09-02T10:47:58.544776+00:00
Looking for a data processing agreement,"Hi team, Can you send us your standard data processing agreement? Quite urgent for us, deadline is tomorrow. Thanks, Riya",riya.kapoor28@example.com,closed,general,high,General Support,Tara Joshi,9,3,0,2026-09-01T16:10:21.331146+00:00,2026-09-01T18:35:24.614400+00:00,2026-09-01T21:28:57.802957+00:00
Salesforce sync duplicates contacts,"Hello, The Salesforce sync keeps creating duplicate contacts in our CRM. Happy to share screenshots if needed. No rush at all.",amit.reddy21@example.com,closed,integrations,low,Integrations,Sana Khan,4,6,0,2026-09-01T16:41:30.942010+00:00,2026-09-02T12:18:31.731455+00:00,2026-09-03T05:33:18.767524+00:00
Feedback on the new interface,"Good morning, I wanted to share some feedback about the new interface layout. It is annoying but we can work around it. Thanks in advance.",aditya.kumar65@example.com,closed,general,medium,General Support,Tara Joshi,8,4,0,2026-09-01T16:43:22.605963+00:00,2026-09-01T20:15:24.044452+00:00,2026-09-02T02:07:47.656743+00:00
getting error 500 on upload,"uploading any file fails with an error 500 message. using version 3.9.2 on windows 11. this started yesterday. would appreciate help this week. thanks, riya",riya.yadav47@example.com,closed,technical,medium,Tech Support,Vihaan Gupta,11,5,0,2026-09-01T16:46:17.446861+00:00,2026-09-01T21:37:35.734975+00:00,2026-09-02T15:11:23.274819+00:00
Package marked delivered but missing,"Good morning, Tracking says order #844457 was delivered but nothing is at my door. Happy to share screenshots if needed. It is annoying but we can work around it. Thanks, Pooja",pooja.yadav75@example.com,closed,billing,medium,Billing Support,Aarav Sharma,10,3,0,2026-09-01T16:48:09.506217+00:00,2026-09-01T20:07:52.317452+00:00,2026-09-02T16:37:18.597256+00:00
Unknown login from another country,I need help with this as soon as possible,pooja.shah90@example.com,closed,account,high,Account Security,Ishita Rao,12,3,0,2026-09-01T17:03:32.698969+00:00,2026-09-01T19:03:17.187680+00:00,2026-09-01T20:55:59.895367+00:00
Unknown login from another country,"Hello, I got an alert about a login from a country I have never visited. Would appreciate help this week. Please help.",riya.bose66@example.com,closed,account,medium,Account Security,Rohan Verma,9,5,0,2026-09-01T17:09:35.824635+00:00,2026-09-01T20:06:35.785673+00:00,2026-09-02T00:26:15.764343+00:00
Need GST invoice for last month,"Hello, I need a GST invoice for my Pro subscription for our accounting. Just whenever you get time.",rahul.shah72@example.com,closed,billing,low,Billing Support,Meera Iyer,7,6,1,2026-09-01T17:15:35.996174+00:00,2026-09-02T20:57:07.507238+00:00,2026-09-03T04:06:58.147762+00:00
Question about enterprise pricing,"Good morning, Colud you share pricing details for the enterprise plan for about 200 seats? Would appreciate help this week. Please help.",karan.kumar53@example.com,closed,general,medium,General Support,Tara Joshi,16,1,0,2026-09-01T17:21:00.965226+00:00,2026-09-01T23:38:24.413442+00:00,2026-09-02T13:27:24.682293+00:00
App crashes when exporting report,"Hi team, The app crashes every time I try to export a report to CSV. Not urgent, low priority for me. Regards, Vikram",vikram.kumar91@example.com,closed,technical,low,Tech Support,Ananya Das,6,3,0,2026-09-01T17:43:42.520761+00:00,2026-09-02T02:35:22.136774+00:00,2026-09-02T04:09:56.892917+00:00
Password reset email never arrives,"Hi, I requested a password reset three times but no email has arrived. This has happened more than once now. It is annoying but we can work around it.",karan.kumar41@example.com,resolved,account,medium,Account Security,Ishita Rao,2,2,1,2026-09-02T00:05:30.312252+00:00,2026-09-02T01:52:40.755533+00:00,2026-09-02T03:23:13.168949+00:00
Question about enterprise pricing,"Hello, Could you share pricing details for the enterprise plan for about 200 seats? I already tried restarting everything. Need this fixed today please.",priya.kapoor81@example.com,closed,general,high,General Support,Tara Joshi,1,4,0,2026-09-02T03:39:47.072259+00:00,2026-09-02T04:41:29.857087+00:00,2026-09-02T12:57:36.279294+00:00
Charged twice for my subscription,"Hello, I was charged $29 twice for my Business plan this month. Using version 4.2.1 on Ubuntu. It is annoying but we can work around it. Thanks, Karan",karan.mishra87@example.com,closed,billing,medium,Billing Support,Aarav Sharma,9,1,0,2026-09-02T04:12:26.020773+00:00,2026-09-02T06:21:16.317028+00:00,2026-09-02T11:23:27.089196+00:00
Order still not delivered,"Hi team, My order #218381 was supposed to arrive last week and still has not been delivered. I already tried restarting everything. This is affecting several of our users. Please help.",sneha.shah31@example.com,closed,shipping,high,Logistics,Diya Nair,7,6,0,2026-09-02T05:13:50.571327+00:00,2026-09-02T07:18:40.670513+00:00,2026-09-02T08:51:31.034451+00:00
Do you offer student discounts,"Good morning, Do you offer any discount for students or non-profit organisations? It is annoying but we can work around it. Please help.",rahul.bose35@example.com,resolved,general,medium,General Support,Tara Joshi,5,0,0,2026-09-02T07:37:00.757099+00:00,2026-09-02T14:34:49.264772+00:00,2026-09-02T20:50:48.470675+00:00
App crashes when exporting report,"Hello, The app crashes every time I try to export a report to CSV. This is blocking our entire team in production. Regards, Karan",karan.patel46@example.com,closed,technical,urgent,Tech Support,Kabir Singh,13,0,0,2026-09-02T09:13:58.806665+00:00,2026-09-02T09:40:10.808627+00:00,2026-09-02T11:24:42.214061+00:00
Unknown login from another country,I got an alert about a login from a country I have never visited. Critical: our live system is affected.,pooja.jain12@example.com,closed,account,urgent,Account Security,Ishita Rao,7,6,0,2026-09-02T09:57:09.650693+00:00,2026-09-02T10:34:55.815424+00:00,2026-09-02T13:55:42.200186+00:00
Card declined but money deducted,"Good morning, My card was declined at checkout but $199 still left my bank account. This started yesterday. Happy to share screenshots if needed. Would appreciate help this week. Please help.",vikram.kumar86@example.com,closed,billing,medium,Billing Support,Aarav Sharma,16,4,0,2026-09-02T10:10:38.296018+00:00,2026-09-02T16:07:14.064874+00:00,2026-09-02T16:52:22.670518+00:00
Charged twice for my subscription,"Hello, I was charged $99 twice for my Team plan this month. Happy to share screenshots if needed. Would appreciate help this week. Regards, Karan",karan.yadav27@example.com,closed,billing,medium,Billing Support,Aarav Sharma,13,2,0,2026-09-02T10:47:40.653091+00:00,2026-09-02T14:45:36.277385+00:00,2026-09-02T18:16:37.065825+00:00
issue,"Hi, I requested a password reset three times but no email has arrived. This started yesterday. I already tried restarting everything. Would appreciate help this week. Regards, Sneha",sneha.kumar97@example.com,closed,account,medium,Account Security,Ishita Rao,4,3,0,2026-09-02T11:03:03.993075+00:00,2026-09-02T15:12:42.146909+00:00,2026-09-02T19:33:35.144546+00:00
need gst invoice for last month,"good morning, i need a gst invoice for my team subscription for our accounting. happy to share screenshots if needed. this has happened more than once now. just whenever you get time. please help.",riya.jain39@example.com,closed,billing,low,Billing Support,Aarav Sharma,10,2,0,2026-09-02T11:47:29.091026+00:00,2026-09-02T17:50:30.297649+00:00,2026-09-04T08:21:22.538008+00:00
Wrong item received,"Hi team, I received the wrong item in order #403705, this is not what I ordered. Happy to share screenshots if needed. Would appreciate help this week. Thanks in advance.",sneha.singh83@example.com,resolved,shipping,medium,Logistics,Diya Nair,12,3,0,2026-09-02T13:13:28.949102+00:00,2026-09-02T17:51:54.876305+00:00,2026-09-02T20:44:25.643058+00:00
Do you offer student discounts,"Hello, Do you offer any discount for students or non-profit organisations? I already tried restarting everything. Using version 3.1.3 on macOS. No rush at all. Regards, Amit",amit.mishra8@example.com,closed,general,low,General Support,Tara Joshi,15,3,0,2026-09-02T13:21:15.845064+00:00,2026-09-02T23:01:51.104252+00:00,2026-09-03T02:51:53.599499+00:00
App crashes when exporting report,"The app crashes every time I try to export a report to CSV. This started yesterday. Would appreciate help this week. Regards, Riya",riya.reddy96@example.com,closed,technical,medium,Tech Support,Vihaan Gupta,12,3,0,2026-09-02T13:39:19.025379+00:00,2026-09-02T16:26:54.396805+00:00,2026-09-04T09:59:07.073577+00:00
Question about enterprise pricing,"Could you share pricing details for the enterprise plan for about 200 seats? It is annoying but we can work around it. Thanks, Aditya",aditya.yadav74@example.com,closed,general,medium,General Support,Tara Joshi,8,2,0,2026-09-02T14:10:26.588986+00:00,2026-09-02T18:27:03.736457+00:00,2026-09-02T20:17:18.328900+00:00
need to change delivery address,"hi team, i entered the wrong address for order #166389 and need to change it. happy to share screenshots if needed. no rush at all. thanks in advance.",priya.singh32@example.com,closed,shipping,low,Logistics,Diya Nair,5,4,0,2026-09-02T14:20:38.677724+00:00,2026-09-03T01:31:54.385789+00:00,2026-09-03T09:29:05.349825+00:00
Files not syncing across devices,"Good morning, My files are not syncing bewteen my latpop and my phone anymore. I already tried restarting everything. We are losing customers every minute, need help ASAP!",amit.yadav86@example.com,closed,technical,urgent,Tech Support,Kabir Singh,8,5,0,2026-09-02T17:00:50.121128+00:00,2026-09-02T18:05:33.017743+00:00,2026-09-03T06:00:48.060639+00:00
Files not syncing across devices,"Hi, My files are not syncing bewteen my laptop and my phone anymore. Using version 4.8.2 on macOS. Happy to share screenshots if needed. Need this fixed tdoay please. Thanks in advance.",riya.reddy11@example.com,resolved,technical,high,Tech Support,Vihaan Gupta,15,1,0,2026-09-02T17:50:16.504025+00:00,2026-09-02T19:00:11.191197+00:00,2026-09-02T21:34:58.658621+00:00
urgent!!,"hi, i requested a password reset three times but no email has arrived. would appreciate help this week.",amit.shah28@example.com,resolved,account,medium,Account Security,Ishita Rao,6,1,0,2026-09-02T20:46:55.979550+00:00,2026-09-03T02:17:59.880251+00:00,2026-09-03T04:17:14.464196+00:00
Card declined but money deducted,"My card was declined at checkout but $9 still left my bank account. This has happened more than once now. I already tried restarting everything. Would appreciate help this week. Regards, Sneha",sneha.mishra47@example.com,closed,billing,medium,Billing Support,Aarav Sharma,7,0,0,2026-09-03T00:52:10.115351+00:00,2026-09-03T12:58:27.247140+00:00,2026-09-03T14:42:33.602703+00:00
Can't log in to my account,"Hi, I cannot log in even though I am sure my password is corretc. I already tried restarting everything. Using version 4.3.3 on Ubuntu. Not urgent, low priority for me. Thanks, Karan",karan.kumar7@example.com,resolved,account,low,Account Security,Rohan Verma,7,5,0,2026-09-03T06:53:30.169500+00:00,2026-09-04T13:34:30.958800+00:00,2026-09-04T16:20:38.665751+00:00
Unknown login from another country,I got an alert about a login from a country I have never visited. Using version 4.2.1 on Ubuntu. This started yesterday. Need this fixed today please.,sneha.reddy62@example.com,closed,account,high,Account Security,Ishita Rao,4,4,0,2026-09-03T07:26:35.865601+00:00,2026-09-03T08:35:38.131855+00:00,2026-09-03T09:20:28.509797+00:00
Invoice shows wrong amount,"Hi, The invoice for Pro shows $49 but I expected a lower amount. Using version 3.2.2 on iPhone. Happy to share screenshots if needed. Quite urgent for us, deadline is tomorrow.",vikram.singh92@example.com,closed,billing,high,Billing Support,Meera Iyer,6,3,0,2026-09-03T08:48:58.097573+00:00,2026-09-03T12:46:07.057570+00:00,2026-09-03T14:11:44.327019+00:00
Need to change delivery address,"Good morning, I entered the wrong address for order #577456 and need to change it. It is annoying but we can work around it.",amit.singh9@example.com,closed,shipping,medium,Logistics,Arjun Mehta,2,1,0,2026-09-03T09:06:22.051229+00:00,2026-09-03T12:03:52.078018+00:00,2026-09-03T21:39:48.613515+00:00
Account locked after failed attempts,"My account got locked after a few failed logins and I cannot get back in. Using version 3.6.0 on Windows 11. Would appreciate help this week. Thanks, Sneha",sneha.shah23@example.com,closed,account,medium,Account Security,Rohan Verma,8,2,0,2026-09-03T09:06:59.182657+00:00,2026-09-03T14:25:45.615025+00:00,2026-09-04T00:28:11.967418+00:00
delete my account and data,"hello, please delete my account and all my personal data permanently. using version 4.1.3 on ubuntu. happy to share screenshots if needed. just whenever you get time. thanks, pooja",pooja.mishra74@example.com,closed,account,low,Account Security,Rohan Verma,9,0,0,2026-09-03T10:44:16.576697+00:00,2026-09-04T05:31:17.329988+00:00,2026-09-04T11:51:29.880309+00:00
Delete my account and data,"Good morning, Please delete my account and all my personal data permanently. Happy to share screenshots if needed. Using version 3.1.0 on iPhone. Would appreciate help this week. Regards, Rahul",rahul.bose82@example.com,closed,account,medium,Account Security,Rohan Verma,14,4,0,2026-09-03T11:19:44.821940+00:00,2026-09-03T15:27:33.909892+00:00,2026-09-04T21:01:14.455133+00:00
Refund for cancelled plan,"Good morning, I cancelled my Starter subscription last week and have not received the refnud. Using version 3.5.1 on Windows 11. I already tried restarting everything. It is annoying but we can work around it. Please help.",karan.kumar91@example.com,closed,billing,medium,Billing Support,Meera Iyer,8,5,0,2026-09-03T11:28:53.094382+00:00,2026-09-03T16:28:16.082913+00:00,2026-09-03T18:35:35.726378+00:00
App crashes when exporting report,"Good morning, The app crashes every time I try to export a report to CSV. Happy to share screenshots if needed. This has happened more than once now. Just whenever you get time. Thanks in advance.",rahul.singh97@example.com,closed,technical,low,Tech Support,Ananya Das,11,3,0,2026-09-03T12:25:41.588544+00:00,2026-09-05T01:10:09.768426+00:00,2026-09-05T03:56:02.192861+00:00
Delete my account and data,"Hi, Please delete my account and all my personal data permanently. This has happened more than once now. This is affecting several of our users.",rahul.patel20@example.com,resolved,account,high,Account Security,Ishita Rao,10,3,0,2026-09-03T13:15:27.974116+00:00,2026-09-03T14:19:08.995784+00:00,2026-09-04T07:06:29.677102+00:00
Password reset email never arrives,it is not working please check,karan.kumar35@example.com,closed,general,high,General Support,Tara Joshi,9,3,0,2026-09-03T13:36:57.532236+00:00,2026-09-03T14:30:53.414984+00:00,2026-09-03T17:10:59.561606+00:00
Mobile app freezes on startup,"Hi team, The mobile app freezes on the splash screen right after launch. This started yesterday. I already tried restarting everything. Would appreciate help this week. Regards, Rahul",rahul.reddy36@example.com,closed,technical,medium,Tech Support,Vihaan Gupta,13,3,0,2026-09-03T13:54:39.696764+00:00,2026-09-03T15:22:40.933793+00:00,2026-09-04T01:46:12.953562+00:00
slow performance since last update,I need help with this as soon as possible,karan.jain96@example.com,resolved,technical,low,Tech Support,Kabir Singh,12,0,0,2026-09-03T14:31:34.963044+00:00,2026-09-03T23:35:53.585894+00:00,2026-09-04T01:38:14.136288+00:00
Damaged product on arrival,"Hello, The product from order #368737 arrived with a broken screen. This has happened more than once now. It is annoying but we can work around it. Thanks, Vikram",vikram.singh25@example.com,resolved,shipping,medium,Logistics,Arjun Mehta,10,6,0,2026-09-03T15:05:22.356589+00:00,2026-09-03T18:11:41.380211+00:00,2026-09-03T20:22:11.530651+00:00
Files not syncing across devices,"Hello, My files are not syncing between my laptop and my phone anymore. It is annoying but we can work around it. Thanks in advance.",pooja.singh1@example.com,resolved,technical,medium,Tech Support,Vihaan Gupta,5,2,0,2026-09-03T15:23:23.143218+00:00,2026-09-03T22:12:23.918817+00:00,2026-09-04T13:59:01.762673+00:00
Feedback on the new interface,"I wanted to share some feedback about the new interface layout. This started yesterday. Using version 4.1.2 on macOS. It is annoying but we can work around it. Thanks, Aditya",aditya.kapoor84@example.com,resolved,general,medium,General Support,Tara Joshi,13,5,0,2026-09-03T15:38:05.553167+00:00,2026-09-03T19:19:09.207807+00:00,2026-09-03T20:33:07.368737+00:00
Delete my account and data,"Hello, Please delete my account and all my personal data permanently. This started yesterday. Not urgent, low priority for me. Please help.",vikram.bose69@example.com,closed,account,low,Account Security,Rohan Verma,8,4,0,2026-09-03T15:39:13.338250+00:00,2026-09-03T22:02:40.187833+00:00,2026-09-03T22:53:39.630816+00:00
Unexpected charge on my account,There is a charge of $29 on my statement that I do not recognise. I already tried restarting everything. Happy to share screenshots if needed. It is annoying but we can work around it. Please help.,rahul.kumar63@example.com,closed,billing,medium,Billing Support,Aarav Sharma,5,4,0,2026-09-03T16:02:57.920512+00:00,2026-09-03T17:37:12.803992+00:00,2026-09-03T21:50:05.707562+00:00
Need GST invoice for last month,"I need a GST invoice for my Business subscription for our accounting. This has happened more than once now. It is annoying but we can work around it. Regards, Riya",riya.patel42@example.com,closed,billing,medium,Billing Support,Meera Iyer,9,5,0,2026-09-03T16:16:13.674056+00:00,2026-09-04T00:51:14.342785+00:00,2026-09-05T01:15:32.648903+00:00
Delete my account and data,"Hi team, Please delete my account and all my personal data permanently. This started yesterday. Using version 4.0.1 on Windows 11. Would appreciate help this week. Thanks in advance.",neha.shah56@example.com,closed,account,medium,Account Security,Rohan Verma,4,5,0,2026-09-03T16:35:26.509466+00:00,2026-09-03T18:04:19.075475+00:00,2026-09-03T22:04:25.158271+00:00
Mobile app freezes on startup,"Hi team, The mobile app freezes on the splash screen right after launch. Just whenever you get time. Regards, Karan",karan.yadav36@example.com,closed,account,low,Account Security,Rohan Verma,13,2,0,2026-09-03T17:23:43.648513+00:00,2026-09-03T21:06:12.380503+00:00,2026-09-03T22:36:38.527174+00:00
Salesforce sync duplicates contacts,"Good morning, The Salesforce sync keeps creating duplicate contacts in our CRM. This started yesterday. Quite urgent for us, deadline is tomorrow. Regards, Pooja",pooja.shah79@example.com,closed,integrations,high,Integrations,Neil Fernandes,6,7,0,2026-09-03T17:32:28.317570+00:00,2026-09-03T19:37:07.997985+00:00,2026-09-04T02:47:32.966399+00:00
Need GST invoice for last month,"Hi, I need a GST invoice for my Team subscription for our accounting. This started yesterday. It is annoying but we can work around it. Thanks in advance.",pooja.kumar74@example.com,closed,billing,medium,Billing Support,Aarav Sharma,16,4,0,2026-09-03T17:35:15.835450+00:00,2026-09-03T19:30:39.334212+00:00,2026-09-03T21:21:19.028997+00:00
Need to change delivery address,"I entreed the wrong address for odrer #193752 and need to change it. I already tried restarting everything. This started yesterday. Not urgent, low priroity for me. Thanks, Sneha",sneha.patel67@example.com,closed,shipping,low,Logistics,Arjun Mehta,10,2,0,2026-09-03T17:50:22.768671+00:00,2026-09-03T20:32:10.007857+00:00,2026-09-04T00:43:46.163893+00:00
Password reset email never arrives,"Hi, I requested a password reset three times but no email has arrived. I already tried restarting evreything. Would appreciate help this week. Thanks, Aditya",aditya.yadav47@example.com,resolved,account,medium,Account Security,Rohan Verma,4,4,0,2026-09-03T18:33:17.033463+00:00,2026-09-04T00:52:40.543966+00:00,2026-09-04T03:33:58.558474+00:00
Do you offer student discounts,"Hi, Do you offer any discount for stuednts or non-profit organisations? Would appreciate help this week.",priya.singh33@example.com,closed,general,medium,General Support,Tara Joshi,0,3,0,2026-09-03T19:41:39.971714+00:00,2026-09-03T21:07:09.559591+00:00,2026-09-04T00:17:59.915844+00:00
Unknown login from another country,"Good morning, I got an alert about a login from a country I have never visited. This has happened more than once now. It is annoying but we can work around it.",neha.kapoor4@example.com,closed,account,medium,Account Security,Ishita Rao,3,3,0,2026-09-03T21:34:48.995467+00:00,2026-09-04T07:27:45.876644+00:00,2026-09-04T14:14:09.370887+00:00
Delete my account and data,Please delete my account and all my personal data permanently. This started yesterday. Need this fixed today please.,aditya.singh1@example.com,resolved,account,high,Account Security,Rohan Verma,0,4,0,2026-09-03T23:47:28.632956+00:00,2026-09-04T01:10:04.014286+00:00,2026-09-04T01:42:43.784827+00:00
Slack integration stopped posting,"Good morning, Our Slack integration stopped posting notifications to the channel. This has happened more than once now. I already tried restarting everything. Need this fixed today please. Regards, Rahul",rahul.yadav9@example.com,resolved,integrations,high,Integrations,Neil Fernandes,0,6,0,2026-09-04T06:32:47.099798+00:00,2026-09-04T08:12:04.896245+00:00,2026-09-04T13:36:23.739213+00:00
Webhook deliveries failing,"Hi team, Webhook deliveries to our endpoint keep failing and events are missing. Need this fixed today please.",rahul.patel40@example.com,closed,integrations,high,Integrations,Neil Fernandes,6,4,0,2026-09-04T07:44:59.995714+00:00,2026-09-04T08:58:34.246343+00:00,2026-09-04T09:37:44.447419+00:00
App crashes when exporting report,"Good morning, The app crashes every time I try to export a report to CSV. I already tried restarting everything. This started yesterday. Just whenever you get time. Thanks, Amit",amit.patel36@example.com,closed,technical,low,Tech Support,Kabir Singh,3,2,0,2026-09-04T07:59:47.620356+00:00,2026-09-04T22:03:45.388629+00:00,2026-09-05T01:41:42.270589+00:00
two-factor codes not working,"good morning, my authenticator codes are rejected every time i try to sign in. would appreciate help this week. please help.",rahul.kumar86@example.com,resolved,account,medium,Account Security,Ishita Rao,12,4,1,2026-09-04T09:05:43.735086+00:00,2026-09-04T15:22:42.629820+00:00,2026-09-04T22:56:35.727929+00:00
mobile app freezes on startup,"hello, the mobile app freezes on the splash screen right after launch. this is affecting several of our users. thanks, neha",neha.singh5@example.com,closed,technical,high,Tech Support,Ananya Das,7,3,0,2026-09-04T10:06:39.473305+00:00,2026-09-04T13:11:59.101900+00:00,2026-09-04T14:39:36.355577+00:00
Rate limit errors on API,"Hi team, We are hitting 429 rate limit errors on the API even with low traffic. I already tried restarting everything. Need this fixed today please.",pooja.kumar60@example.com,closed,integrations,high,Integrations,Neil Fernandes,8,6,0,2026-09-04T10:11:38.461645+00:00,2026-09-04T12:24:38.685198+00:00,2026-09-05T00:49:07.115338+00:00
Package marked delivered but missing,"Hi, Tracking says order #607611 was delivered but nothing is at my door. Not urgent, low priority for me. Please help.",aditya.yadav32@example.com,closed,shipping,low,Logistics,Diya Nair,11,9,0,2026-09-04T11:07:41.731130+00:00,2026-09-04T13:08:36.219413+00:00,2026-09-04T17:33:00.126030+00:00
Password reset email never arrives,"Hi team, I requested a password reset three times but no email has arrived. Would appreciate help this week. Thanks in advance.",pooja.patel21@example.com,closed,account,medium,Account Security,Rohan Verma,7,4,0,2026-09-04T11:27:57.867085+00:00,2026-09-04T15:23:16.683302+00:00,2026-09-06T08:37:08.694222+00:00
need a product demo,"hi, we would like to schedule a product demo for our team. this started yesterday. it is annoying but we can work around it. regards, amit",amit.patel70@example.com,resolved,general,medium,General Support,Tara Joshi,8,2,0,2026-09-04T13:57:02.685874+00:00,2026-09-04T17:56:12.376085+00:00,2026-09-04T19:08:06.646663+00:00
Unknown login from another country,I got an alert about a login from a country I have never visited. This has happened more than once now. No rush at all. Please help.,priya.bose72@example.com,closed,account,low,Account Security,Rohan Verma,8,3,1,2026-09-04T14:15:17.043384+00:00,2026-09-05T09:31:04.645230+00:00,2026-09-05T15:54:02.380742+00:00
Dashboard stuck on loading spinner,"Good morning, The dashboard never finishes loading, it just shows the spinner forever. Would appreciate help this week.",amit.reddy3@example.com,resolved,technical,medium,Tech Support,Vihaan Gupta,9,0,0,2026-09-04T14:21:05.562109+00:00,2026-09-04T16:39:11.044876+00:00,2026-09-04T18:32:59.780759+00:00
Unknown login from another country,"Hi team, I got an alert about a login from a country I have never visited. I already tried restarting everything. Happy to share screenshots if needed. Would appreciate help this week. Thanks, Riya",riya.patel69@example.com,closed,account,medium,Account Security,Ishita Rao,8,3,0,2026-09-04T14:35:04.404759+00:00,2026-09-05T01:46:27.627099+00:00,2026-09-05T11:52:49.089500+00:00
Rate limit errors on API,"Hello, We are hitting 429 rate limit errors on the API even with low traffic. This started yesterday. Not urgent, low priority for me. Regards, Priya",priya.yadav65@example.com,closed,integrations,low,Integrations,Neil Fernandes,13,8,0,2026-09-04T14:48:43.619828+00:00,2026-09-05T05:04:43.600742+00:00,2026-09-05T06:38:24.506585+00:00
Invoice shows wrong amount,The invoice for Business shows $9 but I expected a lower amount. This is blocking our entire team in production. Thanks in advance.,neha.reddy50@example.com,closed,billing,urgent,Billing Support,Meera Iyer,6,4,0,2026-09-04T15:00:07.781501+00:00,2026-09-04T16:21:17.625197+00:00,2026-09-04T20:51:41.688494+00:00
Unexpected charge on my account,"Hi team, There is a charge of $19 on my statement that I do not recognise. We are losing customers every minute, need help ASAP! Thanks, Vikram",vikram.yadav18@example.com,closed,billing,urgent,Billing Support,Meera Iyer,3,2,0,2026-09-04T15:56:55.884862+00:00,2026-09-04T16:28:18.707966+00:00,2026-09-04T19:33:35.540404+00:00
Webhook deliveries failing,"Hello, Webhook deliveries to our endpoint keep failing and events are missing. This has happened more than once now. Quite urgent for us, deadline is tomorrow. Regards, Aditya",aditya.shah12@example.com,resolved,integrations,high,Integrations,Neil Fernandes,7,4,0,2026-09-04T16:08:25.416608+00:00,2026-09-04T18:52:00.763505+00:00,2026-09-05T04:50:49.336486+00:00
Charged twice for my subscription,"Hi team, I was charged $49 twice for my Team plan this month. Happy to share screenshots if needed. This started yesterday. Would appreciate help this week. Thanks in advance.",vikram.kapoor98@example.com,closed,billing,medium,Billing Support,Meera Iyer,15,1,0,2026-09-04T16:10:21.178256+00:00,2026-09-04T21:42:44.408625+00:00,2026-09-05T08:53:55.455112+00:00
Feature request: dark mode,"Hi, It would be great to have a dark mode option in the app. This started yesterday. This has happened more than once now. Not urgent, low priority for me. Thanks in advance.",rahul.reddy8@example.com,closed,general,low,General Support,Tara Joshi,8,4,0,2026-09-04T16:38:39.732086+00:00,2026-09-04T21:19:24.295329+00:00,2026-09-04T21:41:24.477193+00:00
Can't log in to my account,"Hi, I cannot log in even though I am sure my password is correct. It is annoying but we can work around it. Thanks, Priya",priya.singh43@example.com,closed,account,medium,Account Security,Ishita Rao,4,4,0,2026-09-04T16:48:12.853632+00:00,2026-09-04T23:04:06.827933+00:00,2026-09-05T10:47:00.390153+00:00
Password reset email never arrives,"Hi team, I requested a password reset three times but no email has arrived. Happy to share screenshots if needed. Critical: our live system is affected. Thanks, Karan",karan.reddy43@example.com,closed,account,urgent,Account Security,Rohan Verma,7,6,0,2026-09-04T17:47:29.879837+00:00,2026-09-04T19:25:32.663194+00:00,2026-09-04T21:05:21.714771+00:00
Dashboard stuck on loading spinner,"Hello, The dashboard never finishes loading, it just shows the spinner forever. Using version 3.1.3 on Windows 11. It is annoying but we can work around it. Thanks, Karan",karan.yadav62@example.com,closed,technical,medium,Tech Support,Ananya Das,6,2,0,2026-09-04T20:23:47.217982+00:00,2026-09-05T04:01:26.983083+00:00,2026-09-05T19:38:25.331532+00:00
Two-factor codes not working,"Hi, My authenticator codes are rejected every time I try to sign in. This started yetserday. Happy to share screenshots if needed. Would appreciate help this week. Thnaks in advance.",sneha.reddy14@example.com,closed,account,medium,Account Security,Rohan Verma,3,5,1,2026-09-05T01:13:36.671021+00:00,2026-09-05T06:29:22.173616+00:00,2026-09-05T09:23:36.367011+00:00
Getting error 500 on upload,"Hi team, Uploading any file fails with an error 500 message. This started yesterday. Quite urgent for us, deadline is tomorrow. Regards, Amit",amit.yadav56@example.com,closed,technical,high,Tech Support,Ananya Das,6,2,0,2026-09-05T01:15:23.821211+00:00,2026-09-05T05:26:56.897089+00:00,2026-09-05T07:05:22.645618+00:00
Need to change delivery address,"Hello, I entered the wrong address for order #711177 and need to change it. I already tried restarting everything. Would appreciate help this week. Thanks in advance.",riya.mishra60@example.com,closed,shipping,medium,Logistics,Arjun Mehta,0,1,0,2026-09-05T01:50:44.129760+00:00,2026-09-05T06:09:20.356236+00:00,2026-09-05T17:32:28.386575+00:00
app crashes when exporting report,the app crashes every time i try to export a report to csv. i already tried restarting everything. this started yesterday. it is annoying but we can work around it.,amit.bose74@example.com,resolved,technical,medium,Tech Support,Vihaan Gupta,11,5,0,2026-09-05T02:13:02.220907+00:00,2026-09-05T09:30:34.545568+00:00,2026-09-05T15:35:24.283311+00:00
Slow performance since last update,"Everything has become very slow since the last update, pages take ages to open. Would appreciate help this week. Thanks in advance.",vikram.jain88@example.com,closed,technical,medium,Tech Support,Vihaan Gupta,1,3,0,2026-09-05T03:18:07.523200+00:00,2026-09-06T01:19:54.363699+00:00,2026-09-06T03:11:29.666316+00:00
Charged twice for my subscription,"Hello, I was charged $99 twice for my Team plan this month. Happy to share screenshots if needed. It is annoying but we can work around it. Thanks in advance.",amit.yadav68@example.com,closed,billing,medium,Billing Support,Meera Iyer,9,5,0,2026-09-05T09:00:20.341326+00:00,2026-09-05T23:52:32.540031+00:00,2026-09-06T01:58:39.854415+00:00
Account locked after failed attempts,"Good morning, My account got locked after a few failed logins and I cannot get back in. Using version 4.7.1 on iPhone. Not urgent, low priority for me. Regards, Karan",karan.mishra12@example.com,closed,account,low,Account Security,Rohan Verma,10,3,0,2026-09-05T09:54:00.801148+00:00,2026-09-05T14:41:41.952104+00:00,2026-09-05T20:46:35.406309+00:00
Package marked delivered but missing,"Tracking says order #543823 was delivered but nothing is at my door. This has happened more than once now. Happy to share screenshots if needed. Not urgent, low priority for me.",riya.jain59@example.com,resolved,shipping,low,Logistics,Arjun Mehta,11,1,0,2026-09-05T10:08:04.088089+00:00,2026-09-05T16:53:36.782881+00:00,2026-09-05T22:01:45.654077+00:00
Salesforce sync duplicates contacts,something is wrong with my account,priya.mishra83@example.com,closed,integrations,low,Integrations,Sana Khan,5,0,0,2026-09-05T11:32:37.771305+00:00,2026-09-06T00:44:51.320415+00:00,2026-09-06T06:41:45.017201+00:00
Invoice shows wrong amount,"The invoice for Starter shows $19 but I expected a lower amount. Quite urgent for us, deadline is tomorrow. Please help.",aditya.mishra35@example.com,resolved,billing,high,Billing Support,Meera Iyer,12,5,0,2026-09-05T11:38:08.216849+00:00,2026-09-05T15:48:57.279003+00:00,2026-09-06T01:28:59.277569+00:00
Card declined but money deducted,"Hi team, My card was declined at checkout but $49 still left my bank account. Happy to share screenshots if needed. This has happened more than once now. Would appreciate help this week.",aditya.shah23@example.com,closed,billing,medium,Billing Support,Meera Iyer,7,5,0,2026-09-05T12:17:41.141273+00:00,2026-09-05T13:46:54.973255+00:00,2026-09-05T14:45:46.589182+00:00
problem,"Hello, Webhook deliveries to our endpoint keep failing and events are missing. This has happened more than once now. This started yesterday. Would appreciate help this week. Please help.",karan.kapoor56@example.com,closed,integrations,medium,Integrations,Sana Khan,9,8,0,2026-09-05T14:20:01.494015+00:00,2026-09-05T22:59:38.081822+00:00,2026-09-06T04:07:35.274075+00:00
problem,"Good morning, Can you send us your standard data processing agreement? This started yesterday. This has happened more than once now. Would appreciate help this week. Regards, Vikram",vikram.mishra29@example.com,closed,general,medium,General Support,Tara Joshi,8,1,0,2026-09-05T14:20:15.750477+00:00,2026-09-05T23:28:11.538289+00:00,2026-09-06T05:14:58.589849+00:00
Tracking link shows no updates,"The tracking link for order #571150 has not shown any update for days. This has happened more than once now. We are losing customers every minute, need help ASAP! Thanks, Vikram",vikram.jain70@example.com,closed,shipping,urgent,Logistics,Diya Nair,12,2,0,2026-09-05T15:19:30.910312+00:00,2026-09-05T15:45:44.011980+00:00,2026-09-05T17:11:39.001596+00:00
Need a product demo,"Hi, We would like to schedule a product demo for our team. This started yesterday. It is annoying but we can work around it. Regards, Rahul",rahul.mishra51@example.com,closed,general,medium,General Support,Tara Joshi,14,1,0,2026-09-05T15:34:08.016311+00:00,2026-09-05T20:06:24.223439+00:00,2026-09-06T05:38:48.069311+00:00
Two-factor codes not working,"Hi, My authenticator codes are rejected every time I try to sign in. This started yesterday. It is annoying but we can work around it.",sneha.kumar41@example.com,closed,account,medium,Account Security,Ishita Rao,5,4,0,2026-09-05T16:39:51.804512+00:00,2026-09-05T22:54:24.447520+00:00,2026-09-06T01:21:52.133901+00:00
App crashes when exporting report,"Hello, The app crashes every time I try to export a report to CSV. I already tried restarting everything. It is annoying but we can work around it. Please help.",vikram.shah16@example.com,resolved,technical,medium,Tech Support,Vihaan Gupta,7,6,0,2026-09-05T17:32:47.842429+00:00,2026-09-06T00:35:39.728800+00:00,2026-09-06T03:15:13.287595+00:00
Need GST invoice for last month,"Hi team, I need a GST invoice for my Pro subscription for our accounting. This started yesterday. This has happened more than once now. Need this fixed today please.",riya.bose30@example.com,closed,billing,high,Billing Support,Aarav Sharma,1,3,0,2026-09-05T19:23:06.015609+00:00,2026-09-05T23:24:55.460698+00:00,2026-09-06T01:44:13.825806+00:00
password reset email never arrives,"hi, i requested a password reset three times but no email has arrived. this has happened more than once now. it is annoying but we can work around it. thanks, riya",riya.yadav15@example.com,closed,account,medium,Account Security,Rohan Verma,6,4,0,2026-09-05T21:33:25.905743+00:00,2026-09-06T16:31:39.533030+00:00,2026-09-07T11:32:22.357779+00:00
Webhook deliveries failing,"Hi, Webhook deliveries to our endpoint keep failing and events are missing. I already tried restarting everything. Quite urgent for us, deadline is tomorrow. Thanks, Sneha",sneha.mishra91@example.com,resolved,integrations,high,Integrations,Neil Fernandes,3,6,0,2026-09-05T21:49:12.156103+00:00,2026-09-06T01:14:27.795075+00:00,2026-09-06T01:45:45.401500+00:00
Card declined but money deducted,"My card was declined at checkout but $199 still left my bank account. This has happened more than once now. Using version 4.6.3 on Ubuntu. Would appreciate help this week. Thanks, Aditya",aditya.jain52@example.com,closed,billing,medium,Billing Support,Meera Iyer,1,3,0,2026-09-06T01:41:06.646629+00:00,2026-09-06T05:41:43.990456+00:00,2026-09-06T17:01:13.769869+00:00
Slack integration stopped posting,"Hello, Our Slack integration stopped posting notifications to the channel. This has happened more than once now. Need this fixed today please.",rahul.yadav46@example.com,closed,integrations,high,Integrations,Neil Fernandes,4,5,0,2026-09-06T07:02:38.352815+00:00,2026-09-06T17:44:29.677279+00:00,2026-09-07T00:50:55.471378+00:00
Refund for cancelled plan,"Good morning, I cancelled my Starter subscription last week and have not received the refund. Just whenever you get time. Please help.",amit.shah88@example.com,resolved,billing,low,Billing Support,Meera Iyer,3,5,0,2026-09-06T08:18:26.075233+00:00,2026-09-07T00:03:00.381453+00:00,2026-09-07T11:25:29.963590+00:00
Invoice shows wrong amount,"Hi team, The invoice for Starter shows $99 but I expected a lower amount. Happy to share screenshots if needed. I already tried restarting everything. It is annoying but we can work around it. Thanks in advance.",neha.kapoor64@example.com,resolved,billing,medium,Billing Support,Meera Iyer,14,6,0,2026-09-06T09:02:36.305620+00:00,2026-09-06T15:17:06.529072+00:00,2026-09-07T02:01:56.420980+00:00
Password reset email never arrives,"Hi, I requested a password reset three times but no email has arrived. This has happened more than once now. Happy to share screenshots if needed. No rush at all. Thanks, Aditya",aditya.shah22@example.com,closed,account,low,Account Security,Ishita Rao,9,2,0,2026-09-06T09:10:21.123840+00:00,2026-09-08T02:15:16.610822+00:00,2026-09-08T07:06:41.735170+00:00
Files not syncing across devices,"Hello, My files are not syncing between my laptop and my phone anymore. This started yesterday. This is affecting several of our users. Thanks, Sneha",sneha.kumar64@example.com,closed,technical,high,Tech Support,Vihaan Gupta,11,4,0,2026-09-06T09:25:48.896443+00:00,2026-09-06T11:36:02.649271+00:00,2026-09-06T18:15:46.991674+00:00
Two-factor codes not working,"Hi, My authenticator codes are rejected every time I try to sign in. Happy to share screenshots if needed. I already tried restarting everything. Would appreciate help this week. Thanks, Pooja",pooja.kapoor67@example.com,resolved,account,medium,Account Security,Rohan Verma,6,2,0,2026-09-06T09:32:44.334874+00:00,2026-09-06T10:57:45.206898+00:00,2026-09-06T13:02:47.249911+00:00
problem,"Hello, My files are not syncing between my laptop and my phone anymore. Critical: our live system is affected. Thanks in advance.",aditya.yadav2@example.com,closed,technical,urgent,Tech Support,Kabir Singh,9,3,0,2026-09-06T09:34:57.667624+00:00,2026-09-06T10:33:47.568956+00:00,2026-09-07T04:11:35.083548+00:00
Need to change delivery address,"Hello, I entered the wrong address for order #130803 and need to change it. Using version 4.0.0 on Windows 11. Would appreciate help this week. Thanks in advance.",sneha.mishra36@example.com,closed,shipping,medium,Logistics,Arjun Mehta,5,5,0,2026-09-06T09:44:11.532958+00:00,2026-09-06T20:23:44.723508+00:00,2026-09-07T02:12:24.732717+00:00
Wrong item received,"Hi, I received the wrong item in order #923303, this is not what I ordered. Would appreciate help this week. Regards, Amit",amit.jain60@example.com,closed,shipping,medium,Logistics,Diya Nair,10,6,0,2026-09-06T10:17:07.813937+00:00,2026-09-06T14:31:52.521332+00:00,2026-09-06T19:50:54.862748+00:00
Rate limit errors on API,"Hi team, We are hitting 429 rate limit errors on the API even with low traffic. This has happened more than once now. Need this fixed today please.",amit.shah44@example.com,closed,integrations,high,Integrations,Sana Khan,12,1,0,2026-09-06T10:18:53.684668+00:00,2026-09-06T10:55:08.981803+00:00,2026-09-06T16:26:25.900031+00:00
Slow performance since last update,"Good morning, Everything has become very slow since the last update, pages take ages to open. It is annoying but we can work around it. Thanks, Rahul",rahul.jain34@example.com,closed,technical,medium,Tech Support,Ananya Das,17,1,0,2026-09-06T10:33:12.936914+00:00,2026-09-06T21:22:28.357523+00:00,2026-09-07T01:09:16.460788+00:00
Need a product demo,"Hello, We would like to schedule a product demo for our team. Quite urgent for us, deadline is tomorrow. Thanks, Pooja",pooja.shah6@example.com,resolved,general,high,General Support,Tara Joshi,13,3,0,2026-09-06T10:46:27.526624+00:00,2026-09-06T16:30:56.225214+00:00,2026-09-07T01:23:31.563042+00:00
help,"The Salesforce sync keeps creating duplicate contacts in our CRM. I already tried restarting everything. Happy to share screenshots if needed. Critical: our live system is affected. Regards, Vikram",vikram.mishra57@example.com,closed,integrations,urgent,Integrations,Sana Khan,13,0,0,2026-09-06T10:53:37.213306+00:00,2026-09-06T11:42:43.140594+00:00,2026-09-06T16:25:05.814204+00:00
Two-factor codes not working,"Hi team, My authenticator codes are rejected every time I try to sign in. It is annoying but we can work around it.",sneha.kumar45@example.com,closed,account,medium,Account Security,Ishita Rao,6,6,0,2026-09-06T12:06:24.740893+00:00,2026-09-06T17:03:58.640177+00:00,2026-09-06T18:41:56.383008+00:00
Can't log in to my account,"Hi, I cannot log in even though I am sure my password is correct. This has happened more than once now. It is annoying but we can work around it. Regards, Sneha",sneha.yadav15@example.com,closed,account,medium,Account Security,Rohan Verma,11,0,0,2026-09-06T12:48:28.828053+00:00,2026-09-06T16:20:19.996583+00:00,2026-09-06T18:03:09.398220+00:00
Delete my account and data,"Hi, Please delete my account and all my personal data permanently. I already tried restarting everything. No rush at all. Thanks, Priya",priya.mishra65@example.com,closed,account,low,Account Security,Rohan Verma,7,8,0,2026-09-06T12:56:05.855987+00:00,2026-09-06T22:47:50.552358+00:00,2026-09-07T01:59:15.994490+00:00
Charged twice for my subscription,"Hi team, I was charged $29 twice for my Business plan this month. Need this fixed today please. Please help.",pooja.kapoor18@example.com,closed,billing,high,Billing Support,Meera Iyer,6,5,0,2026-09-06T13:07:42.796555+00:00,2026-09-06T23:49:47.586445+00:00,2026-09-07T01:05:58.381919+00:00
Can't log in to my account,"Good morning, I cannot log in even though I am sure my password is correct. Would appreciate help this week. Please help.",priya.bose23@example.com,closed,account,medium,Account Security,Ishita Rao,11,5,0,2026-09-06T13:25:04.371493+00:00,2026-09-06T16:21:23.079374+00:00,2026-09-07T00:01:09.579555+00:00
Need GST invoice for last month,"Good morning, I need a GST invoice for my Starter subscription for our accounting. It is annoying but we can work around it. Thanks, Aditya",aditya.reddy55@example.com,resolved,billing,medium,Billing Support,Aarav Sharma,9,4,0,2026-09-06T13:41:07.928047+00:00,2026-09-06T17:59:31.812212+00:00,2026-09-06T18:32:03.442183+00:00
Can't log in to my account,"Good morning, I cannot log in even though I am sure my password is correct. It is annoying but we can work around it. Thanks in advance.",karan.shah65@example.com,resolved,account,medium,Account Security,Ishita Rao,12,4,0,2026-09-06T13:53:47.421912+00:00,2026-09-06T19:20:52.264459+00:00,2026-09-07T01:56:44.903326+00:00
invoice shows wrong amount,"the invoice for pro shows $199 but i expected a lower amount. this started yesterday. happy to share screenshots if needed. not urgent, low priority for me. thanks, amit",amit.bose40@example.com,closed,billing,low,Billing Support,Aarav Sharma,11,6,0,2026-09-06T14:39:27.387115+00:00,2026-09-07T19:18:12.557882+00:00,2026-09-07T21:06:20.345558+00:00
Need GST invoice for last month,"Hi, I need a GST invoice for my Pro subscription for our accounting. Happy to share screenshots if needed. Need this fixed today please. Thanks in advance.",neha.reddy63@example.com,closed,billing,high,Billing Support,Aarav Sharma,10,0,0,2026-09-06T14:47:22.332528+00:00,2026-09-06T17:09:48.603856+00:00,2026-09-06T19:14:39.194390+00:00
Unexpected charge on my account,There is a charge of $49 on my statement that I do not recognise. Happy to share screenshots if needed. Would appreciate help this week. Thanks in advance.,pooja.yadav20@example.com,closed,billing,medium,Billing Support,Meera Iyer,11,6,0,2026-09-06T15:11:32.400968+00:00,2026-09-06T20:23:13.920659+00:00,2026-09-06T23:04:44.243063+00:00
Rate limit errors on API,"Hello, We are hitting 429 rate limit errors on the API even with low traffic. Using version 3.5.2 on Ubuntu. Not urgent, low priority for me. Thanks in advance.",rahul.yadav39@example.com,resolved,integrations,low,Integrations,Neil Fernandes,7,2,0,2026-09-06T15:40:36.777012+00:00,2026-09-07T01:56:43.482747+00:00,2026-09-07T02:55:08.986782+00:00
Webhook deliveries failing,"Hi, Webhook deliveries to our endpoint keep failing and events are missing. I already tried restarting everything. This is affecting several of our users.",sneha.kumar32@example.com,resolved,integrations,high,Integrations,Sana Khan,10,2,0,2026-09-06T16:00:27.187563+00:00,2026-09-06T20:03:35.530816+00:00,2026-09-07T00:20:41.190248+00:00
Question about enterprise pricing,"Hi, Could you share pricing details for the enterprise plan for about 200 seats? No rush at all. Regards, Rahul",rahul.mishra74@example.com,closed,general,low,General Support,Tara Joshi,16,1,0,2026-09-06T16:41:03.215179+00:00,2026-09-08T11:36:16.949334+00:00,2026-09-08T14:34:52.944726+00:00
Invoice shows wrong amount,"Good morning, The invoice for Starter shows $29 but I expected a lower amount. It is annoying but we can work around it.",priya.singh34@example.com,closed,billing,medium,Billing Support,Aarav Sharma,9,1,0,2026-09-06T17:44:44.840915+00:00,2026-09-07T00:18:09.203108+00:00,2026-09-07T01:28:00.556185+00:00
Webhook deliveries failing,"Webhook deliveries to our endpoint keep failing and events are missing. This started yesterday. It is annoying but we can work around it. Thanks, Amit",amit.reddy68@example.com,resolved,integrations,medium,Integrations,Sana Khan,3,6,0,2026-09-06T22:23:46.434983+00:00,2026-09-09T10:59:02.909516+00:00,2026-09-09T15:24:51.566477+00:00
Tracking link shows no updates,"Hi team, The tracking link for order #474882 has not shown any update for days. I already tried restarting everything. Using version 4.8.0 on Android. Just whenever you get time. Thanks in advance.",riya.kumar57@example.com,closed,shipping,low,Logistics,Arjun Mehta,8,4,0,2026-09-06T23:53:59.480939+00:00,2026-09-07T02:29:39.710737+00:00,2026-09-07T06:59:09.506705+00:00
Feature request: dark mode,"Good morning, It would be great to have a dark mode option in the app. We are losing customers every minute, need help ASAP! Thanks, Pooja",pooja.mishra63@example.com,resolved,general,urgent,General Support,Tara Joshi,3,5,0,2026-09-07T00:22:08.062745+00:00,2026-09-07T01:50:22.516520+00:00,2026-09-07T12:47:41.181584+00:00
issue,"Hello, Our API key returns 401 unauthorized on every request since this morning. Happy to share screenshots if needed. Would appreciate help this week. Please help.",pooja.kumar33@example.com,closed,technical,medium,Tech Support,Ananya Das,7,1,0,2026-09-07T02:07:58.359424+00:00,2026-09-07T11:25:03.082243+00:00,2026-09-07T14:30:54.857506+00:00
Tracking link shows no updates,"Hello, The tracking link for order #631083 has not shown any update for days. I already tried restarting everything. Need this fixed toady please. Regards, Karan",karan.shah28@example.com,closed,shipping,high,Logistics,Arjun Mehta,2,4,0,2026-09-07T03:09:11.542393+00:00,2026-09-07T08:59:12.589647+00:00,2026-09-07T11:21:03.426005+00:00
Tracking link shows no updates,"Hi, The tracking link for order #841179 has not shown any update for days. Happy to share screenshots if needed. Using version 3.0.2 on Android. Not urgent, low priority for me. Thanks, Pooja",pooja.mishra85@example.com,closed,shipping,low,Logistics,Arjun Mehta,12,2,0,2026-09-07T09:03:25.159702+00:00,2026-09-08T00:19:31.476787+00:00,2026-09-08T02:25:55.327883+00:00
Can't log in to my account,"Hi, I cannot log in even though I am sure my password is correct. It is annoying but we can work around it. Please help.",pooja.yadav7@example.com,closed,account,medium,Account Security,Rohan Verma,12,5,0,2026-09-07T09:17:54.604618+00:00,2026-09-07T22:49:37.293156+00:00,2026-09-08T05:26:04.562900+00:00
Can't log in to my account,"Good morning, I cannot log in even though I am sure my password is correct. Happy to share screenshots if needed. It is annoying but we can work around it. Please help.",vikram.mishra32@example.com,closed,account,medium,Account Security,Rohan Verma,11,7,0,2026-09-07T09:48:49.497068+00:00,2026-09-07T15:05:23.101442+00:00,2026-09-07T21:36:14.643956+00:00
help,"Hi team, Uploading any file fails with an error 500 message. This started yesterday. Not urgent, low priority for me. Thanks in advance.",aditya.jain28@example.com,resolved,technical,low,Tech Support,Vihaan Gupta,11,4,0,2026-09-07T10:44:50.844809+00:00,2026-09-07T16:42:51.582211+00:00,2026-09-07T23:42:41.429092+00:00
Password reset email never arrives,"Hello, I requested a password reset three times but no email has arrived. Using version 4.4.0 on iPhone. Happy to share screenshots if needed. Just whenever you get time. Please help.",riya.singh18@example.com,closed,account,low,Account Security,Ishita Rao,8,2,0,2026-09-07T11:03:36.710331+00:00,2026-09-07T22:48:34.895558+00:00,2026-09-08T01:42:19.121363+00:00
Slack integration stopped posting,Our Slack integration stopped posting notifications to the channel. Using version 4.9.0 on iPhone. Just whenever you get time. Thanks in advance.,riya.mishra88@example.com,closed,integrations,low,Integrations,Sana Khan,11,2,0,2026-09-07T11:20:59.854093+00:00,2026-09-08T09:46:08.703272+00:00,2026-09-08T11:51:00.723713+00:00
Password reset email never arrives,"I requested a password reset three times but no email has arrived. Happy to share screenshots if needed. It is annoying but we can work around it. Regards, Pooja",pooja.bose5@example.com,closed,account,medium,Account Security,Rohan Verma,10,0,0,2026-09-07T12:05:01.973177+00:00,2026-09-07T13:37:14.379137+00:00,2026-09-07T21:57:38.313701+00:00
Need to change delivery address,"Hello, I entered the wrong address for order #365617 and need to change it. This is affecting several of our users. Thanks, Amit",amit.kumar42@example.com,closed,shipping,high,Logistics,Diya Nair,7,7,0,2026-09-07T12:10:00.904899+00:00,2026-09-07T16:49:00.925867+00:00,2026-09-07T17:31:17.228360+00:00
Need a product demo,"Hi team, We would like to schedule a product demo for our team. It is annoying but we can work around it. Please help.",riya.jain16@example.com,closed,general,medium,General Support,Tara Joshi,11,3,0,2026-09-07T12:41:38.723389+00:00,2026-09-07T18:33:09.975701+00:00,2026-09-08T00:13:13.844439+00:00
Account locked after failed attempts,My account got locked after a few failed logins and I cannot get back in. Happy to share screenshots if needed. This has happened more than once now. Would appreciate help this week. Thanks in advance.,rahul.kapoor57@example.com,closed,account,medium,Account Security,Ishita Rao,7,0,0,2026-09-07T12:54:17.729175+00:00,2026-09-07T19:22:47.002732+00:00,2026-09-08T03:04:47.557694+00:00
Can't log in to my account,"Hello, I cannot log in even though I am sure my password is correct. Just whenever you get time.",vikram.mishra88@example.com,resolved,account,low,Account Security,Ishita Rao,14,2,0,2026-09-07T13:42:57.219694+00:00,2026-09-08T05:54:06.061302+00:00,2026-09-08T10:53:21.086163+00:00
Unexpected charge on my account,There is a charge of $199 on my statement that I do not recognise. Using version 3.9.0 on Android. Would appreciate help this week.,sneha.kumar83@example.com,closed,billing,medium,Billing Support,Aarav Sharma,8,7,0,2026-09-07T13:45:21.708824+00:00,2026-09-07T15:50:40.690593+00:00,2026-09-07T16:32:44.641172+00:00
issue,I wanted to share some feedback about the new interface layout. Would appreciate help this week.,priya.kumar90@example.com,closed,general,medium,General Support,Tara Joshi,11,4,0,2026-09-07T15:16:41.259298+00:00,2026-09-07T23:26:29.966954+00:00,2026-09-08T00:00:24.039202+00:00
Webhook deliveries failing,"Good morning, Webhook deliveries to our endpoint keep failing and events are missing. This has happened more than once now. This is affecting several of our users. Please help.",pooja.shah57@example.com,closed,integrations,high,Integrations,Sana Khan,7,4,0,2026-09-07T15:54:11.147130+00:00,2026-09-07T18:34:22.702182+00:00,2026-09-07T20:21:59.044602+00:00
issue,"Hi team, The product from order #358896 arrived with a broken screen. Happy to share screenshots if needed. I already tried restarting everything. It is annoying but we can work around it. Please help.",sneha.singh26@example.com,resolved,shipping,medium,Logistics,Diya Nair,8,7,0,2026-09-07T16:18:34.185246+00:00,2026-09-07T18:11:18.527722+00:00,2026-09-07T22:17:59.241646+00:00
Can't log in to my account,I cannot log in even though I am sure my password is correct. It is annoying but we can work around it. Please help.,karan.mishra68@example.com,closed,account,medium,Account Security,Rohan Verma,9,2,0,2026-09-07T16:33:22.858157+00:00,2026-09-07T21:33:23.370840+00:00,2026-09-08T02:35:36.238868+00:00
Salesforce sync duplicates contacts,"Hello, The Salesforce sync keeps creating duplicate contacts in our CRM. Need this fixed today please.",aditya.reddy72@example.com,closed,integrations,high,Integrations,Sana Khan,10,2,0,2026-09-07T17:04:31.336366+00:00,2026-09-07T20:00:07.455128+00:00,2026-09-07T22:23:47.303550+00:00
Order still not delivered,"Hi, My order #399342 was supposed to arrive last week and still has not been delivered. Using version 4.7.3 on macOS. I already tried restarting everything. Would appreciate help this week. Thanks, Rahul",rahul.kumar90@example.com,resolved,shipping,medium,Logistics,Diya Nair,5,2,0,2026-09-07T17:50:58.821898+00:00,2026-09-07T21:55:28.453715+00:00,2026-09-07T22:17:26.664862+00:00
Need to change delivery address,"Good morning, I entered the wrong address for order #937053 and need to change it. This started yesterday. It is annoying but we can work around it. Please help.",vikram.yadav32@example.com,closed,shipping,medium,Logistics,Arjun Mehta,5,3,0,2026-09-08T02:06:10.693938+00:00,2026-09-08T05:25:58.504893+00:00,2026-09-08T09:16:24.127144+00:00
Salesforce sync duplicates contacts,"Hi team, The Salesforce sync keeps creating duplicate contacts in our CRM. I already tried restarting everything. This started yesterday. It is annoying but we can work around it.",pooja.mishra84@example.com,closed,integrations,medium,Integrations,Sana Khan,4,1,0,2026-09-08T06:24:27.962293+00:00,2026-09-08T08:57:07.097754+00:00,2026-09-09T05:51:36.879403+00:00
Feature request: dark mode,"Good morning, It would be great to have a dark mode option in the app. This started yesterday. This has happened more than once now. No rush at all. Regards, Neha",neha.shah30@example.com,closed,general,low,General Support,Tara Joshi,9,4,0,2026-09-08T09:02:58.388186+00:00,2026-09-08T15:49:47.565506+00:00,2026-09-08T17:52:23.303635+00:00
salesforce sync duplicates contacts,"hi, the salesofrce sync keeps creating duplicate contacts in our crm. using version 4.8.1 on windows 11. this started yesterday. would appreciate help this week.",aditya.reddy9@example.com,resolved,integrations,medium,Integrations,Neil Fernandes,12,3,0,2026-09-08T09:41:51.088920+00:00,2026-09-08T13:54:43.331547+00:00,2026-09-08T17:34:54.955659+00:00
Getting error 500 on upload,"Hi team, Uploading any file fails with an error 500 message. No rush at all. Thanks in advance.",sneha.reddy65@example.com,resolved,technical,low,Tech Support,Kabir Singh,11,1,0,2026-09-08T09:48:08.304065+00:00,2026-09-08T16:53:35.356965+00:00,2026-09-09T04:29:09.596494+00:00
Can't log in to my account,"Hello, I canont log in even though I am sure my psasword is correct. Quite urgent for us, deadline is tomorrow. Please help.",rahul.shah24@example.com,closed,account,high,Account Security,Rohan Verma,12,3,0,2026-09-08T10:11:23.354186+00:00,2026-09-08T17:20:09.890985+00:00,2026-09-08T19:38:58.400418+00:00
Need GST invoice for last month,"I need a GST invoice for my Business subscription for our accounting. I already tried restarting everything. Just whenever you get time. Regards, Priya",priya.singh60@example.com,closed,billing,low,Billing Support,Aarav Sharma,6,7,0,2026-09-08T11:43:05.691276+00:00,2026-09-08T17:11:46.303128+00:00,2026-09-09T06:31:42.815574+00:00
Password reset email never arrives,"Hi team, I requested a password reset three times but no email has arrived. Would appreciate help this week.",aditya.singh21@example.com,closed,account,medium,Account Security,Rohan Verma,12,5,0,2026-09-08T11:51:01.199457+00:00,2026-09-08T12:54:47.824978+00:00,2026-09-08T17:00:49.824729+00:00
Getting error 500 on upload,"Uploading any file fails with an error 500 message. Using version 3.1.0 on macOS. Happy to share screenshots if needed. Not urgent, low priority for me. Regards, Vikram",vikram.kapoor84@example.com,closed,technical,low,Tech Support,Kabir Singh,10,2,0,2026-09-08T11:57:39.321707+00:00,2026-09-08T17:03:11.256640+00:00,2026-09-08T18:24:39.173843+00:00
Zapier connection keeps disconnecting,"Hello, The Zapier connection keeps disconnecting and needs re-authorising daily. Using version 4.0.3 on macOS. This started yesterday. It is annoying but we can work around it. Please help.",sneha.patel6@example.com,closed,integrations,medium,Integrations,Neil Fernandes,15,1,0,2026-09-08T12:12:49.982554+00:00,2026-09-08T15:59:14.942568+00:00,2026-09-08T16:26:44.282328+00:00
getting error 500 on upload,"hello, uploading any file fails with an error 500 message. would appreciate help this week.",pooja.mishra46@example.com,closed,technical,medium,Tech Support,Vihaan Gupta,9,4,1,2026-09-08T12:14:27.590300+00:00,2026-09-08T13:35:09.973912+00:00,2026-09-09T06:59:52.152083+00:00
Charged twice for my subscription,"Hi, I was charged $99 twice for my Pro plan this month. Using version 3.9.2 on Android. Just whenever you get time.",amit.jain61@example.com,closed,billing,low,Billing Support,Meera Iyer,5,5,0,2026-09-08T12:28:42.775500+00:00,2026-09-08T20:46:33.640015+00:00,2026-09-08T22:18:04.764023+00:00
Can't log in to my account,"Hi team, I cannot log in even though I am sure my password is correct. Not urgent, low priority for me. Thanks in advance.",rahul.kapoor43@example.com,resolved,account,low,Account Security,Rohan Verma,6,4,0,2026-09-08T13:02:46.990316+00:00,2026-09-08T16:50:11.176195+00:00,2026-09-09T19:54:32.085434+00:00
Slow performance since last update,"Everything has become very slow since the last update, pages take ages to open. Quite urgent for us, deadline is tomorrow. Thanks, Karan",karan.bose86@example.com,closed,technical,high,Tech Support,Ananya Das,11,7,0,2026-09-08T13:16:04.065315+00:00,2026-09-08T14:26:30.767384+00:00,2026-09-09T04:04:14.686552+00:00
Unexpected charge on my account,"Hi team, There is a charge of $19 on my statement that I do not recognise. Using version 3.7.3 on Windows 11. Would appreciate help this week. Regards, Vikram",vikram.kapoor29@example.com,closed,billing,medium,Billing Support,Aarav Sharma,10,4,0,2026-09-08T13:26:35.325263+00:00,2026-09-09T02:40:16.830599+00:00,2026-09-09T07:14:37.959908+00:00
Slack integration stopped posting,"Hello, Our Slack integration stopped posting notifications to the channel. Would appreciate help this week. Please help.",neha.jain79@example.com,closed,integrations,medium,Integrations,Sana Khan,12,4,0,2026-09-08T13:39:28.760091+00:00,2026-09-08T16:54:20.068520+00:00,2026-09-08T18:57:03.159919+00:00
Looking for a data processing agreement,"Hello, Can you send us your standard data processing agreement? Using version 4.3.2 on macOS. Happy to share screenshots if needed. Would appreciate help this week.",karan.kapoor99@example.com,closed,general,medium,General Support,Tara Joshi,9,4,0,2026-09-08T13:52:46.305529+00:00,2026-09-08T17:09:04.588497+00:00,2026-09-08T17:35:02.124912+00:00
urgent!!,it is not working please check,pooja.reddy24@example.com,closed,billing,medium,Billing Support,Aarav Sharma,11,3,0,2026-09-08T14:02:32.308421+00:00,2026-09-08T16:55:31.652978+00:00,2026-09-08T19:29:19.249519+00:00
App crashes when exporting report,"Hello, The app crashes every time I try to export a report to CSV. Happy to share screenshots if needed. This has happened more than once now. It is annoying but we can work around it. Thanks, Vikram",vikram.yadav6@example.com,resolved,technical,medium,Tech Support,Vihaan Gupta,10,4,0,2026-09-08T14:18:38.052530+00:00,2026-09-08T20:05:10.389654+00:00,2026-09-09T07:26:19.789547+00:00
Can't log in to my account,"Hi team, I cannot log in even though I am sure my password is correct. Need this fixed today please. Regards, Sneha",sneha.mishra59@example.com,closed,account,high,Account Security,Ishita Rao,6,6,0,2026-09-08T14:41:32.745565+00:00,2026-09-08T22:00:08.073266+00:00,2026-09-09T06:48:29.409554+00:00
Can't log in to my account,"Good morning, I cannot log in even though I am sure my password is correct. This has happened more than once now. Just whenever you get time. Please help.",neha.jain72@example.com,closed,account,low,Account Security,Rohan Verma,7,3,0,2026-09-08T14:55:50.997646+00:00,2026-09-09T06:05:45.767724+00:00,2026-09-09T08:30:06.118063+00:00
Can't log in to my account,"Hi team, I cannot log in even though I am sure my password is correct. I already tried restarting everything. This started yesterday. Would appreciate help this week. Thanks in advance.",pooja.patel69@example.com,resolved,account,medium,Account Security,Ishita Rao,13,5,0,2026-09-08T16:16:23.979029+00:00,2026-09-08T20:09:45.607108+00:00,2026-09-09T01:05:48.813363+00:00
issue,"Hello, My order #839772 was supposed to arrive last week and still has not been delivered. This has happened more than once now. Would appreciate help this week. Please help.",neha.bose48@example.com,closed,shipping,medium,Logistics,Arjun Mehta,12,4,1,2026-09-08T16:53:40.683603+00:00,2026-09-08T18:47:31.873400+00:00,2026-09-08T20:26:05.937458+00:00
Need to change delivery address,"Hi team, I entered the wrong address for order #969280 and need to change it. This has happened more than once now. This started yesterday. Not urgent, low priority for me.",priya.shah72@example.com,closed,shipping,low,Logistics,Diya Nair,5,2,0,2026-09-09T02:07:54.002944+00:00,2026-09-09T06:08:13.405188+00:00,2026-09-09T10:56:21.983316+00:00
Feature request: dark mode,"Hi team, It would be great to have a dark mode option in the app. This started yesterday. This is affecting several of our users. Thanks, Neha",neha.bose54@example.com,closed,general,high,General Support,Tara Joshi,1,11,0,2026-09-09T07:05:20.180643+00:00,2026-09-09T07:44:13.031932+00:00,2026-09-09T10:38:06.709606+00:00
App crashes when exporting report,"Hi team, The app crashes every time I try to export a report to CSV. This is affecting several of our users. Please help.",amit.shah43@example.com,closed,technical,high,Tech Support,Kabir Singh,4,2,0,2026-09-09T08:31:33.877468+00:00,2026-09-09T09:47:22.609535+00:00,2026-09-10T01:31:16.047315+00:00
need to change delivery address,"hello, i entered the wrong address for order #549068 and need to change it. using version 3.9.3 on ubuntu. happy to share screenshots if needed. not urgent, low priority for me. thanks, neha",neha.jain46@example.com,closed,account,low,Account Security,Ishita Rao,6,1,0,2026-09-09T09:04:38.231892+00:00,2026-09-09T12:50:23.827721+00:00,2026-09-10T08:25:36.918093+00:00
Salesforce sync duplicates contacts,"Hello, The Salesforce sync keeps creating duplicate contacts in our CRM. This started yesterday. Happy to share screenshots if needed. Need this fixed today please. Thanks in advance.",rahul.reddy1@example.com,resolved,integrations,high,Integrations,Sana Khan,8,2,0,2026-09-09T09:57:47.208354+00:00,2026-09-09T11:52:53.905191+00:00,2026-09-09T21:53:07.928159+00:00
Delete my account and data,"Hello, Please delete my account and all my personal data permanently. Happy to share screenshots if needed. It is annoying but we can work around it. Please help.",aditya.jain80@example.com,closed,account,medium,Account Security,Ishita Rao,14,2,1,2026-09-09T10:03:27.090324+00:00,2026-09-09T10:47:27.786366+00:00,2026-09-09T13:25:16.943817+00:00
Refund for cancelled plan,I need help with this as soon as possible,karan.reddy34@example.com,closed,billing,medium,Billing Support,Aarav Sharma,10,6,0,2026-09-09T11:30:16.451036+00:00,2026-09-09T12:38:15.938668+00:00,2026-09-10T02:43:58.338373+00:00
Need GST invoice for last month,"Good morning, I need a GST invoice for my Starter subscription for our accounting. I already tried restarting everything. It is annoying but we can work around it. Thanks, Riya",riya.bose91@example.com,closed,billing,medium,Billing Support,Meera Iyer,13,4,0,2026-09-09T11:48:08.698586+00:00,2026-09-09T14:16:34.017973+00:00,2026-09-10T03:16:52.883505+00:00
package marked delivered but missing,"tracking says order #295268 was delivered but nothing is at my door. happy to share screenshots if needed. using version 4.9.0 on iphone. it is annoying but we can work around it. regards, sneha",sneha.bose51@example.com,closed,shipping,medium,Logistics,Diya Nair,13,0,0,2026-09-09T12:36:59.453114+00:00,2026-09-09T14:39:19.414614+00:00,2026-09-09T22:32:43.140872+00:00
question,"Good morning, My card was declined at checkout but $29 still left my bank account. I already tried restarting everything. Need this fixed today please. Thanks in advance.",rahul.jain62@example.com,closed,billing,high,Billing Support,Aarav Sharma,12,2,0,2026-09-09T13:17:15.630057+00:00,2026-09-09T17:14:46.274421+00:00,2026-09-09T20:26:44.736141+00:00
Wrong item received,I need help with this as soon as possible,sneha.bose70@example.com,closed,shipping,medium,Logistics,Arjun Mehta,12,2,0,2026-09-09T13:22:14.604003+00:00,2026-09-09T20:56:08.370843+00:00,2026-09-09T22:55:44.853201+00:00
Charged twice for my subscription,"Hello, I was charged $99 twice for my Team plan this month. Happy to share screenshots if needed. Would appreciate help this week. Regards, Karan",karan.yadav27@example.com,closed,billing,medium,Billing Support,Meera Iyer,13,5,0,2026-09-09T13:45:21.163685+00:00,2026-09-09T16:32:36.473877+00:00,2026-09-09T20:07:49.324210+00:00
Feedback on the new interface,"Hello, I wanted to share some feedback about the new interface layout. We are losing customers every minute, need help ASAP!",amit.mishra97@example.com,closed,general,urgent,General Support,Tara Joshi,11,6,0,2026-09-09T15:47:33.075003+00:00,2026-09-09T16:32:48.498467+00:00,2026-09-10T23:04:05.910092+00:00
Wrong item received,"Hi, I received the wrong item in order #908164, this is not what I ordered. Not urgent, low priority for me. Please help.",riya.shah86@example.com,closed,shipping,low,Logistics,Arjun Mehta,6,4,1,2026-09-09T16:04:40.969894+00:00,2026-09-10T04:59:08.963772+00:00,2026-09-10T19:27:05.545070+00:00
need assistance,"Hello, The mobile app freezes on the splash screen right after launch. This is affecting several of our users. Please help.",riya.kapoor3@example.com,closed,technical,high,Tech Support,Kabir Singh,14,5,0,2026-09-09T17:12:40.551818+00:00,2026-09-09T18:31:27.422872+00:00,2026-09-10T02:17:56.682635+00:00
Unexpected charge on my account,"Hi team, There is a charge of $99 on my statement that I do not recognise. This has happened more than once now. I already tried restarting everything. It is annoying but we can work around it.",karan.reddy92@example.com,closed,billing,medium,Billing Support,Meera Iyer,7,5,0,2026-09-09T17:28:17.490333+00:00,2026-09-09T23:02:56.011543+00:00,2026-09-10T05:15:54.381466+00:00
Need GST invoice for last month,"Hi team, I need a GST invoice for my Team subscription for our accounting. This started yesterday. It is annoying but we can work around it.",rahul.bose50@example.com,closed,billing,medium,Billing Support,Meera Iyer,10,6,0,2026-09-09T17:51:04.052550+00:00,2026-09-09T23:28:53.295674+00:00,2026-09-10T05:05:18.304536+00:00
Do you offer student discounts,"Hello, Do you offer any discount for students or non-profit organisations? This is affecting several of our users. Thanks, Karan",karan.singh59@example.com,closed,general,high,General Support,Tara Joshi,3,4,0,2026-09-09T21:31:25.635176+00:00,2026-09-09T23:41:59.293979+00:00,2026-09-10T03:39:27.815744+00:00
Dashboard stuck on loading spinner,"Hello, The dashboard never finishes loading, it just shows the spinner forever. I already tried restarting everything. Using version 4.6.1 on macOS. It is annoying but we can work around it. Please help.",rahul.jain15@example.com,resolved,technical,medium,Tech Support,Vihaan Gupta,9,5,0,2026-09-10T01:14:47.539197+00:00,2026-09-10T05:21:50.199367+00:00,2026-09-10T07:45:11.178180+00:00
Wrong item received,"Good morning, I received the wrnog item in odrer #373903, this is not what I ordered. Using version 4.0.0 on Ubuntu. Need this fixed today please.",aditya.kumar66@example.com,closed,shipping,high,Logistics,Arjun Mehta,2,0,0,2026-09-10T02:49:14.205721+00:00,2026-09-10T05:19:22.872528+00:00,2026-09-10T07:34:08.989620+00:00
Salesforce sync duplicates contacts,"Hi, The Salesforce sync keeps creating duplicate contacts in our CRM. Happy to share screenshots if needed. This has happened more than once now. Not urgent, low priority for me. Please help.",aditya.yadav20@example.com,closed,integrations,low,Integrations,Neil Fernandes,10,7,0,2026-09-10T09:35:00.836081+00:00,2026-09-10T16:29:59.419317+00:00,2026-09-10T17:56:29.722888+00:00
Mobile app freezes on startup,"Hi, The mobile app freezes on the splash screen right after launch. This has happened more than once now. This started yesterday. Just whenever you get time. Thanks in advance.",vikram.yadav33@example.com,resolved,technical,low,Tech Support,Ananya Das,6,3,0,2026-09-10T09:36:43.482901+00:00,2026-09-10T16:19:33.480791+00:00,2026-09-11T01:10:52.995282+00:00
Need a product demo,"Hi, We would like to schedule a product demo for our team. This has happened more than once now. We are losing customers every minute, need help ASAP! Please help.",amit.yadav13@example.com,closed,general,urgent,General Support,Tara Joshi,6,6,0,2026-09-10T09:59:46.027940+00:00,2026-09-10T10:58:00.334912+00:00,2026-09-10T14:08:45.687708+00:00
question,can someone look into this,amit.bose23@example.com,closed,account,urgent,Account Security,Ishita Rao,6,3,0,2026-09-10T10:08:23.361386+00:00,2026-09-10T11:08:50.537797+00:00,2026-09-10T12:56:38.734195+00:00
Salesforce sync duplicates contacts,"Hi team, The Salesforce sync keeps creating duplicate contacts in our CRM. Just whenever you get time.",riya.yadav57@example.com,resolved,integrations,low,Integrations,Neil Fernandes,10,5,0,2026-09-10T10:09:08.698817+00:00,2026-09-10T13:33:47.339583+00:00,2026-09-10T16:03:39.489927+00:00
Need GST invoice for last month,"I need a GST invoice for my Team subscription for our accounting. Quite urgent for us, deadline is tomorrow. Regards, Riya",riya.shah23@example.com,resolved,billing,high,Billing Support,Meera Iyer,8,7,0,2026-09-10T10:09:59.521536+00:00,2026-09-10T11:11:16.844052+00:00,2026-09-10T16:16:42.125636+00:00
Getting error 500 on upload,"Uploading any file fails with an error 500 message. Quite urgent for us, deadline is tomorrow. Thanks, Vikram",vikram.patel22@example.com,closed,technical,high,Tech Support,Ananya Das,9,5,0,2026-09-10T10:23:33.470619+00:00,2026-09-10T13:49:59.138757+00:00,2026-09-10T16:11:45.845475+00:00
Slack integration stopped posting,"Hi team, Our Slack integration stopped posting notifications to the channel. Happy to share screenshots if needed. Need this fixed today please. Regards, Karan",karan.shah54@example.com,resolved,integrations,high,Integrations,Neil Fernandes,7,4,0,2026-09-10T10:24:23.057946+00:00,2026-09-10T13:16:12.382024+00:00,2026-09-10T15:16:45.093449+00:00
Wrong item received,"Hi, I received the wrong item in order #881975, this is not what I ordered. Happy to share screenshots if needed. Not urgent, low priority for me. Please help.",sneha.patel30@example.com,closed,shipping,low,Logistics,Arjun Mehta,11,7,0,2026-09-10T12:28:38.179575+00:00,2026-09-11T23:17:36.126718+00:00,2026-09-12T03:24:25.504708+00:00
Invoice shows wrong amount,"Hello, The invoice for Team shows $49 but I expected a lower amount. Happy to share screenshots if needed. Would appreciate help this week. Regards, Neha",neha.mishra71@example.com,closed,billing,medium,Billing Support,Meera Iyer,13,4,0,2026-09-10T12:33:31.338784+00:00,2026-09-10T16:03:24.075708+00:00,2026-09-10T21:24:02.459677+00:00
getting error 500 on upload,"hi, uploading any file fails with an error 500 message. critical: our live system is affected.",karan.shah85@example.com,closed,technical,urgent,Tech Support,Ananya Das,14,2,0,2026-09-10T12:40:43.048080+00:00,2026-09-10T13:05:53.642729+00:00,2026-09-10T18:08:02.739105+00:00
Need GST invoice for last month,"Helol, I need a GST invoice for my Business subscription for our accounting. I already tried restarting everything. This has hapepned more than once now. Quite ugrent for us, deadline is tomorrow. Please help.",neha.kumar30@example.com,resolved,billing,high,Billing Support,Meera Iyer,14,4,1,2026-09-10T13:09:01.228901+00:00,2026-09-10T18:50:50.095231+00:00,2026-09-11T05:22:31.490674+00:00
Two-factor codes not working,"Hi team, My authenticator codes are rejected every time I try to sign in. This started yesterday. Need this fixed today please. Thanks, Aditya",aditya.reddy10@example.com,closed,account,high,Account Security,Ishita Rao,14,3,0,2026-09-10T13:38:09.229957+00:00,2026-09-10T16:08:35.156896+00:00,2026-09-10T17:04:56.879532+00:00
Need GST invoice for last month,"Hello, I need a GST invoice for my Pro subscription for our accounting. Would appreciate help this week.",riya.patel21@example.com,closed,billing,medium,Billing Support,Aarav Sharma,6,4,0,2026-09-10T14:03:32.967904+00:00,2026-09-10T17:55:16.226734+00:00,2026-09-10T21:13:43.937420+00:00
Unknown login from another country,"Hello, I got an alert about a login from a country I have never visited. Using version 4.7.1 on Ubuntu. I already tried restarting everything. Would appreciate help this week. Please help.",neha.singh4@example.com,closed,account,medium,Account Security,Ishita Rao,10,2,0,2026-09-10T14:35:35.232372+00:00,2026-09-10T21:08:36.096940+00:00,2026-09-10T23:48:23.610238+00:00
Can't log in to my account,"Hi team, I cannot log in even though I am sure my password is correct. Using version 4.8.0 on iPhone. It is annoying but we can work around it. Please help.",rahul.jain99@example.com,closed,account,medium,Account Security,Ishita Rao,10,1,0,2026-09-10T14:39:12.592976+00:00,2026-09-10T20:07:00.418810+00:00,2026-09-11T07:33:19.217525+00:00
Unexpected charge on my account,"Hi, There is a charge of $9 on my statement that I do not recognise. Using version 3.8.2 on Android. Would appreciate help this week.",priya.yadav75@example.com,closed,billing,medium,Billing Support,Aarav Sharma,11,5,0,2026-09-10T14:59:28.488756+00:00,2026-09-10T19:20:02.769145+00:00,2026-09-11T06:33:54.403133+00:00
Slow performance since last update,"Hi, Everything has become very slow since the last update, pages take ages to open. Using version 4.3.2 on Windows 11. This started yesterday. This is affecting several of our users. Thanks, Pooja",pooja.reddy86@example.com,closed,account,high,Account Security,Ishita Rao,11,4,0,2026-09-10T15:01:10.177375+00:00,2026-09-10T18:31:18.986468+00:00,2026-09-10T19:30:05.475485+00:00
Dashboard stuck on loading spinner,"The dashboard never finishes loading, it just shows the spinner forever. This started yesterday. This has happened more than once now. Would appreciate help this week. Thanks, Priya",priya.kapoor10@example.com,resolved,technical,medium,Tech Support,Ananya Das,10,2,0,2026-09-10T15:12:22.239603+00:00,2026-09-10T16:32:43.025952+00:00,2026-09-11T02:42:10.636237+00:00
problem,"Hello, My authenticator codes are rejected every time I try to sign in. I already tried restarting everything. It is annoying but we can work around it. Thanks in advance.",amit.patel81@example.com,closed,account,medium,Account Security,Rohan Verma,11,1,1,2026-09-10T15:40:57.868601+00:00,2026-09-10T19:04:52.026297+00:00,2026-09-11T06:03:00.162805+00:00
Unexpected charge on my account,"There is a charge of $29 on my statement that I do not recognise. It is annoying but we can work around it. Regards, Pooja",pooja.jain31@example.com,closed,billing,medium,Billing Support,Meera Iyer,7,1,0,2026-09-10T15:42:48.560417+00:00,2026-09-10T21:03:31.081120+00:00,2026-09-11T03:20:49.738622+00:00
Slow performance since last update,can someone look into this,pooja.jain18@example.com,closed,technical,high,Tech Support,Vihaan Gupta,10,1,0,2026-09-10T15:48:28.314825+00:00,2026-09-10T17:34:39.911944+00:00,2026-09-10T19:32:53.471215+00:00
Mobile app freezes on startup,"The mobile app freezes on the splash screen right after launch. I already tried restarting everything. This started yesterday. We are losing customers every minute, need help ASAP!",amit.shah75@example.com,closed,technical,urgent,Tech Support,Vihaan Gupta,11,5,0,2026-09-10T15:56:25.494947+00:00,2026-09-10T16:30:44.128963+00:00,2026-09-10T22:14:03.741409+00:00
Salesforce sync duplicates contacts,"The Salesforce sync keeps creating duplicate contacts in our CRM. I already tried restarting everything. We are losing customers every minute, need help ASAP! Thanks in advance.",amit.singh70@example.com,closed,integrations,urgent,Integrations,Neil Fernandes,15,4,0,2026-09-10T16:47:51.932094+00:00,2026-09-10T17:58:32.477142+00:00,2026-09-10T20:48:32.152860+00:00
API key returns 401 unauthorized,"Our API key returns 401 unauthorized on every request since this morning. It is annoying but we can work around it. Regards, Priya",priya.patel50@example.com,resolved,integrations,medium,Integrations,Neil Fernandes,6,5,0,2026-09-10T16:56:47.827938+00:00,2026-09-10T21:11:47.083480+00:00,2026-09-10T23:50:57.057999+00:00
Dashboard stuck on loading spinner,"Hi team, The dashboard never finishes loading, it just shows the spinner forever. This has happened more than once now. This started yesterday. Quite urgent for us, deadline is tomorrow. Thanks in advance.",pooja.shah99@example.com,closed,technical,high,Tech Support,Vihaan Gupta,2,5,0,2026-09-10T19:55:25.157818+00:00,2026-09-10T23:25:09.080716+00:00,2026-09-11T03:06:39.724627+00:00
Account locked after failed attempts,"Hello, My account got locked after a few failed logins and I cannot get back in. It is annoying but we can work around it. Please help.",rahul.shah82@example.com,closed,account,medium,Account Security,Rohan Verma,6,6,0,2026-09-10T20:49:38.951854+00:00,2026-09-11T00:20:01.809105+00:00,2026-09-11T09:43:50.987615+00:00
Rate limit errors on API,We are hitting 429 rate limit errors on the API even with low traffic. Using version 4.8.1 on Ubuntu. I already tried restarting everything. Would appreciate help this week. Please help.,neha.kapoor56@example.com,closed,integrations,medium,Integrations,Sana Khan,3,7,0,2026-09-11T01:28:56.097117+00:00,2026-09-11T03:58:21.925755+00:00,2026-09-11T04:31:48.580585+00:00
Need to change delivery address,"Hi team, I entered the wrong address for order #788796 and need to change it. This started yesterday. Quite urgent for us, deadline is tomorrow. Regards, Amit",amit.reddy41@example.com,closed,shipping,high,Logistics,Arjun Mehta,7,4,0,2026-09-11T09:03:38.501355+00:00,2026-09-11T13:31:28.486448+00:00,2026-09-11T20:27:19.893381+00:00
Rate limit errors on API,"Good morning, We are hittnig 429 rate limit errors on the API even with low traffic. I already tried restarting everything. Critical: our live system is affected.",vikram.jain3@example.com,resolved,integrations,urgent,Integrations,Neil Fernandes,10,7,0,2026-09-11T09:28:57.717994+00:00,2026-09-11T11:07:39.303482+00:00,2026-09-11T18:19:11.494103+00:00
Unexpected charge on my account,"Hi team, There is a charge of $199 on my statement that I do not recognise. Using version 4.8.0 on Ubuntu. This is affecting several of our users.",pooja.singh24@example.com,closed,billing,high,Billing Support,Meera Iyer,10,6,0,2026-09-11T09:41:37.080476+00:00,2026-09-11T14:08:22.028968+00:00,2026-09-11T17:51:21.249838+00:00
delete my account and data,"good morning, please delete my account and all my personal data permanently. i already tried restarting everything. this is affecting several of our users.",rahul.jain87@example.com,closed,account,high,Account Security,Rohan Verma,2,4,0,2026-09-11T09:45:58.489166+00:00,2026-09-11T16:03:43.420361+00:00,2026-09-11T22:53:49.190224+00:00
Password reset email never arrives,"Hi, I requested a password reset three times but no email has arrived. Just whenever you get time. Thanks in advance.",karan.jain34@example.com,resolved,account,low,Account Security,Ishita Rao,10,4,0,2026-09-11T09:49:46.476787+00:00,2026-09-11T16:00:24.703389+00:00,2026-09-12T10:32:28.486064+00:00
Package marked delivered but missing,Tracking says order #848054 was delivered but nothing is at my door. Happy to share screenshots if needed. Using version 3.2.3 on Android. Just whenever you get time. Pelase hepl.,riya.kumar28@example.com,closed,shipping,low,Logistics,Diya Nair,8,3,0,2026-09-11T10:00:24.060370+00:00,2026-09-12T04:28:06.287198+00:00,2026-09-12T10:35:20.051669+00:00
Can't log in to my account,it is not working please check,riya.jain75@example.com,resolved,account,low,Account Security,Ishita Rao,10,4,0,2026-09-11T12:37:59.226341+00:00,2026-09-11T22:05:32.719479+00:00,2026-09-12T00:24:36.119632+00:00
Card declined but money deducted,"Hi team, My card was declined at checkout but $29 still left my bank account. Would appreciate help this week.",neha.reddy78@example.com,closed,billing,medium,Billing Support,Meera Iyer,12,4,0,2026-09-11T13:01:09.651004+00:00,2026-09-11T23:28:32.381111+00:00,2026-09-12T13:23:14.648571+00:00
mobile app freezes on startup,"good morning, the mobile app freezes on the splash screen right after launch. using version 4.5.1 on iphone. happy to share screenshots if needed. not urgent, low priority for me. regards, karan",karan.reddy19@example.com,resolved,technical,low,Tech Support,Ananya Das,2,4,0,2026-09-11T13:59:36.278949+00:00,2026-09-12T00:11:26.078870+00:00,2026-09-12T04:18:39.026348+00:00
Need GST invoice for last month,"Hello, I need a GST invoice for my Pro subscription for our accounting. This started yesterday. It is annoying but we can work around it.",priya.singh58@example.com,resolved,billing,medium,Billing Support,Aarav Sharma,7,4,0,2026-09-11T14:03:13.241720+00:00,2026-09-11T15:34:50.706272+00:00,2026-09-12T00:39:40.876611+00:00
Slack integration stopped posting,"Good morning, Our Slack integration stopped posting notifications to the channel. This is affecting several of our users.",neha.kapoor8@example.com,closed,integrations,high,Integrations,Neil Fernandes,13,1,0,2026-09-11T14:32:55.014622+00:00,2026-09-11T16:26:40.798095+00:00,2026-09-11T19:10:05.886323+00:00
can't log in to my account,"good morning, i cannot log in even though i am sure my password is correct. it is annoying but we can work around it.",priya.bose91@example.com,closed,account,medium,Account Security,Rohan Verma,7,6,0,2026-09-11T14:43:03.344383+00:00,2026-09-11T18:36:54.845826+00:00,2026-09-12T14:26:39.621549+00:00
Tracking link shows no updates,"Hi, The tracking link for order #469124 has not shown any update for days. This has happened more than once now. Happy to share screenshots if needed. This is affecting several of our users. Thanks, Amit",amit.bose64@example.com,closed,shipping,high,Logistics,Diya Nair,8,4,0,2026-09-11T14:48:06.197269+00:00,2026-09-11T19:46:07.421845+00:00,2026-09-11T22:30:05.752966+00:00
Need a product demo,We would like to schedule a product demo for our team. This started yesterday. This has happened more than once now. Need this fixed today please. Thanks in advance.,neha.singh19@example.com,closed,general,high,General Support,Tara Joshi,8,3,0,2026-09-11T15:25:48.805220+00:00,2026-09-11T17:09:50.597991+00:00,2026-09-11T19:27:34.473299+00:00
Feature request: dark mode,"Hi, It would be great to have a dark mode option in the app. Happy to share screenshots if needed. This started yesterday. It is annoying but we can work around it.",priya.kumar94@example.com,closed,general,medium,General Support,Tara Joshi,11,6,0,2026-09-11T15:31:07.028646+00:00,2026-09-12T01:19:03.082731+00:00,2026-09-12T08:17:01.853694+00:00
Do you offer student discounts,"Hello, Do you offer any discount for students or non-profit organisations? I already tried restarting everything. Using version 3.1.3 on macOS. No rush at all. Regards, Amit",amit.mishra8@example.com,resolved,general,low,General Support,Tara Joshi,9,3,1,2026-09-11T16:02:04.323447+00:00,2026-09-11T22:45:15.300564+00:00,2026-09-12T00:37:40.760771+00:00
Mobile app freezes on startup,"Hello, The mobile app freezes on the splash screen right after launch. Happy to share screenshots if needed. Using version 3.3.0 on macOS. This is blocking our entire team in production. Thanks, Karan",karan.patel81@example.com,closed,technical,urgent,Tech Support,Ananya Das,5,3,0,2026-09-11T16:27:28.651076+00:00,2026-09-11T19:47:16.157050+00:00,2026-09-11T20:55:43.820956+00:00
Need a product demo,We would like to schedule a product demo for our team. Using version 3.9.1 on iPhone. This has happened more than once now. It is annoying but we can work around it.,vikram.bose5@example.com,resolved,general,medium,General Support,Tara Joshi,12,0,0,2026-09-11T17:51:20.619223+00:00,2026-09-11T20:43:04.897969+00:00,2026-09-11T22:27:12.887368+00:00
Charged twice for my subscription,"Hi team, I was charged $29 twice for my Business plan this month. This has happened more than once now. Happy to share screenshots if needed. Would appreciate help this week. Please help.",karan.singh71@example.com,resolved,billing,medium,Billing Support,Aarav Sharma,0,1,0,2026-09-11T19:03:56.575131+00:00,2026-09-11T20:25:51.822784+00:00,2026-09-11T21:54:42.367623+00:00
Refund for cancelled plan,"Good morning, I cancelled my Starter subscription last week and have not received the refund. Would appreciate help this week. Thanks in advance.",riya.jain62@example.com,closed,billing,medium,Billing Support,Aarav Sharma,11,8,0,2026-09-11T22:33:53.579227+00:00,2026-09-12T03:19:08.672447+00:00,2026-09-12T05:21:50.541897+00:00
Files not syncing across devices,"Hi team, My files are not syncing between my laptop and my phone anymore. Would appreciate help this week. Thanks, Amit",amit.kumar10@example.com,resolved,technical,medium,Tech Support,Kabir Singh,3,2,0,2026-09-12T00:04:41.426015+00:00,2026-09-12T01:30:16.426062+00:00,2026-09-12T05:44:16.275251+00:00
Need GST invoice for last month,"Good morning, I need a GST invoice for my Team subscription for our accounting. Happy to share screenshots if needed. Just whenever you get time. Regards, Pooja",pooja.kapoor18@example.com,closed,billing,low,Billing Support,Meera Iyer,2,1,0,2026-09-12T03:22:24.617703+00:00,2026-09-13T00:05:58.783593+00:00,2026-09-13T20:10:57.847639+00:00
Tracking link shows no updates,"Hi team, The tracking link for order #300936 has not shown any update for days. This has happened more than once now. This started yesterday. This is affecting several of our users.",rahul.patel50@example.com,closed,shipping,high,Logistics,Diya Nair,7,3,0,2026-09-12T03:32:26.202839+00:00,2026-09-12T08:38:58.716673+00:00,2026-09-12T11:30:02.441804+00:00
Unexpected charge on my account,"Hi, There is a charge of $9 on my statement that I do not recognise. Happy to share screenshots if needed. It is annoying but we can work around it. Please help.",neha.bose48@example.com,closed,billing,medium,Billing Support,Aarav Sharma,6,1,0,2026-09-12T04:49:58.901088+00:00,2026-09-12T13:23:09.986460+00:00,2026-09-12T18:54:15.378352+00:00
Zapier connection keeps disconnecting,"Hi, The Zapier connection keeps disconnecting and needs re-authorising daily. Quite urgent for us, deadline is tomorrow.",neha.kapoor87@example.com,resolved,integrations,high,Integrations,Neil Fernandes,3,1,0,2026-09-12T04:58:17.864541+00:00,2026-09-12T06:03:47.596242+00:00,2026-09-12T08:08:34.218440+00:00
Salesforce sync duplicates contacts,"Hello, The Salesforce sync keeps creating duplicate contacts in our CRM. Happy to share screenshots if needed. This started yesterday. Need this fixed today please. Thanks in advance.",sneha.jain61@example.com,closed,integrations,high,Integrations,Neil Fernandes,5,4,0,2026-09-12T05:28:21.868707+00:00,2026-09-12T07:49:34.786946+00:00,2026-09-13T03:41:50.260837+00:00
Package marked delivered but missing,it is not working please check,neha.bose32@example.com,closed,shipping,high,Logistics,Diya Nair,10,1,0,2026-09-12T09:32:06.592541+00:00,2026-09-12T12:27:13.712588+00:00,2026-09-12T14:32:31.270622+00:00
urgent!!,"Hi, We are hitting 429 rate limit errors on the API even with low traffic. Critical: our live system is affected.",amit.singh24@example.com,resolved,integrations,urgent,Integrations,Sana Khan,12,5,1,2026-09-12T09:34:30.336749+00:00,2026-09-12T10:38:17.464540+00:00,2026-09-12T17:58:35.711570+00:00
package marked delivered but missing,"hi team, tracking says order #926372 was delivered but nothing is at my door. this started yesterday. not urgent, low priority for me.",karan.bose75@example.com,closed,shipping,low,Logistics,Arjun Mehta,10,3,0,2026-09-12T09:55:34.764528+00:00,2026-09-12T16:53:49.096274+00:00,2026-09-13T05:29:55.914679+00:00
feature request: dark mode,"hello, it would be great to have a dark mode option in the app. happy to share screenshots if needed. this has happened more than once now. just whenever you get time. thanks, aditya",aditya.kapoor11@example.com,closed,general,low,General Support,Tara Joshi,9,2,0,2026-09-12T10:23:36.495363+00:00,2026-09-12T16:33:21.390628+00:00,2026-09-12T18:02:22.894211+00:00
Unknown login from another country,"Hi, I got an alert abuot a login from a country I have never visited. This has happened more than once now. Happy to share screenshots if needed. It is annoying but we can work around it. Thanks in advance.",riya.mishra68@example.com,closed,account,medium,Account Security,Rohan Verma,10,0,1,2026-09-12T10:32:53.377982+00:00,2026-09-12T12:24:48.115468+00:00,2026-09-14T00:59:07.333740+00:00
Need GST invoice for last month,"Hi team, I need a GST invoice for my Team subscription for our accounting. Using version 4.9.1 on Ubuntu. It is annoying but we can work around it.",amit.mishra90@example.com,closed,billing,medium,Billing Support,Aarav Sharma,9,1,0,2026-09-12T10:55:38.215418+00:00,2026-09-12T19:02:50.086835+00:00,2026-09-12T21:25:17.351328+00:00
Getting error 500 on upload,something is wrong with my account,amit.reddy20@example.com,resolved,technical,high,Tech Support,Ananya Das,11,5,0,2026-09-12T10:57:53.092044+00:00,2026-09-12T13:15:12.828400+00:00,2026-09-12T22:53:33.545550+00:00
Refund for cancelled plan,"Good morning, I cancelled my Starter subscription last week and have not received the refund. Happy to share screenshots if needed. Just whenever you get time. Regards, Riya",riya.patel70@example.com,closed,billing,low,Billing Support,Aarav Sharma,7,4,0,2026-09-12T11:34:06.214336+00:00,2026-09-13T09:29:57.969237+00:00,2026-09-13T17:30:52.599172+00:00
Getting error 500 on upload,"Uploading any file fails with an error 500 message. It is annoying but we can work around it. Thanks, Priya",priya.kumar24@example.com,resolved,technical,medium,Tech Support,Kabir Singh,10,4,0,2026-09-12T12:18:25.718373+00:00,2026-09-12T21:32:14.008510+00:00,2026-09-13T16:15:57.804963+00:00
mobile app freezes on startup,"hi, the mobile app freezes on the splash screen right after launch. i already tried restarting everything. quite urgent for us, deadline is tomorrow. thanks, priya",priya.patel70@example.com,closed,technical,high,Tech Support,Vihaan Gupta,9,5,0,2026-09-12T12:21:36.226786+00:00,2026-09-12T17:45:03.761465+00:00,2026-09-12T18:28:30.149976+00:00
Dashboard stuck on loading spinner,"Hi, The dashboard never finishes loading, it just shows the spinner forever. Happy to share screenshots if needed. This has happened more than once now. Critical: our live system is affected. Please help.",sneha.jain33@example.com,resolved,technical,urgent,Tech Support,Vihaan Gupta,13,7,0,2026-09-12T12:51:44.620570+00:00,2026-09-12T14:00:46.111394+00:00,2026-09-12T20:06:32.775721+00:00
Looking for a data processing agreement,"Hi, Can you send us your standard data processing agreement? It is annoying but we can work around it. Thanks, Pooja",pooja.kapoor91@example.com,resolved,general,medium,General Support,Tara Joshi,9,1,0,2026-09-12T13:06:10.483257+00:00,2026-09-12T14:51:26.282324+00:00,2026-09-12T16:41:50.226573+00:00
Account locked after failed attempts,"Hi team, My account got locked after a few failed logins and I cannot get back in. I already tried restarting everything. This has happened more than once now. Would appreciate help this week. Regards, Pooja",pooja.kumar71@example.com,resolved,account,medium,Account Security,Ishita Rao,5,4,0,2026-09-12T13:17:38.607742+00:00,2026-09-12T19:47:20.275661+00:00,2026-09-13T01:56:05.001731+00:00
Card declined but money deducted,"Good morning, My card was declined at checkout but $199 still left my bank account. This has happened more than once now. I already tried restarting everything. Would appreciate help this week. Thanks, Sneha",sneha.patel1@example.com,closed,billing,medium,Billing Support,Meera Iyer,13,5,1,2026-09-12T13:39:26.356327+00:00,2026-09-13T03:20:31.154359+00:00,2026-09-13T08:10:54.473061+00:00
help,"Good morning, I entered the wrong address for order #647013 and need to change it. Need this fixed today please. Thanks, Riya",riya.yadav52@example.com,resolved,shipping,high,Logistics,Arjun Mehta,9,3,0,2026-09-12T13:49:43.932284+00:00,2026-09-12T18:58:40.098859+00:00,2026-09-13T04:44:36.954509+00:00
Password reset email never arrives,"Hi team, I requested a password reset three times but no email has arrived. I already tried restarting everything. Using version 4.3.2 on macOS. It is annoying but we can work around it.",neha.singh56@example.com,resolved,account,medium,Account Security,Ishita Rao,8,0,0,2026-09-12T13:54:42.173937+00:00,2026-09-12T20:09:08.650969+00:00,2026-09-13T00:42:58.762763+00:00
Salesforce sync duplicates contacts,"Hi team, The Salesforce sync keeps creating duplicate contacts in our CRM. This has happened more than once now. Happy to share screenshots if needed. Critical: our live system is affected. Thanks in advance.",vikram.mishra15@example.com,closed,integrations,urgent,Integrations,Sana Khan,20,4,0,2026-09-12T15:04:08.453612+00:00,2026-09-12T15:22:40.759700+00:00,2026-09-12T22:47:55.860980+00:00
Mobile app freezes on startup,"Hi, The mobile app freezes on the splash screen right after launch. Using version 4.8.2 on Windows 11. Would appreciate help this week. Thanks, Aditya",aditya.yadav60@example.com,closed,technical,medium,Tech Support,Kabir Singh,5,6,0,2026-09-12T15:28:16.220179+00:00,2026-09-12T18:55:47.789030+00:00,2026-09-12T20:18:00.087351+00:00
Mobile app freezes on startup,"Hi, The mobile app freezes on the splash screen right after launch. No rush at all. Thanks in advance.",rahul.jain67@example.com,closed,technical,low,Tech Support,Kabir Singh,12,4,0,2026-09-12T15:52:49.579160+00:00,2026-09-12T20:50:18.278293+00:00,2026-09-13T00:33:11.324716+00:00
Tracking link shows no updates,The tracking link for order #522038 has not shown any update for days. Using version 4.1.3 on macOS. Happy to share screenshots if needed. Would appreciate help this week. Thanks in advance.,neha.mishra38@example.com,closed,shipping,medium,Logistics,Diya Nair,11,2,0,2026-09-12T15:54:51.093753+00:00,2026-09-12T19:31:43.867467+00:00,2026-09-12T21:53:35.591754+00:00
Invoice shows wrong amount,"Hi, The invoice for Team shows $99 but I expected a lower amount. Quite urgent for us, deadline is tomorrow. Please help.",sneha.jain18@example.com,closed,billing,high,Billing Support,Meera Iyer,6,5,0,2026-09-12T16:06:45.425665+00:00,2026-09-12T18:05:41.549838+00:00,2026-09-12T22:35:21.462552+00:00
Looking for a data processing agreement,Can you send us your standard data processing agreement? Happy to share screenshots if needed. It is annoying but we can work around it. Thanks in advance.,vikram.mishra82@example.com,closed,general,medium,General Support,Tara Joshi,5,4,0,2026-09-12T16:45:24.107803+00:00,2026-09-13T00:45:18.708677+00:00,2026-09-13T01:29:06.023164+00:00
Webhook deliveries failing,"Hello, Webhook deliveries to our endpoint keep failing and events are missing. I already tried restarting everything. Would appreciate help this week. Regards, Riya",riya.patel88@example.com,closed,integrations,medium,Integrations,Sana Khan,7,2,0,2026-09-12T17:19:24.316521+00:00,2026-09-13T11:48:36.008453+00:00,2026-09-13T14:48:39.478173+00:00
Getting error 500 on upload,"Hello, Uploading any file fails with an error 500 message. Using version 4.7.0 on Android. Just whenever you get time. Thanks in advance.",vikram.bose33@example.com,closed,technical,low,Tech Support,Vihaan Gupta,11,4,1,2026-09-12T17:41:41.457813+00:00,2026-09-12T23:36:49.719719+00:00,2026-09-13T01:59:40.703796+00:00
Question about enterprise pricing,"Hi team, Could you share pricing details for the enterprise plan for about 200 seats? This started yesterday. This has happened more than once now. We are losing customers every minute, need help ASAP! Please help.",priya.yadav19@example.com,closed,general,urgent,General Support,Tara Joshi,0,5,0,2026-09-12T18:32:16.466193+00:00,2026-09-12T19:16:06.947545+00:00,2026-09-12T21:03:44.411444+00:00
Damaged product on arrival,"Hi team, The product from order #893921 arrived with a broken screen. It is annoying but we can work around it. Regards, Priya",priya.kapoor75@example.com,closed,shipping,medium,Logistics,Diya Nair,7,6,0,2026-09-13T00:11:27.961534+00:00,2026-09-13T06:56:44.875484+00:00,2026-09-13T16:02:48.536764+00:00
Mobile app freezes on startup,"Hello, The mobile app freezes on the splash screen right after launch. This started yesterday. This has happened more than once now. Would appreciate help this week. Regards, Neha",neha.jain83@example.com,closed,technical,medium,Tech Support,Vihaan Gupta,5,6,0,2026-09-13T02:30:58.463487+00:00,2026-09-13T12:51:35.062508+00:00,2026-09-13T21:39:08.650671+00:00
API key returns 401 unauthorized,"Good morning, Our API key returns 401 unauthorized on every request since this morning. Need this fixed today please. Thanks in advance.",rahul.kumar71@example.com,closed,integrations,high,Integrations,Neil Fernandes,3,1,0,2026-09-13T03:22:58.676809+00:00,2026-09-13T05:05:39.118191+00:00,2026-09-13T06:19:52.228226+00:00
Salesforce sync duplicates contacts,"Hi team, The Salesforce sync keeps creating duplicate contacts in our CRM. This started yesterday. It is annoying but we can work around it.",vikram.jain31@example.com,closed,integrations,medium,Integrations,Neil Fernandes,6,5,0,2026-09-13T04:03:03.258745+00:00,2026-09-13T13:27:54.337013+00:00,2026-09-13T14:08:41.360200+00:00
Invoice shows wrong amount,"Hello, The invoice for Pro shows $49 but I expected a lower amount. Using version 3.8.1 on macOS. I already tried restarting everything. It is annoying but we can work around it. Thanks, Rahul",rahul.bose78@example.com,closed,billing,medium,Billing Support,Meera Iyer,3,3,0,2026-09-13T07:22:34.469747+00:00,2026-09-13T09:21:48.480904+00:00,2026-09-13T18:35:40.746616+00:00
Invoice shows wrong amount,"The invoice for Business shows $19 but I expected a lower amount. Would appreciate help this week. Thanks, Rahul",rahul.singh18@example.com,resolved,billing,medium,Billing Support,Meera Iyer,1,4,0,2026-09-13T07:30:30.635745+00:00,2026-09-13T20:06:01.374113+00:00,2026-09-13T21:09:51.914279+00:00
Do you offer student discounts,"Hello, Do you offer any discount for students or non-profit organisations? I already tried restarting everything. Would appreciate help this week. Tahnks in advance.",amit.reddy94@example.com,resolved,general,medium,General Support,Tara Joshi,14,1,0,2026-09-13T09:04:30.610330+00:00,2026-09-13T12:35:56.590815+00:00,2026-09-13T13:07:57.034055+00:00
App crashes when exporting report,"Hi team, The app crashes every time I try to export a report to CSV. We are losing customers every minute, need help ASAP! Thanks in advance.",priya.kumar5@example.com,closed,technical,urgent,Tech Support,Kabir Singh,12,2,0,2026-09-13T09:10:21.399148+00:00,2026-09-13T10:45:59.182578+00:00,2026-09-13T12:29:56.884189+00:00
Slack integration stopped posting,"Hello, Our Slack integration stopped posting notifications to the channel. This has happened more than once now. Would appreciate help this week. Thanks, Priya",priya.reddy6@example.com,closed,integrations,medium,Integrations,Neil Fernandes,11,1,0,2026-09-13T09:38:10.315247+00:00,2026-09-13T12:11:03.405036+00:00,2026-09-14T11:24:21.728455+00:00
Card declined but money deducted,"Hi team, My card was declined at checkout but $199 still left my bank account. Happy to share screenshots if needed. Quite urgent for us, deadline is tomorrow. Regards, Pooja",pooja.shah36@example.com,resolved,billing,high,Billing Support,Meera Iyer,7,2,0,2026-09-13T10:39:52.284245+00:00,2026-09-14T10:25:26.757252+00:00,2026-09-15T03:53:53.903837+00:00
Slack integration stopped posting,"Our Slack integration stopped posting notifications to the channel. I already tried restarting everything. Happy to share screenshots if needed. It is annoying but we can work around it. Thanks, Rahul",rahul.shah3@example.com,closed,integrations,medium,Integrations,Neil Fernandes,9,3,0,2026-09-13T11:47:11.422719+00:00,2026-09-13T13:51:56.005855+00:00,2026-09-13T18:57:17.590494+00:00
Password reset email never arrives,can someone look into this,sneha.bose84@example.com,closed,account,medium,Account Security,Rohan Verma,8,2,0,2026-09-13T13:58:53.676947+00:00,2026-09-13T19:54:02.156282+00:00,2026-09-13T20:42:12.380528+00:00
mobile app freezes on startup,"hello, the mobile app freezes on the splash screen right after launch. this has happened more than once now. i already tried restarting everything. it is annoying but we can work around it.",amit.kumar88@example.com,closed,technical,medium,Tech Support,Vihaan Gupta,10,1,0,2026-09-13T14:15:55.527033+00:00,2026-09-13T18:06:54.939588+00:00,2026-09-13T20:08:47.454388+00:00
Feedback on the new interface,"Hello, I wanted to share some feedback about the new interface layout. I already tried restarting everything. This started yesterday. Just whenever you get time. Thanks, Aditya",aditya.bose38@example.com,closed,general,low,General Support,Tara Joshi,9,4,0,2026-09-13T14:37:16.075415+00:00,2026-09-13T23:24:27.142732+00:00,2026-09-14T02:37:02.990338+00:00
Getting error 500 on upload,"Uploading any file fails with an error 500 message. This started yesterday. Just whenever you get time. Thanks, Amit",amit.shah72@example.com,closed,technical,low,Tech Support,Vihaan Gupta,6,3,0,2026-09-13T14:37:39.363130+00:00,2026-09-13T21:05:54.057077+00:00,2026-09-13T22:31:50.791929+00:00
Order still not delivered,"Good morning, My order #380746 was supposed to arrive last week and still has not been delivered. Just whenever you get time. Thanks in advance.",neha.bose32@example.com,closed,shipping,low,Logistics,Arjun Mehta,12,5,0,2026-09-13T14:59:18.435789+00:00,2026-09-13T23:41:31.688406+00:00,2026-09-14T07:40:14.049905+00:00
Card declined but money deducted,it is not working please check,aditya.reddy72@example.com,closed,billing,medium,Billing Support,Aarav Sharma,17,4,0,2026-09-13T15:42:44.415962+00:00,2026-09-14T03:36:27.703667+00:00,2026-09-14T05:36:51.517123+00:00
Dashboard stuck on loading spinner,"The dashboard never finishes loading, it just shows the spinenr forever. It is annoying but we can work around it. Thanks in advance.",riya.shah87@example.com,resolved,technical,medium,Tech Support,Kabir Singh,11,3,0,2026-09-13T15:44:37.965354+00:00,2026-09-13T19:17:44.634480+00:00,2026-09-13T22:59:25.939668+00:00
Question about enterprise pricing,"Could you share pricing details for the enterprise plan for about 200 seats? Happy to share screenshots if needed. I already tried restarting everything. Need this fixed today please. Regards, Neha",neha.kumar32@example.com,closed,general,high,General Support,Tara Joshi,13,4,1,2026-09-13T16:00:26.665028+00:00,2026-09-13T20:42:21.355405+00:00,2026-09-13T21:54:51.452358+00:00
urgent!!,"Hello, My account got locked after a few failed logins and I cannot get back in. Happy to share screenshots if needed. This has happened more than once now. Would appreciate help this week. Please help.",vikram.reddy51@example.com,resolved,account,medium,Account Security,Ishita Rao,12,4,0,2026-09-13T16:18:40.588781+00:00,2026-09-13T18:25:16.671501+00:00,2026-09-13T22:24:32.065644+00:00
Do you offer student discounts,"Hello, Do you offer any discount for students or non-profit organisations? Using version 3.2.0 on Android. This started yesterday. No rush at all. Regards, Rahul",rahul.yadav7@example.com,closed,general,low,General Support,Tara Joshi,10,6,0,2026-09-13T16:32:37.959730+00:00,2026-09-14T10:46:51.481704+00:00,2026-09-14T15:48:26.892964+00:00
API key returns 401 unauthorized,"Hello, Our API key returns 401 unauthorized on every request since this morning. This has happened more than once now. It is annoying but we can work around it.",aditya.shah57@example.com,closed,integrations,medium,Integrations,Neil Fernandes,16,7,0,2026-09-13T17:08:19.084162+00:00,2026-09-14T04:17:56.481001+00:00,2026-09-14T10:07:26.555264+00:00
Do you offer student discounts,"Hi team, Do you offer any discount for students or non-profit organisations? I already tried restarting everything. Need this fixed today please. Thanks in advance.",rahul.shah88@example.com,resolved,general,high,General Support,Tara Joshi,11,6,0,2026-09-13T17:39:40.590649+00:00,2026-09-13T23:24:03.597224+00:00,2026-09-14T01:43:09.724009+00:00
Invoice shows wrong amount,"Hello, The invoice for Team shows $29 but I expected a lower amount. Happy to share screenshots if needed. Using version 3.9.0 on iPhone. No rush at all. Regards, Amit",amit.kapoor57@example.com,closed,billing,low,Billing Support,Meera Iyer,10,4,0,2026-09-13T17:53:13.347551+00:00,2026-09-14T08:51:14.265167+00:00,2026-09-14T12:32:35.788513+00:00
issue,"Hello, I cancelled my Starter subscription last week and have not received the refund. I already tried restarting everything. It is annoying but we can work around it.",riya.bose63@example.com,closed,billing,medium,Billing Support,Aarav Sharma,11,3,0,2026-09-13T18:27:29.923310+00:00,2026-09-14T00:18:06.948456+00:00,2026-09-14T06:14:03.205864+00:00
Unknown login from another country,"Hello, I got an alert about a login from a country I have never visited. Happy to share screenshots if needed. Would appreciate help this week. Thanks in advance.",aditya.bose98@example.com,resolved,account,medium,Account Security,Rohan Verma,6,2,0,2026-09-13T19:32:20.455824+00:00,2026-09-14T03:01:17.920337+00:00,2026-09-14T07:13:45.508553+00:00
Order still not delivered,"Good morning, My order #489017 was supposed to arrive last week and still has not been delivered. This started yesterday. Quite urgent for us, deadline is tomorrow.",neha.patel31@example.com,closed,shipping,high,Logistics,Arjun Mehta,2,2,0,2026-09-13T20:00:49.317111+00:00,2026-09-14T00:58:42.873893+00:00,2026-09-14T05:19:25.500718+00:00
refund for cancelled plan,"hello, i cancelled my team subscription last week and have not received the refund. it is annoying but we can work around it. thanks in advance.",neha.yadav29@example.com,resolved,billing,medium,Billing Support,Aarav Sharma,3,5,0,2026-09-14T00:33:31.413842+00:00,2026-09-14T03:24:55.615350+00:00,2026-09-14T09:44:15.590182+00:00
Unexpected charge on my account,"Hi, There is a charge of $199 on my statement that I do not recognise. Just whenever you get time. Thanks, Neha",neha.shah22@example.com,closed,billing,low,Billing Support,Aarav Sharma,7,4,0,2026-09-14T02:25:57.778622+00:00,2026-09-14T08:54:42.460619+00:00,2026-09-14T12:49:20.591038+00:00
Feedback on the new interface,I wanted to share some feedback about the new interface layout. This has happened more than once now. Would appreciate help this week. Please help.,vikram.shah56@example.com,closed,general,medium,General Support,Tara Joshi,6,1,0,2026-09-14T09:25:27.727544+00:00,2026-09-14T13:14:16.490614+00:00,2026-09-14T15:39:58.241262+00:00
Password reset email never arrives,"Good morning, I requested a password reset three times but no email has arrived. Using version 4.6.2 on Ubuntu. It is annoying but we can work around it. Thanks, Vikram",vikram.reddy50@example.com,resolved,account,medium,Account Security,Ishita Rao,10,2,0,2026-09-14T09:53:23.464058+00:00,2026-09-14T23:00:37.173520+00:00,2026-09-15T04:53:15.429088+00:00
Need GST invoice for last month,"Hi, I need a GST invoice for my Pro subscription for our accounting. Using version 3.7.0 on Ubuntu. Not urgent, low priority for me. Regards, Sneha",sneha.reddy61@example.com,closed,billing,low,Billing Support,Meera Iyer,5,4,0,2026-09-14T10:06:30.483095+00:00,2026-09-14T13:46:14.172417+00:00,2026-09-14T19:22:37.234907+00:00
Two-factor codes not working,"Good morning, My authenticator codes are rejected every time I try to sign in. Would appreciate help this week. Thanks, Aditya",aditya.shah53@example.com,resolved,account,medium,Account Security,Ishita Rao,10,2,0,2026-09-14T10:18:06.984578+00:00,2026-09-14T12:07:12.345249+00:00,2026-09-14T19:27:14.117856+00:00
issue,"Hi team, The Salesforce sync keeps creating duplicate contacts in our CRM. Not urgent, low priority for me.",riya.mishra71@example.com,closed,integrations,low,Integrations,Neil Fernandes,6,2,0,2026-09-14T10:34:54.723317+00:00,2026-09-14T16:07:20.086514+00:00,2026-09-14T21:58:37.524199+00:00
Password reset email never arrives,"Hello, I requested a password reset three times but no email has arrived. This has happened more than once now. Would appreciate help this week.",rahul.kapoor85@example.com,resolved,account,medium,Account Security,Ishita Rao,9,3,0,2026-09-14T11:36:56.979267+00:00,2026-09-14T12:57:05.815744+00:00,2026-09-14T15:46:14.647318+00:00
Slow performance since last update,"Hi, Everything has become very slow since the last update, pages take ages to open. Using version 4.6.2 on Android. I already tried restarting everything. Not urgent, low priority for me. Thanks, Neha",neha.bose29@example.com,closed,technical,low,Tech Support,Kabir Singh,10,5,0,2026-09-14T11:42:07.655952+00:00,2026-09-15T01:49:02.963836+00:00,2026-09-15T17:48:50.697821+00:00
Getting error 500 on upload,"Hi team, Uploading any file fails with an error 500 message. Using version 3.1.0 on macOS. I already tried restarting everything. No rush at all. Please help.",sneha.singh46@example.com,closed,technical,low,Tech Support,Kabir Singh,12,5,0,2026-09-14T13:37:28.047718+00:00,2026-09-14T23:04:30.588044+00:00,2026-09-15T04:10:37.169410+00:00
Salesforce sync duplicates contacts,"Hi, The Salesforce sync keeps creating duplicate contacts in our CRM. This has happened more than once now. Would appreciate help this week.",priya.yadav22@example.com,resolved,integrations,medium,Integrations,Neil Fernandes,7,4,0,2026-09-14T14:10:25.861882+00:00,2026-09-14T23:26:33.302146+00:00,2026-09-15T07:47:19.569984+00:00
Password reset email never arrives,"Hi, I requested a password reset three times but no email has arrived. Just whenever you get time.",priya.jain85@example.com,closed,account,low,Account Security,Rohan Verma,10,1,0,2026-09-14T14:11:09.576601+00:00,2026-09-14T20:57:47.463485+00:00,2026-09-14T22:37:46.924789+00:00
issue,"Good morning, The Salesforce sync keeps creating duplicate contacts in our CRM. This started yesterday. It is annoying but we can work around it. Thanks, Vikram",vikram.jain34@example.com,closed,integrations,medium,Integrations,Neil Fernandes,9,4,0,2026-09-14T14:22:45.116654+00:00,2026-09-14T17:54:41.847707+00:00,2026-09-14T18:56:09.446848+00:00
Package marked delivered but missing,"Hi, Tracking says order #301947 was delivered but nothing is at my door. This started yesterday. Just whenever you get time. Please help.",rahul.reddy49@example.com,resolved,general,low,General Support,Tara Joshi,7,3,1,2026-09-14T14:28:21.491839+00:00,2026-09-15T09:44:26.997380+00:00,2026-09-15T10:51:10.859918+00:00
Can't log in to my account,"Hi team, I cannot log in even though I am sure my password is correct. I already tried restarting everything. This started yesterday. Would appreciate help this week. Thanks in advance.",pooja.patel69@example.com,resolved,account,medium,Account Security,Ishita Rao,5,2,0,2026-09-14T15:02:39.955956+00:00,2026-09-14T17:07:59.915181+00:00,2026-09-14T18:17:37.237884+00:00
Unknown login from another country,"Hello, I got an alert about a login from a country I have never visited. This started yesterday. We are losing customers every minute, need help ASAP! Thanks in advance.",priya.shah23@example.com,closed,account,urgent,Account Security,Ishita Rao,9,2,0,2026-09-14T15:39:07.805433+00:00,2026-09-14T16:26:05.589190+00:00,2026-09-14T22:29:10.989282+00:00
Do you offer student discounts,"Hi, Do you offer any discount for students or non-profit organisations? I already tried restarting everything. This started yesterday. Would appreciate help this week.",rahul.singh12@example.com,resolved,billing,medium,Billing Support,Aarav Sharma,10,7,0,2026-09-14T16:16:40.336819+00:00,2026-09-14T20:16:47.365905+00:00,2026-09-15T00:33:14.364281+00:00
Delete my account and data,"Hello, Please delete my account and all my personal data permanently. Using version 4.9.0 on Android. No rush at all. Thanks, Priya",priya.kumar34@example.com,resolved,account,low,Account Security,Ishita Rao,6,4,0,2026-09-14T17:23:51.880524+00:00,2026-09-15T03:34:58.279042+00:00,2026-09-15T06:23:10.484483+00:00
Slow performance since last update,"Good morning, Everything has become very slow since the last update, pages take ages to open. This is affecting several of our users.",vikram.patel99@example.com,closed,technical,high,Tech Support,Vihaan Gupta,6,1,0,2026-09-14T17:34:55.644972+00:00,2026-09-14T19:17:40.886271+00:00,2026-09-15T00:31:24.100656+00:00
Password reset email never arrives,"Good morning, I requested a passowrd reset three times but no email has arrived. Happy to share screenshots if needed. Need this fixed today please.",vikram.patel27@example.com,closed,account,high,Account Security,Rohan Verma,13,0,0,2026-09-14T17:37:40.333082+00:00,2026-09-14T22:09:09.128308+00:00,2026-09-15T01:52:30.387334+00:00
Question about enterprise pricing,"Hi team, Could you share pricing details for the enterprise plan for about 200 seats? Would appreciate help this week. Thanks in advance.",riya.singh50@example.com,resolved,general,medium,General Support,Tara Joshi,5,6,0,2026-09-14T18:28:21.399180+00:00,2026-09-14T19:38:19.829782+00:00,2026-09-15T11:58:34.330618+00:00
Refund for cancelled plan,"Hi, I cancelled my Team subscription last week and have not recieved the refund. This has happened more than once now. Not urgent, low priority for me. Thanks in advance.",rahul.kumar74@example.com,closed,billing,low,Billing Support,Aarav Sharma,3,5,0,2026-09-14T20:24:26.096532+00:00,2026-09-14T23:17:06.734200+00:00,2026-09-15T04:42:22.314688+00:00
Card declined but money deducted,"Good morning, My card was declined at checkout but $99 still left my bank account. Just whenever you get time. Thanks, Riya",riya.bose89@example.com,closed,billing,low,Billing Support,Aarav Sharma,6,4,0,2026-09-14T22:00:23.075299+00:00,2026-09-16T01:30:23.245841+00:00,2026-09-16T07:25:52.681478+00:00
help,"Hi, I got an alert about a login from a country I have never visited. Would appreciate help this week. Thanks, Priya",priya.singh63@example.com,closed,account,medium,Account Security,Ishita Rao,6,5,0,2026-09-15T03:27:21.173657+00:00,2026-09-15T05:19:22.996508+00:00,2026-09-15T13:19:38.500580+00:00
Unexpected charge on my account,"There is a charge of $199 on my statement that I do not recognise. Using version 4.4.1 on iPhone. I already tried restarting everything. Would appreciate help this week. Thanks, Sneha",sneha.shah12@example.com,closed,billing,medium,Billing Support,Aarav Sharma,1,1,0,2026-09-15T04:14:44.879519+00:00,2026-09-15T06:24:02.547338+00:00,2026-09-16T11:26:07.790739+00:00
Question about enterprise pricing,"Hi, Could you share pricing detials for the enterprise plan for about 200 seats? This has happened more than once now. Need this fixed today please. Thanks in advance.",aditya.kapoor24@example.com,closed,general,high,General Support,Tara Joshi,16,2,0,2026-09-15T09:01:27.039253+00:00,2026-09-15T10:36:37.513479+00:00,2026-09-15T13:12:20.576107+00:00
Slack integration stopped posting,"Hi team, Our Slack integration stopped posting notifications to the channel. It is annoying but we can work around it. Regards, Sneha",sneha.kapoor67@example.com,closed,integrations,medium,Integrations,Sana Khan,11,2,0,2026-09-15T09:28:14.320618+00:00,2026-09-15T13:09:23.569308+00:00,2026-09-15T18:40:37.279570+00:00
Unexpected charge on my account,"There is a charge of $199 on my statement that I do not recognise. Using version 3.8.2 on Windows 11. Happy to share screenshots if needed. Quite urgent for us, deadline is tomorrow. Regards, Vikram",vikram.singh47@example.com,closed,billing,high,Billing Support,Meera Iyer,8,4,0,2026-09-15T10:01:46.039866+00:00,2026-09-15T12:56:13.133445+00:00,2026-09-15T15:46:54.286418+00:00
Unexpected charge on my account,"Hi team, There is a charge of $199 on my statement that I do not recognise. This started yesterday. This has happened more than once now. Just whenever you get time. Thanks in advance.",amit.reddy32@example.com,closed,billing,low,Billing Support,Meera Iyer,11,3,0,2026-09-15T10:14:55.325543+00:00,2026-09-16T17:29:12.664922+00:00,2026-09-16T23:13:49.618142+00:00
Getting error 500 on upload,"Good morning, Uploading any file fails with an error 500 message. I already tried restarting everything. Happy to share screenshots if needed. This is affecting several of our users. Regards, Priya",priya.singh56@example.com,closed,technical,high,Tech Support,Vihaan Gupta,13,3,0,2026-09-15T10:39:15.960507+00:00,2026-09-15T12:10:03.145028+00:00,2026-09-15T13:03:11.342945+00:00
Account locked after failed attempts,My account got locked after a few failed logins and I cannot get back in. Happy to share screenshots if needed. It is annoying but we can work around it. Thanks in advance.,priya.singh52@example.com,closed,account,medium,Account Security,Ishita Rao,14,4,0,2026-09-15T10:46:03.743451+00:00,2026-09-15T14:01:42.607266+00:00,2026-09-15T17:07:33.653751+00:00
Slack integration stopped posting,"Good morning, Our Slack integration stopped posting notifications to the channel. Happy to share screenshots if needed. This has happened more than once now. Would appreciate help this week.",sneha.jain54@example.com,closed,shipping,medium,Logistics,Diya Nair,13,4,0,2026-09-15T11:05:56.903644+00:00,2026-09-15T13:39:24.778535+00:00,2026-09-15T15:25:47.030936+00:00
Unknown login from another country,"Hi team, I got an alert about a login from a country I have never visited. Happy to share screenshots if needed. This started yesterday. This is affecting several of our users. Regards, Rahul",rahul.kapoor86@example.com,resolved,account,high,Account Security,Rohan Verma,12,2,0,2026-09-15T11:31:28.493954+00:00,2026-09-15T16:12:08.562191+00:00,2026-09-16T19:38:52.420946+00:00
Rate limit errors on API,"Hello, We are hitting 429 rate limit errors on the API even with low traffic. Using version 3.3.1 on Android. This has happened more than once now. Not urgent, low priority for me. Thanks, Priya",priya.kumar86@example.com,closed,integrations,low,Integrations,Sana Khan,9,0,0,2026-09-15T11:37:26.233288+00:00,2026-09-16T23:43:19.092076+00:00,2026-09-17T10:28:48.900331+00:00
Slack integration stopped posting,"Hello, Our Slack integration stopped posting notifications to the channel. This is blocking our entire team in production.",amit.mishra10@example.com,resolved,integrations,urgent,Integrations,Sana Khan,6,0,0,2026-09-15T11:38:14.358483+00:00,2026-09-15T12:26:38.909793+00:00,2026-09-15T18:35:42.341198+00:00
App crashes when exporting report,"Hi, The app crashes every time I try to export a report to CSV. Quite urgent for us, deadline is tomorrow.",priya.kapoor70@example.com,resolved,technical,high,Tech Support,Ananya Das,6,5,0,2026-09-15T11:48:16.675766+00:00,2026-09-15T14:14:04.214810+00:00,2026-09-15T22:58:03.274227+00:00
charged twice for my subscription,"hi, i was charged $49 twice for my pro plan this month. i already tried restarting everything. quite urgent for us, deadline is tomorrow.",vikram.singh89@example.com,closed,billing,high,Billing Support,Aarav Sharma,9,2,0,2026-09-15T12:38:10.934909+00:00,2026-09-15T13:09:00.293369+00:00,2026-09-16T03:01:59.676193+00:00
Looking for a data processing agreement,"Good morning, Can you send us your standard data processing agreement? This started yesterday. It is annoying but we can work around it. Thanks in advance.",aditya.bose96@example.com,closed,general,medium,General Support,Tara Joshi,10,8,1,2026-09-15T14:41:34.396960+00:00,2026-09-16T19:51:52.690011+00:00,2026-09-16T20:31:07.397247+00:00
app crashes when exporting report,"hi team, the app crashes every time i try to export a report to csv. this started yesterday. need this fixed today please. thanks, sneha",sneha.reddy34@example.com,closed,technical,high,Tech Support,Vihaan Gupta,8,2,0,2026-09-15T14:46:31.862411+00:00,2026-09-15T15:58:24.814331+00:00,2026-09-15T18:33:11.915990+00:00
Charged twice for my subscription,"I was charged $19 twice for my Business plan this month. This started yesterday. It is annoying but we can work around it. Thanks, Sneha",sneha.yadav90@example.com,closed,billing,medium,Billing Support,Meera Iyer,8,5,0,2026-09-15T16:59:41.279009+00:00,2026-09-16T02:18:24.286247+00:00,2026-09-16T04:02:01.531161+00:00
Dashboard stuck on loading spinner,"The dashboard never finishes loading, it just shows the spinner forever. No rush at all. Thanks, Priya",priya.yadav7@example.com,closed,technical,low,Tech Support,Ananya Das,7,3,0,2026-09-15T17:04:48.691462+00:00,2026-09-16T08:31:39.200015+00:00,2026-09-16T11:26:08.395519+00:00
Wrong item received,"Hi team, I received the wrong item in order #335545, this is not what I ordered. Using version 3.9.3 on Ubuntu. Would appreciate help this week.",karan.shah24@example.com,closed,shipping,medium,Logistics,Diya Nair,11,3,1,2026-09-15T17:06:53.768208+00:00,2026-09-16T01:02:29.792984+00:00,2026-09-16T03:05:59.904896+00:00
Invoice shows wrong amount,"Hi, The invoice for Pro shows $19 but I expected a lower amount. Would appreciate help this week. Thanks, Vikram",vikram.singh14@example.com,resolved,billing,medium,Billing Support,Aarav Sharma,3,1,0,2026-09-15T17:42:32.478532+00:00,2026-09-15T20:03:04.007187+00:00,2026-09-16T03:34:15.959668+00:00
Slack integration stopped posting,"Hi team, Our Slack integration stopped posting notifications to the channel. This started yesterday. Quite urgent for us, deadline is tomorrow. Regards, Aditya",aditya.singh29@example.com,resolved,integrations,high,Integrations,Neil Fernandes,8,4,0,2026-09-15T17:56:07.489183+00:00,2026-09-15T18:47:37.216400+00:00,2026-09-16T05:35:34.364716+00:00
Feature request: dark mode,can someone look into this,priya.bose59@example.com,closed,general,medium,General Support,Tara Joshi,8,0,0,2026-09-15T20:50:35.062988+00:00,2026-09-16T05:00:25.877536+00:00,2026-09-16T19:58:36.654157+00:00
Refund for cancelled plan,"Good morning, I cancelled my Starter subscription last week and have not received the refund. Would appreciate help this week. Thanks in advance.",riya.jain62@example.com,closed,billing,medium,Billing Support,Aarav Sharma,3,5,0,2026-09-16T00:21:27.959072+00:00,2026-09-16T01:09:16.669966+00:00,2026-09-16T07:00:05.385454+00:00
issue,"Hello, My files are not syncing between my laptop and my phone anymore. This is affecting several of our users.",amit.yadav14@example.com,resolved,technical,high,Tech Support,Ananya Das,4,0,0,2026-09-16T02:07:09.037904+00:00,2026-09-16T03:22:30.040673+00:00,2026-09-16T13:31:23.084441+00:00
issue,"Hello, My card was declined at checkout but $49 still left my bank account. Need this fixed today please. Thanks in advance.",pooja.bose74@example.com,closed,account,high,Account Security,Ishita Rao,2,6,0,2026-09-16T03:04:15.536930+00:00,2026-09-16T05:09:50.871479+00:00,2026-09-16T08:23:30.943006+00:00
Salesforce sync duplicates contacts,"Hi team, The Salesforce sync keeps creating duplicate contacts in our CRM. Happy to share screenshots if needed. No rush at all. Regards, Neha",neha.patel55@example.com,closed,integrations,low,Integrations,Neil Fernandes,8,2,0,2026-09-16T03:38:41.332002+00:00,2026-09-16T10:39:54.818722+00:00,2026-09-16T16:46:37.571363+00:00
Slack integration stopped posting,"Hi team, Our Slack integration stopped posting notifications to the channel. Would appreciate help this week. Thanks in advance.",riya.shah94@example.com,resolved,integrations,medium,Integrations,Sana Khan,1,3,0,2026-09-16T06:06:04.817964+00:00,2026-09-16T09:24:57.517920+00:00,2026-09-16T16:16:59.077098+00:00
Package marked delivered but missing,"Hi team, Tracking says order #110073 was delivered but nothing is at my door. Using version 3.6.1 on Android. This started yesterday. No rush at all. Please help.",karan.mishra71@example.com,closed,shipping,low,Logistics,Diya Nair,13,2,0,2026-09-16T09:18:20.383603+00:00,2026-09-17T12:51:07.429800+00:00,2026-09-17T22:56:05.196390+00:00
Unexpected charge on my account,"Hi, There is a charge of $9 on my statement that I do not recognise. This started yesterday. I already tried restarting everything. No rush at all. Thanks in advance.",pooja.kapoor7@example.com,closed,billing,low,Billing Support,Meera Iyer,8,4,0,2026-09-16T09:55:20.600698+00:00,2026-09-16T13:32:11.424288+00:00,2026-09-16T16:21:14.254057+00:00
Dashboard stuck on loading spinner,"The dashboard never finishes loading, it just shows the spinner forever. It is annoying but we can work around it. Please help.",amit.mishra28@example.com,resolved,technical,medium,Tech Support,Ananya Das,4,0,0,2026-09-16T11:24:19.027187+00:00,2026-09-16T13:06:15.216560+00:00,2026-09-16T16:21:46.001547+00:00
Zapier connection keeps disconnecting,"The Zapier connection keeps disconnecting and needs re-authorising daily. No rush at all. Regards, Amit",amit.bose14@example.com,closed,integrations,low,Integrations,Neil Fernandes,9,2,1,2026-09-16T12:17:13.682629+00:00,2026-09-17T03:02:46.744422+00:00,2026-09-17T08:02:50.867436+00:00
API key returns 401 unauthorized,"Our API key returns 401 unauthorized on every request since this morning. This started yesterday. Using version 3.5.3 on Android. Would appreciate help this week. Regards, Priya",priya.bose12@example.com,closed,integrations,medium,Integrations,Sana Khan,14,3,0,2026-09-16T13:11:11.510763+00:00,2026-09-17T00:48:53.443859+00:00,2026-09-17T01:30:29.099194+00:00
Unknown login from another country,"Hello, I got an alert about a login from a country I have never visited. This has happened more than once now. Would appreciate help this week.",pooja.singh89@example.com,closed,account,medium,Account Security,Rohan Verma,6,7,0,2026-09-16T13:44:18.281647+00:00,2026-09-16T16:05:22.866095+00:00,2026-09-16T20:53:07.559265+00:00
Card declined but money deducted,"My card was declined at checkout but $9 still left my bank account. This started yesterday. This is affecting several of our users. Thanks, Aditya",aditya.shah33@example.com,closed,billing,high,Billing Support,Aarav Sharma,9,2,0,2026-09-16T14:36:40.587078+00:00,2026-09-16T19:48:51.198399+00:00,2026-09-17T00:03:05.465134+00:00
Looking for a data processing agreement,"Hello, Can you send us your standard data processing agreement? I already tried restarting everything. Would appreciate help this week. Thanks, Riya",riya.patel79@example.com,closed,general,medium,General Support,Tara Joshi,10,4,0,2026-09-16T15:28:53.881419+00:00,2026-09-16T18:33:44.979337+00:00,2026-09-16T21:04:45.022157+00:00
issue,"Hi, The invoice for Team shows $49 but I expected a lower amount. Need this fixed today please.",neha.bose52@example.com,closed,billing,high,Billing Support,Aarav Sharma,14,2,0,2026-09-16T16:55:47.905672+00:00,2026-09-16T20:51:31.778264+00:00,2026-09-17T07:54:38.095849+00:00
Wrong item received,"Good morning, I received the wrong item in order #655951, this is not what I ordered. This has happened more than once now. Using version 4.6.2 on Ubuntu. No rush at all. Thanks, Sneha",sneha.bose67@example.com,resolved,shipping,low,Logistics,Diya Nair,9,4,0,2026-09-16T17:06:16.974725+00:00,2026-09-17T03:25:18.489497+00:00,2026-09-17T12:23:25.093470+00:00
Looking for a data processing agreement,"Good morning, Can you send us your standard data processing agreemnet? Using version 4.7.2 on Windows 11. This is affecting several of our users. Regards, Karan",karan.kapoor35@example.com,closed,general,high,General Support,Tara Joshi,8,1,0,2026-09-16T17:41:12.584120+00:00,2026-09-16T18:20:42.300175+00:00,2026-09-16T22:13:06.160509+00:00
Refund for cancelled plan,"Hi team, I cancelled my Starter subscription last week and have not received the refund. Not urgent, low priority for me. Thanks, Sneha",sneha.singh83@example.com,resolved,billing,low,Billing Support,Meera Iyer,5,1,0,2026-09-16T23:25:49.519709+00:00,2026-09-17T03:44:57.441241+00:00,2026-09-17T06:42:32.282149+00:00
Package marked delivered but missing,"Hi, Tracking says order #606222 was delivered but nothing is at my door. Using version 4.1.0 on macOS. It is annoying but we can work around it. Thanks in advance.",neha.patel67@example.com,resolved,shipping,medium,Logistics,Arjun Mehta,9,6,0,2026-09-17T07:52:58.992785+00:00,2026-09-17T16:47:13.985347+00:00,2026-09-17T19:15:53.866195+00:00
API key returns 401 unauthorized,"Hi, Our API key returns 401 unauthorized on every request since this morning. It is annoying but we can work around it. Regards, Karan",karan.singh69@example.com,closed,integrations,medium,Integrations,Neil Fernandes,7,1,0,2026-09-17T08:25:12.491166+00:00,2026-09-17T11:00:21.427233+00:00,2026-09-17T13:05:45.892726+00:00
Mobile app freezes on startup,"Hello, The mobile app freezes on the splash screen right after launch. I already tried restarting everything. Not urgent, low priority for me. Regards, Neha",neha.reddy75@example.com,resolved,technical,low,Tech Support,Ananya Das,11,4,0,2026-09-17T09:30:22.752339+00:00,2026-09-17T22:08:44.217380+00:00,2026-09-18T04:14:45.788446+00:00
Rate limit errors on API,"Hello, We are hitting 429 rate limit errors on the API even with low traffic. Would appreciate help this week.",neha.yadav88@example.com,resolved,integrations,medium,Integrations,Neil Fernandes,5,3,0,2026-09-17T09:37:00.286292+00:00,2026-09-17T14:23:29.210750+00:00,2026-09-17T15:46:59.044277+00:00
Order still not delivered,"My order #478222 was supposed to arrive last week and still has not been delivered. This started yesterday. Happy to share screenshots if needed. Not urgent, low priority for me. Thanks, Priya",priya.reddy86@example.com,closed,shipping,low,Logistics,Arjun Mehta,3,5,0,2026-09-17T09:46:04.841786+00:00,2026-09-17T14:17:26.940874+00:00,2026-09-17T15:06:10.296474+00:00
help,"Hi team, We are hitting 429 rate limit errors on the API even with low traffic. This is blocking our entire team in production. Regarsd, Vikram",vikram.kumar72@example.com,resolved,integrations,urgent,Integrations,Neil Fernandes,10,1,0,2026-09-17T10:18:55.071639+00:00,2026-09-17T10:45:46.644847+00:00,2026-09-17T14:25:58.851839+00:00
Salesforce sync duplicates contacts,"Hello, The Salesforce sync keeps creating duplicate contacts in our CRM. This started yesterday. This has happened more than once now. Not urgent, low priority for me. Please help.",neha.bose74@example.com,closed,integrations,low,Integrations,Neil Fernandes,11,7,0,2026-09-17T10:37:05.186020+00:00,2026-09-18T02:15:56.575622+00:00,2026-09-18T05:37:27.233176+00:00
Delete my account and data,"Hi team, Please delete my account and all my personal data permanently. This has happened more than once now. This started yesterday. It is annoying but we can work around it. Thanks, Riya",riya.bose69@example.com,resolved,account,medium,Account Security,Ishita Rao,10,4,0,2026-09-17T11:35:13.965253+00:00,2026-09-17T14:50:06.037805+00:00,2026-09-18T02:32:06.171056+00:00
Getting error 500 on upload,"Hi, Uploading any file fails with an error 500 message. Using version 4.7.3 on macOS. Happy to share screenshots if needed. It is annoying but we can work around it. Regards, Rahul",rahul.patel52@example.com,closed,technical,medium,Tech Support,Ananya Das,14,2,0,2026-09-17T11:45:36.761702+00:00,2026-09-17T14:23:07.683054+00:00,2026-09-17T16:50:34.654561+00:00
Account locked after failed attempts,"Hi, My account got locked after a few failed logins and I cannot get back in. Happy to share screenshots if needed. Just whenever you get time. Please help.",amit.bose1@example.com,resolved,account,low,Account Security,Ishita Rao,3,3,0,2026-09-17T12:12:13.976982+00:00,2026-09-18T00:20:28.184738+00:00,2026-09-18T13:33:56.602172+00:00
Unexpected charge on my account,"Hi team, There is a charge of $19 on my statement that I do not recognise. Would appreciate help this week. Thanks, Priya",priya.yadav95@example.com,closed,billing,medium,Billing Support,Meera Iyer,7,7,0,2026-09-17T14:17:18.493982+00:00,2026-09-17T15:40:12.586195+00:00,2026-09-17T18:08:09.758457+00:00
Can't log in to my account,"Hi, I cannot log in even though I am sure my password is correct. It is annoying but we can work around it. Thanks, Sneha",sneha.jain19@example.com,closed,integrations,medium,Integrations,Sana Khan,9,3,0,2026-09-17T14:31:01.128581+00:00,2026-09-17T21:48:58.577015+00:00,2026-09-17T22:09:29.540020+00:00
help,"Everything has become very slow since the last update, pages take ages to open. Happy to share screenshots if needed. Using version 4.8.2 on Ubuntu. It is annoying but we can work around it. Thanks in advance.",amit.yadav65@example.com,closed,technical,medium,Tech Support,Kabir Singh,7,5,0,2026-09-17T15:24:23.747510+00:00,2026-09-17T18:15:37.886857+00:00,2026-09-17T19:19:30.151547+00:00
Do you offer student discounts,"Hello, Do you offer any discount for students or non-profit organisations? No rush at all. Thanks in advance.",aditya.yadav65@example.com,closed,general,low,General Support,Tara Joshi,11,4,0,2026-09-17T15:35:57.339394+00:00,2026-09-18T01:07:29.331138+00:00,2026-09-18T05:28:09.613698+00:00
Files not syncing across devices,"Hi team, My files are not syncing between my laptop and my phone anymore. I already tried restarting everything. It is annoying but we can work around it. Regards, Vikram",vikram.bose84@example.com,resolved,technical,medium,Tech Support,Ananya Das,8,1,0,2026-09-17T16:17:45.968474+00:00,2026-09-17T18:59:45.106875+00:00,2026-09-18T06:02:34.049150+00:00
Files not syncing across devices,"Hi team, My files are not syncing between my laptop and my phone anymore. This started yesterday. Happy to share screenshots if needed. Quite urgent for us, deadline is tomorrow.",priya.bose10@example.com,closed,technical,high,Tech Support,Kabir Singh,9,3,0,2026-09-17T16:24:35.785807+00:00,2026-09-17T20:30:09.120327+00:00,2026-09-17T22:08:28.184922+00:00
Unknown login from another country,"Hi, I got an alert about a login from a country I have never visited. Would appreciate help this week. Thanks, Sneha",sneha.yadav52@example.com,closed,account,medium,Account Security,Ishita Rao,12,0,0,2026-09-17T16:32:26.541957+00:00,2026-09-17T21:37:29.851132+00:00,2026-09-18T19:55:59.914066+00:00
wrong item received,"good morning, i received the wrong item in order #249228, this is not what i ordered. happy to share screenshots if needed. using version 4.4.3 on iphone. no rush at all. thanks, vikram",vikram.reddy17@example.com,closed,shipping,low,Logistics,Arjun Mehta,6,5,0,2026-09-17T16:58:40.639820+00:00,2026-09-17T23:59:21.060941+00:00,2026-09-18T02:30:51.489286+00:00
Looking for a data processing agreement,"Hi, Can you send us your standard data processing agreement? This has happened more than once now. Need this fixed today please. Thanks, Vikram",vikram.singh37@example.com,resolved,general,high,General Support,Tara Joshi,11,7,0,2026-09-17T17:09:56.208273+00:00,2026-09-17T19:45:48.182551+00:00,2026-09-17T22:25:39.683136+00:00
Package marked delivered but missing,"Good morning, Tracking says order #760183 was delivered but nothing is at my door. This started yesterday. We are losing customers every minute, need help ASAP! Thanks in advance.",pooja.kapoor57@example.com,closed,shipping,urgent,Logistics,Diya Nair,6,5,0,2026-09-18T01:23:54.740627+00:00,2026-09-18T02:06:07.993856+00:00,2026-09-18T09:57:05.854824+00:00
Slack integration stopped posting,"Hi, Our Slack integration stopped posting notifications to the channel. Would appreciate help this week. Thanks, Vikram",vikram.bose5@example.com,resolved,integrations,medium,Integrations,Neil Fernandes,8,4,0,2026-09-18T02:01:38.110688+00:00,2026-09-18T13:52:42.508114+00:00,2026-09-18T15:10:29.880855+00:00
Refund for cancelled plan,"Good morning, I cancelled my Pro subscription last week and have not received the refund. Would appreciate help this week. Thanks, Sneha",sneha.mishra45@example.com,closed,billing,medium,Billing Support,Meera Iyer,2,2,0,2026-09-18T03:11:29.604474+00:00,2026-09-18T04:58:37.284423+00:00,2026-09-18T10:19:54.609849+00:00
unexpected charge on my account,"hi, there is a charge of $99 on my statement that i do not recognise. this has happened more than once now. it is annoying but we can work around it.",neha.bose8@example.com,closed,billing,medium,Billing Support,Aarav Sharma,4,6,0,2026-09-18T07:14:51.113810+00:00,2026-09-18T09:13:17.254745+00:00,2026-09-18T21:53:59.969454+00:00
Invoice shows wrong amount,"Hi team, The invoice for Pro shows $199 but I expected a lower amount. Happy to share screenshots if needed. No rush at all. Thanks, Vikram",vikram.kapoor79@example.com,resolved,billing,low,Billing Support,Aarav Sharma,11,3,0,2026-09-18T09:05:07.043588+00:00,2026-09-18T13:26:01.158708+00:00,2026-09-20T03:52:39.531308+00:00
need assistance,"Hi, The mobile app freezes on the splash screen right after launch. Critical: our live system is affected. Please help.",vikram.reddy23@example.com,closed,technical,urgent,Tech Support,Ananya Das,8,6,0,2026-09-18T09:44:29.182701+00:00,2026-09-18T10:31:26.117406+00:00,2026-09-18T16:13:11.222272+00:00
dashboard stuck on loading spinner,"hello, the dashboard never finishes loading, it just shows the spinner forever. i already tried restarting everything. using version 4.7.2 on ubuntu. this is affecting several of our users. please help.",karan.shah86@example.com,resolved,technical,high,Tech Support,Kabir Singh,9,5,0,2026-09-18T10:20:57.593604+00:00,2026-09-18T11:44:49.625358+00:00,2026-09-18T15:19:49.442655+00:00
feedback on the new interface,"i wanted to share some feedback about the new interface layout. need this fixed today please. thanks, riya",riya.mishra11@example.com,closed,general,high,General Support,Tara Joshi,11,6,0,2026-09-18T10:38:02.476773+00:00,2026-09-18T11:50:43.464925+00:00,2026-09-18T19:27:25.363266+00:00
Dashboard stuck on loading spinner,"Hi, The dashboard never finishes loading, it just shows the spinner forever. This has happened more than once now. Need this fixed today please.",sneha.patel87@example.com,closed,technical,high,Tech Support,Kabir Singh,11,5,0,2026-09-18T11:15:02.791531+00:00,2026-09-18T13:25:00.591031+00:00,2026-09-18T20:20:40.825686+00:00
App crashes when exporting report,The app crashes every time I try to export a report to CSV. Using version 3.2.0 on iPhone. This started yesterday. It is annoying but we can work around it.,vikram.shah99@example.com,closed,technical,medium,Tech Support,Vihaan Gupta,11,6,0,2026-09-18T11:39:22.128563+00:00,2026-09-18T23:59:27.466524+00:00,2026-09-19T11:50:33.890178+00:00
API key returns 401 unauthorized,"Good morning, Our API key returns 401 unauthorized on every request since this morning. It is annoying but we can work around it. Thanks, Aditya",aditya.kumar91@example.com,closed,integrations,medium,Integrations,Neil Fernandes,9,9,0,2026-09-18T12:01:15.820256+00:00,2026-09-18T21:39:09.429237+00:00,2026-09-19T06:10:31.568226+00:00
App crashes when exporting report,"The app crashes every time I try to export a report to CSV. This started yesterday. Happy to share screenshots if needed. We are losing customers every minute, need help ASAP! Thanks, Vikram",vikram.reddy38@example.com,closed,technical,urgent,Tech Support,Vihaan Gupta,17,6,0,2026-09-18T12:26:43.476433+00:00,2026-09-18T15:00:50.251499+00:00,2026-09-18T21:54:52.745582+00:00
card declined but money deducted,"hi, my card was declined at checkout but $199 still left my bank account. it is annoying but we can work around it. please help.",rahul.jain38@example.com,closed,billing,medium,Billing Support,Meera Iyer,5,2,0,2026-09-18T12:59:48.301363+00:00,2026-09-19T10:04:17.008163+00:00,2026-09-19T14:20:25.117860+00:00
Card declined but money deducted,"Good morning, My card was declined at checkout but $99 still left my bank account. Happy to share screenshots if needed. I already tried restarting everything. Would appreciate help this week. Regards, Pooja",pooja.mishra16@example.com,closed,billing,medium,Billing Support,Aarav Sharma,9,6,0,2026-09-18T13:50:40.911147+00:00,2026-09-18T16:03:03.804271+00:00,2026-09-18T19:03:40.415344+00:00
Two-factor codes not working,"Good morning, My authenticator codes are rejected every time I try to sign in. This started yesterday. I already tried restarting everything. Just whenever you get time. Please help.",pooja.patel40@example.com,closed,account,low,Account Security,Ishita Rao,9,4,0,2026-09-18T14:13:11.803119+00:00,2026-09-18T17:22:40.329849+00:00,2026-09-19T14:57:31.588491+00:00
Unexpected charge on my account,"There is a charge of $49 on my statement that I do not recognise. Using version 4.4.2 on Windows 11. Not urgent, low priority for me. Regards, Sneha",sneha.singh51@example.com,closed,billing,low,Billing Support,Aarav Sharma,9,3,0,2026-09-18T15:00:07.210594+00:00,2026-09-19T06:04:00.232222+00:00,2026-09-19T07:38:25.555698+00:00
Two-factor codes not working,"Good morning, My authenticator codes are rejected every time I try to sign in. This started yesterday. Using version 3.8.0 on Windows 11. It is annoying but we can work around it. Please help.",pooja.mishra44@example.com,closed,account,medium,Account Security,Rohan Verma,10,0,0,2026-09-18T15:00:15.778921+00:00,2026-09-18T19:29:17.223543+00:00,2026-09-18T22:54:54.397200+00:00
Getting error 500 on upload,Uploading any file fails with an error 500 message. I already tried restarting everything. Happy to share screenshots if needed. No rush at all.,pooja.singh93@example.com,resolved,technical,low,Tech Support,Kabir Singh,6,2,0,2026-09-18T15:44:55.266922+00:00,2026-09-19T03:50:59.334503+00:00,2026-09-19T07:22:23.678034+00:00
looking for a data processing agreement,"hi team, can you send us your standard data processing agreement? happy to share screenshots if needed. need this fixed tdoay please.",aditya.mishra44@example.com,closed,general,high,General Support,Tara Joshi,9,4,0,2026-09-18T16:35:29.686479+00:00,2026-09-18T19:46:12.195334+00:00,2026-09-19T02:36:30.268117+00:00
Delete my account and data,Please delete my account and all my personal data permanently. I already tried restarting everything. It is annoying but we can work around it. Please help.,rahul.shah12@example.com,closed,account,medium,Account Security,Rohan Verma,7,4,0,2026-09-18T16:42:40.634804+00:00,2026-09-18T21:38:51.514446+00:00,2026-09-19T03:32:00.099000+00:00
Refund for cancelled plan,"Hi team, I cancelled my Pro subscription last week and have not received the refund. It is annoying but we can work around it. Thanks in advance.",vikram.kumar4@example.com,closed,billing,medium,Billing Support,Aarav Sharma,13,3,1,2026-09-18T16:56:39.697716+00:00,2026-09-18T22:37:53.814664+00:00,2026-09-19T03:07:28.024136+00:00
Can't log in to my account,"Hi team, I cannot log in even though I am sure my password is correct. It is annyoing but we can work around it. Thanks, Priya",priya.jain63@example.com,closed,account,medium,Account Security,Rohan Verma,8,4,0,2026-09-18T17:21:32.843775+00:00,2026-09-18T20:32:17.494745+00:00,2026-09-19T01:53:32.647870+00:00
Slack integration stopped posting,"Good morning, Our Slack integration stopped posting notifications to the channel. I already tried restarting everything. This started yesterday. Critical: our live system is affected.",priya.singh25@example.com,closed,integrations,urgent,Integrations,Neil Fernandes,11,3,0,2026-09-18T17:37:27.979066+00:00,2026-09-18T17:53:51.721171+00:00,2026-09-18T23:08:14.382766+00:00
Files not syncing across devices,"Hello, My files are not syncing between my laptop and my phone anymore. Would appreciate help this week. Regards, Neha",neha.bose16@example.com,closed,technical,medium,Tech Support,Vihaan Gupta,9,4,0,2026-09-18T17:38:13.933794+00:00,2026-09-18T20:03:39.552917+00:00,2026-09-19T00:21:44.277261+00:00
Question about enterprise pricing,"Hi team, Could you share pricing details for the enterprise plan for about 200 seats? It is annoying but we can work around it. Regards, Karan",karan.reddy7@example.com,closed,general,medium,General Support,Tara Joshi,5,0,0,2026-09-18T21:39:35.908644+00:00,2026-09-19T02:26:47.746848+00:00,2026-09-19T10:40:35.214271+00:00
Need a product demo,"Hi team, We would like to schedule a product demo for our team. This is affecting several of our users. Regards, Neha",neha.reddy68@example.com,closed,general,high,General Support,Tara Joshi,0,2,0,2026-09-18T23:54:25.733322+00:00,2026-09-19T02:29:55.925133+00:00,2026-09-19T08:11:20.773962+00:00
Tracking link shows no updates,"Good morning, The tracking link for order #999948 has not shown any update for days. This started yesterday. Just whenever you get time. Please help.",priya.patel15@example.com,closed,shipping,low,Logistics,Arjun Mehta,2,2,0,2026-09-18T23:57:46.542019+00:00,2026-09-19T21:06:55.926989+00:00,2026-09-20T00:27:36.783853+00:00
Unexpected charge on my account,"Hi, There is a charge of $49 on my statement that I do not recognise. Would appreciate help this week. Thanks, Aditya",aditya.jain44@example.com,closed,billing,medium,Billing Support,Aarav Sharma,0,1,0,2026-09-19T07:49:48.004282+00:00,2026-09-19T12:26:05.155523+00:00,2026-09-19T13:24:59.922645+00:00
Unknown login from another country,"Hi team, I got an alert about a login from a country I have never visited. Not urgent, low priority for me.",karan.shah20@example.com,closed,account,low,Account Security,Rohan Verma,6,1,0,2026-09-19T09:05:35.453948+00:00,2026-09-19T13:48:40.312472+00:00,2026-09-19T15:22:47.220601+00:00
Question about enterprise pricing,"Hi team, Could you share pricing details for the enterprise plan for about 200 seats? Quite urgent for us, deadline is tomorrow. Thanks in advance.",pooja.reddy47@example.com,resolved,general,high,General Support,Tara Joshi,7,3,0,2026-09-19T09:11:54.991185+00:00,2026-09-19T12:16:39.983256+00:00,2026-09-20T01:44:12.007996+00:00
Charged twice for my subscription,"Good morning, I was charged $19 twice for my Starter plan this month. This has happened more than once now. It is annoying but we can work around it.",karan.shah34@example.com,closed,billing,medium,Billing Support,Meera Iyer,4,4,0,2026-09-19T09:41:53.460773+00:00,2026-09-19T10:54:29.503131+00:00,2026-09-19T15:16:50.195744+00:00
Unexpected charge on my account,"Hello, There is a charge of $199 on my statement that I do not recognise. This has happened more than once now. Would appreciate help this week. Thanks, Riya",riya.mishra26@example.com,closed,billing,medium,Billing Support,Aarav Sharma,6,1,0,2026-09-19T10:03:38.501653+00:00,2026-09-19T11:33:20.364876+00:00,2026-09-19T15:36:10.920935+00:00
Files not syncing across devices,"My files are not syncing between my laptop and my phone anymore. Need this fixed today please. Thanks, Vikram",vikram.mishra84@example.com,closed,technical,high,Tech Support,Ananya Das,8,2,0,2026-09-19T10:07:11.241845+00:00,2026-09-19T12:23:48.829303+00:00,2026-09-19T17:02:14.827879+00:00
Invoice shows wrong amount,"Good morning, The invoice for Team shows $29 but I expected a lower amount. This is blocking our entire team in production. Thanks in advance.",priya.kapoor91@example.com,closed,billing,urgent,Billing Support,Aarav Sharma,11,4,0,2026-09-19T11:05:54.526383+00:00,2026-09-19T11:37:13.456247+00:00,2026-09-19T11:52:25.723567+00:00
Looking for a data processing agreement,"Hi team, Can you send us your standard data processing agreement? Happy to share screenshots if needed. This has happened more than once now. It is annoying but we can work around it. Regards, Sneha",sneha.singh58@example.com,resolved,general,medium,General Support,Tara Joshi,8,0,0,2026-09-19T11:34:36.589081+00:00,2026-09-19T14:48:42.062552+00:00,2026-09-19T20:29:34.107481+00:00
Feature request: dark mode,"Hi, It would be great to have a dark mode option in the app. I already tried restarting everything. This started yesterday. Quite urgent for us, deadline is tomorrow. Thanks, Sneha",sneha.kapoor96@example.com,resolved,general,high,General Support,Tara Joshi,9,3,1,2026-09-19T11:43:47.252582+00:00,2026-09-19T20:53:09.565542+00:00,2026-09-20T01:22:24.007518+00:00
Slack integration stopped posting,"Hello, Our Slack integration stopped posting notifications to the channel. This has happened more than once now. I already tried restarting everything. Would appreciate help this week. Thanks, Priya",priya.patel86@example.com,resolved,integrations,medium,Integrations,Sana Khan,7,4,0,2026-09-19T12:20:12.914585+00:00,2026-09-19T13:35:18.599336+00:00,2026-09-19T18:35:02.854838+00:00
Mobile app freezes on startup,"Hi team, The mobile app freezes on the splash screen right after launch. This started yesterday. Using version 3.0.2 on macOS. Would appreciate help this week.",aditya.reddy90@example.com,resolved,technical,medium,Tech Support,Vihaan Gupta,6,1,0,2026-09-19T12:22:32.132410+00:00,2026-09-19T20:24:21.030232+00:00,2026-09-20T19:17:40.679579+00:00
Mobile app freezes on startup,"The mobile app freezes on the splash screen right after launch. I already tried restarting everything. Using vesrion 4.1.2 on Android. We are losing customers every minute, need help ASAP! Please help.",neha.bose93@example.com,closed,technical,urgent,Tech Support,Ananya Das,7,3,0,2026-09-19T13:00:37.683529+00:00,2026-09-19T14:42:33.562678+00:00,2026-09-19T19:12:36.090768+00:00
Delete my account and data,"Hello, Please delete my account and all my personal data permanently. Need this fixed today please. Regards, Amit",amit.singh32@example.com,resolved,account,high,Account Security,Rohan Verma,5,2,0,2026-09-19T13:11:51.436196+00:00,2026-09-19T14:49:50.186258+00:00,2026-09-19T20:31:38.171105+00:00
Invoice shows wrong amount,"Good morning, The invoice for Starter shows $99 but I expected a lower amount. This has happened more than once now. Would appreciate help this week.",karan.kumar98@example.com,resolved,billing,medium,Billing Support,Meera Iyer,10,1,0,2026-09-19T14:24:12.631349+00:00,2026-09-19T16:49:13.852616+00:00,2026-09-19T17:30:01.504599+00:00
Refund for cancelled plan,"Good morning, I cancelled my Starter subscription last week and have not received the refund. Happy to share screenshots if needed. Using version 3.7.3 on iPhone. Would apprecitae help this week. Regadrs, Pooja",pooja.kapoor20@example.com,closed,billing,medium,Billing Support,Meera Iyer,8,2,0,2026-09-19T14:41:46.168957+00:00,2026-09-19T18:40:27.933157+00:00,2026-09-19T19:37:47.319570+00:00
Can't log in to my account,"I cannot log in even though I am sure my password is correct. Happy to share screenshots if needed. Using version 4.1.0 on iPhone. Would appreciate help this week. Regards, Priya",priya.reddy16@example.com,resolved,account,medium,Account Security,Rohan Verma,12,4,0,2026-09-19T14:47:50.931389+00:00,2026-09-19T19:31:57.781631+00:00,2026-09-20T12:33:15.227161+00:00
tracking link shows no updates,"hello, the tracking link for order #292818 has not shown any update for days. this started yesterday. would appreciate help this week. please help.",vikram.singh61@example.com,resolved,shipping,medium,Logistics,Arjun Mehta,10,7,0,2026-09-19T15:19:55.462050+00:00,2026-09-19T20:56:49.392321+00:00,2026-09-20T01:09:04.409232+00:00
Unknown login from another country,I got an alert about a login from a country I have never visited. Using version 4.8.2 on macOS. It is annoying but we can work around it. Thanks in advance.,priya.kapoor64@example.com,closed,account,medium,Account Security,Ishita Rao,10,7,0,2026-09-19T15:51:23.963225+00:00,2026-09-19T18:46:16.244934+00:00,2026-09-19T22:34:56.986748+00:00
Question about enterprise pricing,"Hi, Could you share pricing details for the enterprise plan for about 200 seats? Just whenever you get time. Thanks, Riya",riya.singh14@example.com,closed,general,low,General Support,Tara Joshi,11,2,0,2026-09-19T16:08:40.269803+00:00,2026-09-20T00:10:01.110180+00:00,2026-09-20T15:24:08.449785+00:00
Unexpected charge on my account,There is a charge of $29 on my statement that I do not recognise. This started yesterday. Happy to share screenshots if needed. Just whenever you get time. Please help.,vikram.mishra94@example.com,resolved,billing,low,Billing Support,Meera Iyer,11,5,0,2026-09-19T16:23:28.876415+00:00,2026-09-20T08:18:13.557283+00:00,2026-09-20T14:55:48.500496+00:00
Feedback on the new interface,"Hi team, I wanted to share some feedback about the new itnerface layout. This started yesterday. This has happened more than once now. Quite urgent for us, deadline is tomorrow. Please help.",aditya.bose38@example.com,closed,general,high,General Support,Tara Joshi,8,4,0,2026-09-19T16:30:02.829855+00:00,2026-09-19T19:23:51.900890+00:00,2026-09-20T00:42:20.346162+00:00
Invoice shows wrong amount,"Hello, The invoice for Pro shows $9 but I expected a lower amount. Not urgent, low priority for me. Thanks in advance.",neha.singh63@example.com,resolved,billing,low,Billing Support,Aarav Sharma,7,1,0,2026-09-19T17:38:33.434875+00:00,2026-09-20T21:11:31.974397+00:00,2026-09-20T23:49:34.243898+00:00
Need a product demo,"Hi team, We would like to schedule a product demo for our team. Happy to share screenshots if needed. This has happened more than once now. It is annoying but we can work around it. Regards, Vikram",vikram.mishra45@example.com,closed,integrations,medium,Integrations,Sana Khan,0,4,0,2026-09-19T18:20:08.495605+00:00,2026-09-20T01:25:03.342989+00:00,2026-09-20T07:34:14.207813+00:00
Order still not delivered,"Hi team, My order #750317 was supposed to arrive last week and still has not been delivered. Would appreciate help this week. Thanks, Karan",karan.mishra71@example.com,resolved,shipping,medium,Logistics,Arjun Mehta,8,5,0,2026-09-19T23:08:59.342877+00:00,2026-09-20T06:35:56.363682+00:00,2026-09-20T10:37:14.701901+00:00
Need to change delivery address,"Good morning, I entered the wrong address for order #922695 and need to change it. Would appreciate help this week. Thanks in advance.",amit.kapoor50@example.com,resolved,shipping,medium,Logistics,Arjun Mehta,4,0,0,2026-09-20T04:37:57.034896+00:00,2026-09-20T11:53:26.486566+00:00,2026-09-20T22:58:36.246358+00:00
Unexpected charge on my account,"Hello, There is a charge of $9 on my statement that I do not recognise. This has happened more than once now. This started yesterday. Would appreciate help this week. Thanks in advance.",amit.shah93@example.com,resolved,billing,medium,Billing Support,Meera Iyer,12,2,0,2026-09-20T09:20:06.235634+00:00,2026-09-20T13:54:40.341445+00:00,2026-09-20T16:34:08.859596+00:00
Need to change delivery address,I entered the wrong address for order #762014 and need to change it. This started yesterday. Happy to share screenshots if needed. This is blocking our entire team in production. Thanks in advance.,rahul.kapoor61@example.com,resolved,shipping,urgent,Logistics,Arjun Mehta,10,2,0,2026-09-20T09:40:29.464759+00:00,2026-09-20T11:25:51.892613+00:00,2026-09-20T20:43:14.525964+00:00
urgent!!,"Hello, There is a charge of $19 on my statement that I do not recognise. I already tried restarting everything. Would appreciate help this week. Please help.",priya.yadav77@example.com,resolved,billing,medium,Billing Support,Aarav Sharma,14,4,0,2026-09-20T09:42:46.037867+00:00,2026-09-20T12:01:17.851267+00:00,2026-09-20T12:55:30.210976+00:00
Rate limit errors on API,"Good morning, We are hitting 429 rate limit errors on the API even with low traffic. Quite urgent for us, deadline is tomorrow. Thanks, Rahul",rahul.reddy98@example.com,closed,integrations,high,Integrations,Sana Khan,8,3,0,2026-09-20T09:53:35.212582+00:00,2026-09-20T13:50:24.289402+00:00,2026-09-22T00:17:58.880541+00:00
looking for a data processing agreement,"hi, can you send us your standard data processing agreement? it is annoying but we can work around it. please help.",karan.kumar63@example.com,resolved,general,medium,General Support,Tara Joshi,3,1,0,2026-09-20T09:54:26.168013+00:00,2026-09-20T15:54:58.692970+00:00,2026-09-20T21:34:42.964909+00:00
Looking for a data processing agreement,"Hi, Can you send us your standard data processing agreement? Would appreciate help this week. Thanks in advance.",sneha.mishra29@example.com,resolved,general,medium,General Support,Tara Joshi,10,1,0,2026-09-20T09:57:53.298475+00:00,2026-09-20T14:56:56.803947+00:00,2026-09-21T00:08:38.240321+00:00
Delete my account and data,"Hello, Please delete my account and all my personal data permanently. It is annoying but we can work around it. Thanks in advance.",pooja.kapoor51@example.com,closed,account,medium,Account Security,Ishita Rao,7,4,0,2026-09-20T10:18:28.410254+00:00,2026-09-20T16:30:43.394351+00:00,2026-09-20T22:03:10.754788+00:00
invoice shows wrong amount,"the invoice for business shows $49 but i expected a lower amount. this has happened more than once now. i already tried restarting everything. quite urgent for us, deadline is tomorrow.",vikram.kapoor78@example.com,closed,billing,high,Billing Support,Meera Iyer,2,3,1,2026-09-20T11:03:26.884451+00:00,2026-09-20T13:21:57.567904+00:00,2026-09-20T21:24:36.836680+00:00
Password reset email never arrives,"I requested a password reset three times but no email has arrived. This has happened more than once now. Not urgent, low priority for me.",pooja.bose73@example.com,closed,account,low,Account Security,Ishita Rao,10,0,0,2026-09-20T11:07:25.096166+00:00,2026-09-21T12:01:12.829123+00:00,2026-09-21T12:55:56.275256+00:00
Order still not delivered,"Hi, My order #297209 was supposed to arrive last week and still has not been delivered. I already tried restarting everything. It is annoying but we can work around it. Please help.",sneha.patel71@example.com,closed,shipping,medium,Logistics,Diya Nair,11,6,0,2026-09-20T11:34:42.025002+00:00,2026-09-20T14:26:28.492847+00:00,2026-09-20T23:13:45.295559+00:00
problem,"hi, webhook deliveries to our endpoint keep failing and events are missing. quite urgent for us, deadline is tomorrow. regards, vikram",vikram.kumar25@example.com,resolved,integrations,high,Integrations,Neil Fernandes,5,1,0,2026-09-20T11:55:23.637868+00:00,2026-09-20T13:22:40.392677+00:00,2026-09-20T16:09:02.390262+00:00
Can't log in to my account,"Hello, I cannot log in even though I am sure my password is correct. This started yesterday. This has happened more than once now. Quite urgent for us, deadline is tomorrow.",pooja.singh31@example.com,resolved,account,high,Account Security,Ishita Rao,9,4,0,2026-09-20T12:54:19.505145+00:00,2026-09-20T23:07:29.082249+00:00,2026-09-21T02:13:17.594427+00:00
Getting error 500 on upload,"Hi, Uploading any file fails with an error 500 message. Happy to share screenshots if needed. Using version 3.2.1 on iPhone. No rush at all.",priya.reddy29@example.com,closed,technical,low,Tech Support,Kabir Singh,10,5,0,2026-09-20T13:00:18.401390+00:00,2026-09-21T07:47:01.621115+00:00,2026-09-21T12:56:24.580957+00:00
Package marked delivered but missing,"Good morning, Tracking says order #864062 was delivered but nothing is at my door. Happy to share screenshots if needed. Critical: our live system is affected. Thanks, Aditya",aditya.kapoor18@example.com,resolved,shipping,urgent,Logistics,Diya Nair,10,5,0,2026-09-20T13:25:46.728946+00:00,2026-09-20T14:39:33.333549+00:00,2026-09-20T18:20:36.109053+00:00
Question about enterprise pricing,"Hello, Could you share pricing details for the enterprise plan for about 200 seats? This started yesterday. Not urgent, low priority for me. Thanks, Aditya",aditya.yadav5@example.com,closed,general,low,General Support,Tara Joshi,8,2,0,2026-09-20T13:52:59.758921+00:00,2026-09-20T19:54:51.401432+00:00,2026-09-20T21:07:46.532103+00:00
Need GST invoice for last month,"Hi team, I need a GST invoice for my Pro subscription for our accounting. This has happened more than once now. Using version 4.2.2 on Ubuntu. This is blocking our entire team in production. Thanks in advance.",priya.singh34@example.com,closed,billing,urgent,Billing Support,Meera Iyer,10,4,0,2026-09-20T14:49:04.216328+00:00,2026-09-20T18:43:25.705352+00:00,2026-09-20T21:54:13.072667+00:00
urgent!!,"Hi, The Salesforce sync keeps creating duplicate contacts in our CRM. Happy to share screenshots if needed. We are losing customers every minute, need help ASAP! Regards, Pooja",pooja.bose70@example.com,closed,integrations,urgent,Integrations,Neil Fernandes,12,4,0,2026-09-20T14:53:13.517018+00:00,2026-09-20T15:07:21.447583+00:00,2026-09-20T17:48:46.349560+00:00
Unexpected charge on my account,"Hi team, There is a charge of $99 on my statement that I do not recognise. It is annoying but we can work around it. Thanks, Priya",priya.shah24@example.com,resolved,billing,medium,Billing Support,Aarav Sharma,15,3,0,2026-09-20T15:05:42.479927+00:00,2026-09-20T19:21:25.311159+00:00,2026-09-20T22:06:44.688536+00:00
API key returns 401 unauthorized,"Hello, Our API key returns 401 unauthorized on every request since this morning. Happy to share screenshots if needed. Need this fixed today please. Regards, Neha",neha.shah15@example.com,closed,integrations,high,Integrations,Neil Fernandes,4,3,0,2026-09-20T15:11:27.487725+00:00,2026-09-20T16:58:36.662331+00:00,2026-09-20T18:55:54.511530+00:00
Order still not delivered,"Hi, My order #333104 was supposed to arrive last week and still has not been delivered. This started yesterday. I already tried restarting everything. It is annoying but we can work around it. Regards, Neha",neha.jain66@example.com,closed,shipping,medium,Logistics,Arjun Mehta,11,5,0,2026-09-20T15:26:05.968340+00:00,2026-09-20T18:08:55.331497+00:00,2026-09-20T19:41:46.013766+00:00
Salesforce sync duplicates contacts,"Hello, The Salesforce sync keeps creating duplicate contacts in our CRM. Happy to share screenshots if needed. Critical: our live system is affected.",sneha.kumar19@example.com,closed,integrations,urgent,Integrations,Sana Khan,9,0,0,2026-09-20T15:35:22.784065+00:00,2026-09-20T16:20:27.286341+00:00,2026-09-20T21:26:41.173601+00:00
Unknown login from another country,"Hi, I got an alert about a login from a country I have never visited. Using version 4.2.2 on Windows 11. It is annoying but we can work around it. Regards, Aditya",aditya.reddy4@example.com,resolved,account,medium,Account Security,Ishita Rao,8,3,0,2026-09-20T16:47:33.887878+00:00,2026-09-20T17:57:07.429329+00:00,2026-09-20T20:03:10.273827+00:00
Slow performance since last update,"Good morning, Everything has become very slow since the last update, pages take ages to open. This is blocking our entire team in production.",neha.singh35@example.com,closed,technical,urgent,Tech Support,Ananya Das,9,3,0,2026-09-20T17:14:25.528881+00:00,2026-09-20T17:53:11.648905+00:00,2026-09-21T06:06:35.927960+00:00
Wrong item received,"Hello, I received the wrong item in order #184577, this is not what I ordered. It is annoying but we can work around it. Thanks, Sneha",sneha.singh25@example.com,resolved,shipping,medium,Logistics,Diya Nair,11,4,0,2026-09-20T17:15:49.047820+00:00,2026-09-21T00:09:28.505065+00:00,2026-09-21T01:30:22.016495+00:00
Mobile app freezes on startup,"Hi team, The mobile app freezes on the splash screen right after launch. It is annoying but we can work around it. Regards, Riya",riya.singh90@example.com,closed,technical,medium,Tech Support,Kabir Singh,15,6,0,2026-09-20T17:39:02.855471+00:00,2026-09-21T00:32:43.491095+00:00,2026-09-21T17:59:53.621123+00:00
Tracking link shows no updates,"Hi, The tracking link for order #586530 has not shown any update for days. This is affecting several of our users. Regards, Amit",amit.yadav68@example.com,resolved,shipping,high,Logistics,Arjun Mehta,11,7,0,2026-09-20T17:47:19.721789+00:00,2026-09-20T21:04:30.405091+00:00,2026-09-21T06:33:01.764897+00:00
Files not syncing across devices,My files are not syncing between my laptop and my phone anymore. Happy to share screenshots if needed. It is annoying but we can work around it. Please help.,aditya.yadav66@example.com,closed,technical,medium,Tech Support,Ananya Das,0,3,0,2026-09-20T19:01:02.796349+00:00,2026-09-20T20:19:11.761623+00:00,2026-09-21T00:49:56.087032+00:00
Need GST invoice for last month,"Good morning, I need a GST invoice for my Pro subscription for our accounting. This has happened more than once now. Would appreciate help this week. Thanks, Aditya",aditya.reddy4@example.com,closed,billing,medium,Billing Support,Meera Iyer,7,0,0,2026-09-21T02:34:24.711020+00:00,2026-09-21T16:48:28.596267+00:00,2026-09-21T18:06:38.470362+00:00
Invoice shows wrong amount,can someone look into this,vikram.bose52@example.com,closed,billing,medium,Billing Support,Aarav Sharma,0,4,0,2026-09-21T04:52:50.854420+00:00,2026-09-21T09:09:55.559351+00:00,2026-09-21T17:41:08.617599+00:00
Files not syncing across devices,My files are not syncing between my laptop and my phone anymore. Happy to share screenshots if needed. Would appreciate help this week.,pooja.singh15@example.com,closed,technical,medium,Tech Support,Kabir Singh,1,3,0,2026-09-21T06:38:54.408725+00:00,2026-09-21T10:08:57.957470+00:00,2026-09-21T14:24:00.195197+00:00
Mobile app freezes on startup,"The mobile app frezees on the splash screen right afetr launch. We are losing customers every minute, need help ASAP! Please help.",vikram.jain27@example.com,closed,technical,urgent,Tech Support,Vihaan Gupta,0,0,0,2026-09-21T07:42:10.289525+00:00,2026-09-21T08:12:02.245157+00:00,2026-09-22T23:20:58.883620+00:00
Slow performance since last update,"Hi, Everything has become very slow since the last update, pages take ages to open. Using version 3.0.2 on iPhone. I already tried restarting everything. It is annoying but we can work around it. Please help.",neha.reddy1@example.com,closed,technical,medium,Tech Support,Kabir Singh,9,4,0,2026-09-21T08:19:46.904325+00:00,2026-09-21T10:18:21.730966+00:00,2026-09-22T15:55:17.369456+00:00
API key returns 401 unauthorized,"Our API key returns 401 unauthorized on every request since this morning. It is annoying but we can work around it. Thanks, Vikram",vikram.yadav84@example.com,resolved,integrations,medium,Integrations,Neil Fernandes,12,2,0,2026-09-21T09:32:14.581118+00:00,2026-09-21T10:51:42.922336+00:00,2026-09-21T11:53:41.756895+00:00
Need GST invoice for last month,"Hi, I need a GST invoice for my Team subscription for our accounting. Not urgent, low priority for me. Please help.",riya.jain69@example.com,closed,billing,low,Billing Support,Meera Iyer,7,1,0,2026-09-21T10:24:12.232980+00:00,2026-09-22T04:55:35.987294+00:00,2026-09-22T08:27:56.415480+00:00
Webhook deliveries failing,Webhook deliveries to our endpoint keep failing and events are missing. Need this fixed today please. Thanks in advance.,karan.singh42@example.com,closed,integrations,high,Integrations,Neil Fernandes,5,7,1,2026-09-21T10:34:55.228568+00:00,2026-09-21T11:47:52.635472+00:00,2026-09-21T13:21:21.362168+00:00
Unknown login from another country,"Good morning, I got an alert about a login from a country I have never visited. Using version 3.6.3 on Android. It is annoying but we can work around it. Thanks, Priya",priya.yadav3@example.com,closed,technical,medium,Tech Support,Vihaan Gupta,7,2,0,2026-09-21T11:52:27.106294+00:00,2026-09-21T16:04:10.677434+00:00,2026-09-21T18:21:00.324239+00:00
Need a product demo,"We would like to schedule a product demo for our team. I already tried restarting everything. Quite urgent for us, deadline is tomorrow.",vikram.singh34@example.com,closed,general,high,General Support,Tara Joshi,12,4,0,2026-09-21T12:49:26.363953+00:00,2026-09-21T16:02:39.400822+00:00,2026-09-22T12:23:34.186536+00:00
Looking for a data processing agreement,Can you send us your standard data processing agreement? Would appreciate help this week. Please help.,aditya.jain77@example.com,resolved,general,medium,General Support,Tara Joshi,7,7,0,2026-09-21T13:29:20.021639+00:00,2026-09-21T15:01:33.616415+00:00,2026-09-21T16:45:26.668313+00:00
Slack integration stopped posting,"Good morning, Our Slack integration stopped posting notifications to the channel. Happy to share screenshots if needed. Critical: our live system is affected. Thanks, Riya",riya.kumar34@example.com,closed,integrations,urgent,Integrations,Sana Khan,9,4,0,2026-09-21T13:32:57.533446+00:00,2026-09-21T14:10:30.144883+00:00,2026-09-21T16:29:15.808784+00:00
Do you offer student discounts,"Do you offer any discount for students or non-profit organisations? This started yesterday. Would appreciate help this week. Thanks, Sneha",sneha.kapoor38@example.com,resolved,general,medium,General Support,Tara Joshi,12,5,0,2026-09-21T13:53:33.075707+00:00,2026-09-21T17:25:10.425182+00:00,2026-09-21T22:52:49.063181+00:00
Invoice shows wrong amount,it is not working please check,neha.bose36@example.com,closed,billing,high,Billing Support,Aarav Sharma,11,6,0,2026-09-21T14:26:53.675872+00:00,2026-09-21T15:27:00.093338+00:00,2026-09-21T18:25:13.137065+00:00
Getting error 500 on upload,"Hi team, Uploading any file fails with an error 500 message. Happy to share screenshots if needed. We are losing customers every minute, need help ASAP! Regards, Priya",priya.kumar85@example.com,closed,technical,urgent,Tech Support,Vihaan Gupta,6,0,0,2026-09-21T14:45:21.697310+00:00,2026-09-21T15:51:43.010075+00:00,2026-09-21T16:49:17.380964+00:00
Refund for cancelled plan,"Hi team, I cancelled my Business subscription last week and have not received the refund. No rush at all. Regards, Neha",neha.reddy84@example.com,closed,billing,low,Billing Support,Aarav Sharma,8,0,0,2026-09-21T14:50:29.017354+00:00,2026-09-21T19:23:53.588861+00:00,2026-09-21T23:27:29.414080+00:00
Delete my account and data,Please delete my account and all my personal data permanently. I already tried restarting everything. Would appreciate help this week. Thanks in advance.,amit.reddy80@example.com,resolved,account,medium,Account Security,Ishita Rao,10,2,1,2026-09-21T16:35:29.781161+00:00,2026-09-21T21:17:44.930268+00:00,2026-09-21T22:23:38.349809+00:00
Need to change delivery address,"Hi, I entered the wrong address for order #742412 and need to change it. Critical: our live system is affected. Regards, Neha",neha.kapoor99@example.com,closed,shipping,urgent,Logistics,Arjun Mehta,11,5,0,2026-09-21T17:05:33.291572+00:00,2026-09-21T18:44:24.142374+00:00,2026-09-21T20:01:29.145077+00:00
Tracking link shows no updates,"Hello, The tracking link for order #223544 has not shown any update for days. This started yesterday. Using version 3.5.1 on Ubuntu. Would appreciate help this week. Please help.",neha.shah56@example.com,closed,shipping,medium,Logistics,Diya Nair,9,4,0,2026-09-21T17:23:15.437705+00:00,2026-09-21T20:42:58.136700+00:00,2026-09-22T08:47:48.979767+00:00
Zapier connection keeps disconnecting,"Hi team, The Zapier connection keeps disconnecting and needs re-authorising daily. Quite urgent for us, deadline is tomorrow. Regards, Rahul",rahul.kumar21@example.com,closed,integrations,high,Integrations,Sana Khan,11,7,0,2026-09-21T17:47:26.024579+00:00,2026-09-22T04:30:01.406959+00:00,2026-09-22T09:02:53.522169+00:00
problem,"Can you send us your standard data processing agreement? No rush at all. Regards, Neha",neha.mishra64@example.com,closed,general,low,General Support,Tara Joshi,3,5,1,2026-09-22T04:06:02.997219+00:00,2026-09-22T20:45:19.250985+00:00,2026-09-23T01:00:01.495613+00:00
Mobile app freezes on startup,"Hello, The mobile app freezes on the splash screen right after launch. Quite urgent for us, deadline is tomorrow.",amit.yadav35@example.com,resolved,technical,high,Tech Support,Ananya Das,8,1,1,2026-09-22T08:12:21.666628+00:00,2026-09-22T08:58:16.392576+00:00,2026-09-22T11:08:55.444432+00:00
question,"Hello, My card was declined at checkout but $9 still left my bank account. This has happened more than once now. We are losing customers every minute, need help ASAP! Thanks, Pooja",pooja.kumar95@example.com,closed,billing,urgent,Billing Support,Aarav Sharma,6,8,0,2026-09-22T09:09:31.841897+00:00,2026-09-22T10:40:02.904750+00:00,2026-09-22T11:45:32.154719+00:00
Getting error 500 on upload,Uploading any file fails with an error 500 message. Happy to share screenshots if needed. This has happened more than once now. It is annoying but we can work around it. Thanks in advance.,amit.jain24@example.com,resolved,technical,medium,Tech Support,Kabir Singh,18,5,0,2026-09-22T09:25:05.581844+00:00,2026-09-22T22:21:40.329269+00:00,2026-09-22T23:40:54.262640+00:00
Need a product demo,We would like to schedule a product demo for our team. No rush at all.,priya.jain51@example.com,closed,general,low,General Support,Tara Joshi,10,3,0,2026-09-22T09:46:39.332860+00:00,2026-09-22T13:55:16.819694+00:00,2026-09-22T17:48:44.053240+00:00
Slack integration stopped posting,"Hi, Our Slack integration stopped posting notifications to the channel. Would appreciate help this week.",pooja.patel69@example.com,closed,integrations,medium,Integrations,Neil Fernandes,5,5,0,2026-09-22T10:47:02.881673+00:00,2026-09-22T12:52:13.499109+00:00,2026-09-23T05:29:57.735549+00:00
Two-factor codes not working,"My authenticator codes are rejected every time I try to sign in. This started yesterday. Using version 3.0.2 on Windows 11. We are losing customers every minute, need help ASAP!",pooja.jain12@example.com,closed,account,urgent,Account Security,Rohan Verma,8,7,0,2026-09-22T10:55:00.686936+00:00,2026-09-22T15:42:08.930383+00:00,2026-09-22T16:18:22.287518+00:00
delete my account and data,"hi, please delete my account and all my personal data permanently. happy to share screenshots if needed. not urgent, low priority for me. thanks, aditya",aditya.singh68@example.com,resolved,account,low,Account Security,Ishita Rao,10,6,0,2026-09-22T10:55:15.794188+00:00,2026-09-22T23:01:57.693894+00:00,2026-09-23T05:17:32.059939+00:00
Card declined but money deducted,My card was declined at checkout but $19 still left my bank account. Happy to share screenshots if needed. This has happened more than once now. Need this fixed today please.,sneha.jain56@example.com,closed,billing,high,Billing Support,Meera Iyer,14,5,0,2026-09-22T11:58:10.226774+00:00,2026-09-22T15:52:55.343956+00:00,2026-09-22T21:56:22.532552+00:00
App crashes when exporting report,"The app crashes every time I try to export a report to CSV. I already tried restarting everything. Using version 4.1.1 on Windows 11. Quite urgent for us, deadline is tomorrow.",vikram.patel82@example.com,closed,technical,high,Tech Support,Kabir Singh,12,2,0,2026-09-22T13:02:53.765665+00:00,2026-09-22T14:16:31.182982+00:00,2026-09-22T15:50:26.793804+00:00
App crashes when exporting report,something is wrong with my account,sneha.reddy44@example.com,resolved,technical,low,Tech Support,Ananya Das,5,4,0,2026-09-22T13:35:46.374563+00:00,2026-09-22T15:31:35.571059+00:00,2026-09-22T20:44:05.490233+00:00
Charged twice for my subscription,"Hi team, I was charged $99 twice for my Team plan this month. Just whenever you get time. Regards, Riya",riya.reddy84@example.com,closed,billing,low,Billing Support,Aarav Sharma,9,5,0,2026-09-22T13:36:50.847883+00:00,2026-09-23T06:41:14.173994+00:00,2026-09-23T09:28:36.561437+00:00
Invoice shows wrong amount,"Good morning, The invoice for Business shows $49 but I expected a lower amount. This started yesterday. Using version 4.6.3 on macOS. Would appreciate help this week. Please help.",amit.mishra42@example.com,closed,billing,medium,Billing Support,Aarav Sharma,12,6,0,2026-09-22T13:40:30.428511+00:00,2026-09-22T20:15:33.085419+00:00,2026-09-22T21:26:09.772921+00:00
Dashboard stuck on loading spinner,"Hello, The dashboard never finishes loading, it just shows the spinner forever. This is blocking our entire team in production. Thanks in advance.",amit.singh78@example.com,closed,technical,urgent,Tech Support,Vihaan Gupta,14,2,0,2026-09-22T13:46:30.404658+00:00,2026-09-22T15:09:26.826979+00:00,2026-09-22T18:07:33.685396+00:00
Question about enterprise pricing,"Hi, Could you share pricing details for the enterprise plan for about 200 seats? Would appreciate help this weke. Regards, Pooja",pooja.mishra19@example.com,closed,general,medium,General Support,Tara Joshi,15,6,0,2026-09-22T14:20:30.442576+00:00,2026-09-22T18:59:29.929750+00:00,2026-09-22T21:58:41.058135+00:00
need gst invoice for last month,"hello, i need a gst invoice for my starter subscription for our accounting. we are loisng customers every minute, need help asap!",neha.bose20@example.com,resolved,billing,urgent,Billing Support,Meera Iyer,10,0,0,2026-09-22T14:20:57.085958+00:00,2026-09-22T14:51:38.901676+00:00,2026-09-22T18:07:37.195649+00:00
App crashes when exporting report,"Hello, The app crashes every time I try to export a report to CSV. This has happened more than once now. Using version 3.8.2 on Windows 11. Just whenever you get time. Thanks, Amit",amit.patel76@example.com,closed,technical,low,Tech Support,Vihaan Gupta,10,3,0,2026-09-22T14:27:29.500538+00:00,2026-09-22T17:06:15.170745+00:00,2026-09-22T20:46:50.312816+00:00
Account locked after failed attempts,"Hello, My account got locked after a few failed logins and I cannot get back in. It is annoying but we can work around it. Please help.",vikram.mishra77@example.com,closed,account,medium,Account Security,Ishita Rao,14,0,0,2026-09-22T14:37:14.749815+00:00,2026-09-22T17:39:08.661745+00:00,2026-09-23T00:47:15.003984+00:00
Salesforce sync duplicates contacts,"Hi, The Salesforce sync keeps creating duplicate contacts in our CRM. Need this fixed today please. Regards, Priya",priya.bose33@example.com,closed,integrations,high,Integrations,Neil Fernandes,13,5,0,2026-09-22T14:44:48.977833+00:00,2026-09-22T15:35:21.958152+00:00,2026-09-22T19:55:57.138461+00:00
Getting error 500 on upload,it is not working please check,riya.yadav85@example.com,closed,technical,high,Tech Support,Vihaan Gupta,10,4,0,2026-09-22T14:57:51.738262+00:00,2026-09-22T16:40:41.199976+00:00,2026-09-22T18:09:32.700958+00:00
Need GST invoice for last month,"Hi, I need a GST invoice for my Starter subscription for our accounting. This has happened more than once now. No rush at all. Regards, Priya",priya.yadav86@example.com,resolved,billing,low,Billing Support,Aarav Sharma,11,4,0,2026-09-22T15:01:44.021154+00:00,2026-09-22T21:46:18.632074+00:00,2026-09-23T02:42:37.459438+00:00
Need a product demo,"Good morning, We would like to schedule a product demo for our team. We are losing customers every minute, need help ASAP!",priya.bose60@example.com,closed,general,urgent,General Support,Tara Joshi,9,3,0,2026-09-22T15:30:01.983018+00:00,2026-09-22T16:00:25.958421+00:00,2026-09-22T18:14:35.939459+00:00
Refund for cancelled plan,"Hi, I cancelled my Pro subscription last week and have not received the refund. This started yesterday. No rush at all. Thanks in advance.",vikram.patel77@example.com,closed,billing,low,Billing Support,Meera Iyer,15,7,0,2026-09-22T15:42:16.977595+00:00,2026-09-23T04:13:02.212523+00:00,2026-09-23T19:55:49.221411+00:00
Can't log in to my account,"Hi, I cannot log in even though I am sure my password is correct. Just whenever you get time. Regards, Neha",neha.kumar38@example.com,closed,account,low,Account Security,Rohan Verma,9,0,0,2026-09-22T15:48:13.918944+00:00,2026-09-23T06:50:26.096007+00:00,2026-09-23T09:40:45.966244+00:00
Refund for cancelled plan,"Good morning, I cancelled my Business subscription last week and have not received the refund. This has happened more than once now. This is affecting several of our users. Regards, Pooja",pooja.bose20@example.com,resolved,technical,high,Tech Support,Vihaan Gupta,8,5,0,2026-09-22T16:00:27.109635+00:00,2026-09-22T18:03:59.317446+00:00,2026-09-23T04:02:09.227395+00:00
card declined but money deducted,my card was declined at checkout but $99 still left my bank account. no rush at all. please help.,priya.bose5@example.com,closed,billing,low,Billing Support,Aarav Sharma,7,9,0,2026-09-22T16:57:05.463678+00:00,2026-09-24T03:08:07.001318+00:00,2026-09-24T06:24:17.889367+00:00
Do you offer student discounts,"Hi team, Do you offer any discount for students or non-profit organisations? Using version 3.0.1 on Android. No rush at all. Thanks in advance.",rahul.patel44@example.com,closed,general,low,General Support,Tara Joshi,8,4,0,2026-09-22T17:23:23.383423+00:00,2026-09-23T05:26:13.378588+00:00,2026-09-23T07:50:05.748155+00:00
Can't log in to my account,"Good morning, I cannot log in even though I am sure my password is correct. This started yesterday. Quite urgent for us, deadline is tomorrow. Please help.",riya.reddy73@example.com,closed,account,high,Account Security,Ishita Rao,9,3,0,2026-09-22T17:30:19.081907+00:00,2026-09-22T20:44:23.867771+00:00,2026-09-23T01:07:30.641386+00:00
refund for cancelled plan,"good morning, i cancelled my starter subscription last week and have not received the refund. this has happened more than once now. this started yesterday. we are losing customers every minute, need help asap! thanks, amit",amit.yadav65@example.com,closed,billing,urgent,Billing Support,Aarav Sharma,13,1,0,2026-09-22T17:37:47.907331+00:00,2026-09-22T18:31:37.943931+00:00,2026-09-24T17:57:45.870629+00:00
Salesforce sync duplicates contacts,"The Salesforce sync keeps creating duplicate contacts in our CRM. Using version 3.8.3 on macOS. This started yesterday. It is annoying but we can work around it. Thanks, Aditya",aditya.jain54@example.com,closed,technical,medium,Tech Support,Vihaan Gupta,7,2,0,2026-09-23T03:49:03.837371+00:00,2026-09-23T05:34:58.830141+00:00,2026-09-23T12:15:20.055012+00:00
Account locked after failed attempts,"Hi, My account got locked after a few failed logins and I cannot get back in. I already tried restarting everything. Happy to share screenshots if needed. We are losing customers every minute, need help ASAP! Regards, Pooja",pooja.bose74@example.com,closed,account,urgent,Account Security,Ishita Rao,3,5,0,2026-09-23T07:18:14.896947+00:00,2026-09-23T08:30:58.925157+00:00,2026-09-25T14:30:57.567871+00:00
API key returns 401 unauthorized,"Good morning, Our API key returns 401 unauthorized on every request since this morning. Using version 3.7.2 on macOS. It is annoying but we can work around it.",vikram.shah32@example.com,resolved,integrations,medium,Integrations,Neil Fernandes,7,7,0,2026-09-23T08:33:04.547484+00:00,2026-09-23T18:15:59.296437+00:00,2026-09-24T10:22:27.005145+00:00
Need GST invoice for last month,"Hello, I need a GST invoice for my Team subscription for our accounting. This started yesterday. Using version 3.7.2 on Windows 11. Would appreciate help this week.",vikram.bose11@example.com,resolved,billing,medium,Billing Support,Meera Iyer,7,1,0,2026-09-23T09:07:59.794989+00:00,2026-09-23T16:23:32.514860+00:00,2026-09-24T06:16:41.754155+00:00
Invoice shows wrong amount,"Hello, The invoice for Business shows $49 but I expected a lower amount. Quite urgent for us, deadline is tomorrow. Thanks, Rahul",rahul.mishra81@example.com,closed,billing,high,Billing Support,Meera Iyer,11,4,0,2026-09-23T09:25:42.963644+00:00,2026-09-23T13:08:53.782443+00:00,2026-09-23T13:46:52.720368+00:00
Unexpected charge on my account,"Good morning, There is a charge of $49 on my statement that I do not recognise. I already tried restarting everything. This started yesterday. Would appreciate help this week. Regadrs, Sneha",sneha.yadav32@example.com,closed,billing,medium,Billing Support,Meera Iyer,12,1,0,2026-09-23T10:03:35.792319+00:00,2026-09-23T13:55:04.706628+00:00,2026-09-23T15:05:22.912958+00:00
Charged twice for my subscription,"Hello, I was charged $99 twice for my Starter plan this month. This is blocking our entire team in production. Thanks in advance.",amit.shah26@example.com,resolved,billing,urgent,Billing Support,Aarav Sharma,7,1,0,2026-09-23T10:08:20.950699+00:00,2026-09-23T11:58:17.787082+00:00,2026-09-23T15:16:55.293447+00:00
Charged twice for my subscription,it is not working please check,rahul.kumar16@example.com,closed,billing,medium,Billing Support,Aarav Sharma,14,5,0,2026-09-23T10:18:53.290515+00:00,2026-09-23T19:18:32.331537+00:00,2026-09-23T22:04:29.087009+00:00
Need a product demo,"Hi, We would like to schedule a product demo for our team. Using version 4.6.1 on iPhone. No rush at all. Thanks in advance.",priya.shah30@example.com,resolved,general,low,General Support,Tara Joshi,11,0,0,2026-09-23T11:09:55.918965+00:00,2026-09-23T15:08:07.321876+00:00,2026-09-23T19:10:03.546285+00:00
Slack integration stopped posting,"Good morning, Our Slack integration stopped posting notifications to the channel. This started yesterday. This is affecting several of our users. Thanks, Riya",riya.kumar74@example.com,closed,integrations,high,Integrations,Sana Khan,10,5,0,2026-09-23T11:53:33.544836+00:00,2026-09-23T13:06:10.247013+00:00,2026-09-23T17:11:13.924276+00:00
Delete my account and data,"Hello, Please delete my account and all my personal data permanently. Using version 3.6.1 on macOS. I already tried restarting everything. Not urgent, low priority for me. Please help.",aditya.jain5@example.com,closed,account,low,Account Security,Ishita Rao,8,2,0,2026-09-23T11:55:10.683648+00:00,2026-09-23T19:49:55.272196+00:00,2026-09-23T21:34:49.737815+00:00
Getting error 500 on upload,"Hi, Uploading any file fails with an error 500 message. Happy to share screenshots if needed. This is affecting several of our users.",amit.singh75@example.com,closed,technical,high,Tech Support,Ananya Das,11,3,0,2026-09-23T12:51:40.251204+00:00,2026-09-23T18:14:55.511826+00:00,2026-09-23T23:52:08.300891+00:00
Salesforce sync duplicates contacts,"Good morning, The Salesforce sync keeps creating duplicate contacts in our CRM. This started yesterday. Using version 3.7.3 on Windows 11. This is affecting several of our users. Thanks, Karan",karan.kumar39@example.com,closed,integrations,high,Integrations,Neil Fernandes,11,2,0,2026-09-23T12:55:03.077253+00:00,2026-09-23T14:32:00.828953+00:00,2026-09-23T15:04:27.869224+00:00
Rate limit errors on API,We are hitting 429 rate limit errors on the API even with low traffic. I already tried restarting everything. Using version 3.7.1 on macOS. This is affecting several of our users. Thanks in advance.,amit.shah30@example.com,closed,integrations,high,Integrations,Neil Fernandes,7,4,0,2026-09-23T13:10:41.060371+00:00,2026-09-23T15:57:14.931275+00:00,2026-09-23T17:25:32.580367+00:00
Salesforce sync duplicates contacts,"Hi team, The Salesforce sync keeps creating duplicate contacts in our CRM. Happy to share screenshots if needed. I already tried restarting everything. It is annoying but we can work around it.",karan.kapoor68@example.com,closed,integrations,medium,Integrations,Sana Khan,15,3,0,2026-09-23T14:12:39.123257+00:00,2026-09-24T00:37:06.521043+00:00,2026-09-24T04:11:06.860440+00:00
Webhook deliveries failing,it is not working please check,neha.mishra40@example.com,closed,integrations,low,Integrations,Neil Fernandes,9,5,0,2026-09-23T14:15:14.936581+00:00,2026-09-23T19:22:02.826808+00:00,2026-09-23T20:22:05.250300+00:00
Dashboard stuck on loading spinner,"Hello, The dashboard never finishes loading, it just shows the spinner forever. It is annoying but we can work around it.",rahul.reddy70@example.com,closed,technical,medium,Tech Support,Vihaan Gupta,8,1,0,2026-09-23T14:44:30.382789+00:00,2026-09-23T15:57:18.552933+00:00,2026-09-23T19:37:56.009127+00:00
Webhook deliveries failing,"Webhook deliveries to our endpoint keep failing and events are missing. Using version 4.4.1 on Windows 11. We are losing customers every minute, need help ASAP! Thanks, Aditya",aditya.singh45@example.com,resolved,integrations,urgent,Integrations,Sana Khan,8,4,0,2026-09-23T15:19:50.156224+00:00,2026-09-23T16:42:00.110283+00:00,2026-09-23T23:57:47.720069+00:00
Need a product demo,"Good morning, We would like to schedule a product demo for our team. Just whenever you get time. Regards, Sneha",sneha.kapoor44@example.com,resolved,general,low,General Support,Tara Joshi,7,3,0,2026-09-23T15:31:31.500436+00:00,2026-09-23T23:06:10.069983+00:00,2026-09-24T02:47:24.067410+00:00
app crashes when exporting report,the app crashes every time i try to export a report to csv. this has happened more than once now. this is affecting several of our users. thanks in advance.,priya.mishra82@example.com,closed,technical,high,Tech Support,Kabir Singh,5,3,0,2026-09-23T15:49:42.172286+00:00,2026-09-23T18:52:02.924993+00:00,2026-09-23T21:00:09.607280+00:00
Invoice shows wrong amount,"Hi, The invoice for Business shows $19 but I expected a lower amount. This started yesterday. Would appreciate help this week. Regards, Riya",riya.patel69@example.com,closed,billing,medium,Billing Support,Aarav Sharma,6,3,0,2026-09-23T15:51:13.595721+00:00,2026-09-23T17:21:37.176792+00:00,2026-09-23T18:29:14.820461+00:00
Need GST invoice for last month,"Good morning, I need a GST invoice for my Business subscription for our accounting. This has happened more than once now. Happy to share screenshots if needed. Need this fixed today please. Thanks, Rahul",rahul.bose13@example.com,closed,billing,high,Billing Support,Aarav Sharma,10,3,0,2026-09-23T15:53:48.626407+00:00,2026-09-23T17:05:45.446237+00:00,2026-09-23T20:02:18.621010+00:00
Unexpected charge on my account,I need help with this as soon as possible,karan.patel62@example.com,closed,billing,high,Billing Support,Aarav Sharma,12,4,0,2026-09-23T16:22:34.870159+00:00,2026-09-24T01:36:26.667535+00:00,2026-09-25T01:57:46.335789+00:00
Can't log in to my account,"Hi, I cannot log in even though I am sure my password is correct. I already tried restarting everything. Would appreciate help this week. Thanks in advance.",riya.bose18@example.com,closed,account,medium,Account Security,Ishita Rao,9,5,0,2026-09-23T16:40:23.699600+00:00,2026-09-23T19:39:50.860473+00:00,2026-09-24T07:21:51.786222+00:00
Invoice shows wrong amount,"The invoice for Pro shows $199 but I expected a lower amount. I already tried restarting everything. Not urgent, low priority for me. Please help.",karan.kapoor82@example.com,closed,billing,low,Billing Support,Aarav Sharma,11,6,1,2026-09-23T16:52:11.676563+00:00,2026-09-23T19:54:28.993919+00:00,2026-09-23T20:59:03.333319+00:00
Looking for a data processing agreement,Can you send us your standard data processing agreement? It is annoying but we can work around it. Thanks in advance.,karan.patel72@example.com,closed,general,medium,General Support,Tara Joshi,11,5,0,2026-09-23T17:24:13.115023+00:00,2026-09-24T02:46:41.644310+00:00,2026-09-24T06:47:19.845564+00:00
Tracking link shows no updates,"Good morning, The tracking link for order #446810 has not shown any update for days. Using version 3.9.2 on Windows 11. This has happened more than once now. Just whenever you get time.",sneha.bose90@example.com,closed,shipping,low,Logistics,Diya Nair,5,4,0,2026-09-23T18:59:56.661453+00:00,2026-09-24T01:01:18.324386+00:00,2026-09-24T02:11:25.620648+00:00
Unexpected charge on my account,"Hello, There is a charge of $19 on my statement that I do not recognise. This has happened more than once now. This is affecting several of our users.",aditya.patel58@example.com,closed,billing,high,Billing Support,Meera Iyer,5,4,0,2026-09-24T01:01:55.587961+00:00,2026-09-24T08:20:29.401941+00:00,2026-09-24T13:52:26.531472+00:00
Invoice shows wrong amount,"The invoice for Pro shows $9 but I expected a lower amount. This started yesterday. Happy to share screenshots if needed. It is annoying but we can work around it. Thanks, Amit",amit.bose80@example.com,closed,billing,medium,Billing Support,Aarav Sharma,7,5,0,2026-09-24T01:02:03.028780+00:00,2026-09-24T03:45:37.873446+00:00,2026-09-24T05:47:26.772022+00:00
Account locked after failed attempts,"Hello, My account got locked after a few failed logins and I cannot get back in. Happy to share screenshots if needed. This started yesterday. This is affecting several of our users. Please help.",rahul.reddy41@example.com,closed,account,high,Account Security,Ishita Rao,0,1,0,2026-09-24T01:35:45.994549+00:00,2026-09-24T02:39:18.825467+00:00,2026-09-24T04:49:56.216631+00:00
Package marked delivered but missing,Tracking says order #529671 was delivered but nothing is at my door. Happy to share screenshots if needed. Would appreciate help this week. Thanks in advance.,amit.singh73@example.com,resolved,shipping,medium,Logistics,Diya Nair,5,1,0,2026-09-24T07:40:52.140269+00:00,2026-09-24T12:37:33.586013+00:00,2026-09-24T17:14:32.976405+00:00
Two-factor codes not working,"Good morning, My authenticator codes are rejected every time I try to sign in. This started yesterday. We are losing customers every minute, need help ASAP! Please help.",rahul.bose82@example.com,closed,account,urgent,Account Security,Ishita Rao,8,4,0,2026-09-24T09:42:11.594431+00:00,2026-09-24T10:09:29.708620+00:00,2026-09-24T11:47:27.399839+00:00
Getting error 500 on upload,"Hi team, Uploading any file fails with an error 500 message. Using version 3.1.0 on macOS. I already tried restarting everything. No rush at all. Please help.",sneha.singh46@example.com,resolved,technical,low,Tech Support,Kabir Singh,14,6,1,2026-09-24T09:46:56.548587+00:00,2026-09-24T10:59:42.332517+00:00,2026-09-24T14:50:27.120384+00:00
Password reset email never arrives,"Hi team, I requested a password reset three times but no email has arrived. This has happened more than once now. Happy to share screenshots if needed. It is annoying but we can work around it. Thanks, Vikram",vikram.mishra96@example.com,closed,account,medium,Account Security,Ishita Rao,9,4,0,2026-09-24T09:57:24.802017+00:00,2026-09-24T13:37:27.697534+00:00,2026-09-24T18:09:56.991811+00:00
Card declined but money deducted,"Good morning, My card was declined at checkout but $9 still left my bank account. Using version 4.4.2 on iPhone. Happy to share screenshots if needed. Would appreciate help this week. Thanks in advance.",sneha.jain22@example.com,closed,billing,medium,Billing Support,Aarav Sharma,4,3,0,2026-09-24T10:21:36.478453+00:00,2026-09-24T23:14:42.032069+00:00,2026-09-25T03:57:57.536230+00:00
Charged twice for my subscription,"Hi team, I was charged $99 twice for my Starter plan this month. I already tried restarting everything. Would appreciate help this week. Thanks, Karan",karan.kapoor14@example.com,closed,billing,medium,Billing Support,Meera Iyer,11,5,0,2026-09-24T10:29:15.551284+00:00,2026-09-24T12:29:53.833284+00:00,2026-09-25T02:07:54.079525+00:00
Unknown login from another country,"Good morning, I got an alert about a login from a country I have never visited. Using version 3.0.0 on Windows 11. Happy to share screenshots if needed. This is affecting several of our users. Thanks, Neha",neha.mishra94@example.com,resolved,shipping,high,Logistics,Arjun Mehta,7,6,0,2026-09-24T11:46:13.066886+00:00,2026-09-24T20:03:23.597521+00:00,2026-09-24T21:37:04.969663+00:00
Files not syncing across devices,"Good morning, My files are not syncing between my laptop and my phone anymore. Happy to share screenshots if neeedd. Quite urgent for us, deadline is tomorrow.",neha.reddy4@example.com,resolved,technical,high,Tech Support,Kabir Singh,6,5,0,2026-09-24T11:57:29.118245+00:00,2026-09-24T15:46:08.740119+00:00,2026-09-24T23:38:02.632057+00:00
delete my account and data,"good morning, please delete my account and all my personal data permanently. happy to share screenshots if neeedd. no rush at all. thanks in advance.",riya.singh83@example.com,resolved,account,low,Account Security,Rohan Verma,5,1,0,2026-09-24T12:26:44.348912+00:00,2026-09-24T21:10:43.009318+00:00,2026-09-25T06:43:19.642266+00:00
Tracking link shows no updates,"Good morning, The tracking link for order #840529 has not shown any update for days. Using version 4.2.2 on macOS. It is annoying but we can work around it.",vikram.kapoor51@example.com,closed,general,medium,General Support,Tara Joshi,9,3,0,2026-09-24T14:21:46.392088+00:00,2026-09-24T18:59:17.680385+00:00,2026-09-24T20:42:06.480255+00:00
Order still not delivered,"Good morning, My order #547234 was supposed to arrive last week and still has not been delivered. This has happened more than once now. Would appreciate help this week. Please help.",priya.singh50@example.com,closed,shipping,medium,Logistics,Diya Nair,13,4,0,2026-09-24T14:22:53.726101+00:00,2026-09-24T19:13:57.109002+00:00,2026-09-24T20:01:36.197775+00:00
need assistance,"Hi, My card was declined at checkout but $49 still left my bank account. It is annoying but we can work around it. Please help.",rahul.reddy42@example.com,closed,billing,medium,Billing Support,Aarav Sharma,8,4,0,2026-09-24T14:23:31.531943+00:00,2026-09-25T15:44:09.135993+00:00,2026-09-25T19:37:20.751970+00:00
Password reset email never arrives,"Hi team, I requested a password reset three times but no email has arrived. I already tried restarting everything. Using version 3.6.0 on Windows 11. Need this fixed today please. Regards, Karan",karan.jain79@example.com,resolved,account,high,Account Security,Ishita Rao,3,1,0,2026-09-24T15:27:02.483285+00:00,2026-09-24T17:01:10.501648+00:00,2026-09-24T18:50:37.034663+00:00
password reset email never arrives,"hi team, i requested a password reset three times but no email has arrived. this has happened more than once now. need this fixed today please. please help.",sneha.kapoor11@example.com,closed,account,high,Account Security,Rohan Verma,5,1,0,2026-09-24T15:31:26.975459+00:00,2026-09-24T16:12:57.881534+00:00,2026-09-24T19:09:29.066790+00:00
API key returns 401 unauthorized,"Hi team, Our API key returns 401 unauthorized on every request since this morning. I already tried restarting everything. Quite urgent for us, deadline is tomorrow. Thanks, Rahul",rahul.mishra75@example.com,resolved,integrations,high,Integrations,Sana Khan,12,4,1,2026-09-24T15:38:16.820150+00:00,2026-09-24T18:04:57.621548+00:00,2026-09-24T23:05:25.776298+00:00
Salesforce sync duplicates contacts,"Good morning, The Salesforce sync keeps creating duplicate contacts in our CRM. No rush at all. Please help.",neha.singh90@example.com,closed,integrations,low,Integrations,Sana Khan,8,3,0,2026-09-24T16:11:50.198969+00:00,2026-09-25T01:45:36.539583+00:00,2026-09-25T02:23:29.063613+00:00
Dashboard stuck on loading spinner,"Hi, The dashboard never finishes loading, it just shows the spinner forever. This has happened more than once now. I already tried restarting everything. Would appreciate help this week. Thanks, Neha",neha.singh21@example.com,resolved,technical,medium,Tech Support,Ananya Das,14,2,0,2026-09-24T16:33:37.075631+00:00,2026-09-24T19:06:12.015213+00:00,2026-09-24T21:05:16.114842+00:00
Unexpected charge on my account,"Hello, There is a charge of $19 on my statement that I do not recognise. I already tried restarting everything. Using version 4.4.2 on Windows 11. Would appreciate help this week. Thanks in advance.",pooja.reddy51@example.com,resolved,billing,medium,Billing Support,Aarav Sharma,10,8,0,2026-09-24T16:58:32.661636+00:00,2026-09-24T18:00:08.159989+00:00,2026-09-25T14:23:47.751050+00:00
two-factor codes not working,"hello, my authenticator codes are rejected every time i try to sign in. i already tried restarting everything. would appreciate help this week. please help.",vikram.shah33@example.com,closed,account,medium,Account Security,Rohan Verma,13,6,0,2026-09-24T17:14:03.250450+00:00,2026-09-24T19:41:49.727103+00:00,2026-09-24T22:43:20.191685+00:00
account locked after failed attempts,"hello, my account got locked after a few failed logins and i cannot get back in. this has happened more than once now. would appreciate help this week. please help.",rahul.singh50@example.com,closed,account,medium,Account Security,Rohan Verma,3,8,0,2026-09-24T17:29:51.021717+00:00,2026-09-24T21:56:33.665587+00:00,2026-09-25T18:02:08.341871+00:00
Can't log in to my account,"Hi, I cannot log in even though I am sure my password is correct. I already tried restarting everything. This started yesterday. No rush at all. Regards, Rahul",rahul.reddy78@example.com,closed,account,low,Account Security,Rohan Verma,6,4,0,2026-09-24T19:14:57.262609+00:00,2026-09-25T04:14:10.223490+00:00,2026-09-25T07:36:49.488263+00:00
Feedback on the new interface,"Hi team, I wanted to share some feedback about the new interface layout. Happy to share screenshots if needed. Would appreciate help this week. Regards, Aditya",aditya.kumar5@example.com,resolved,general,medium,General Support,Tara Joshi,9,1,0,2026-09-24T19:33:02.366661+00:00,2026-09-25T00:07:27.105366+00:00,2026-09-25T05:38:08.859936+00:00
Charged twice for my subscription,"Good morning, I was charged $49 twice for my Business plan this month. Happy to share screenshots if needed. Using version 4.3.1 on Android. This is affecting several of our users. Regards, Aditya",aditya.reddy27@example.com,closed,billing,high,Billing Support,Aarav Sharma,8,4,0,2026-09-24T21:29:17.239690+00:00,2026-09-24T22:42:50.456345+00:00,2026-09-24T23:39:34.928415+00:00
question,"Hi team, The mobile app freezes on the splash screen right after launch. Not urgent, low priority for me. Thanks in advance.",neha.singh94@example.com,closed,technical,low,Tech Support,Vihaan Gupta,5,3,0,2026-09-24T23:11:20.781096+00:00,2026-09-25T05:38:41.936713+00:00,2026-09-25T07:54:50.961019+00:00
Zapier connection keeps disconnecting,"Good morning, The Zapier connection keeps disconnecting and needs re-authorising daily. This started yesterday. Not urgent, low priority for me.",rahul.singh94@example.com,closed,integrations,low,Integrations,Neil Fernandes,15,4,0,2026-09-25T10:03:31.519662+00:00,2026-09-25T17:30:59.065077+00:00,2026-09-25T21:28:24.825411+00:00
Mobile app freezes on startup,something is wrong with my account,sneha.jain19@example.com,closed,technical,high,Tech Support,Kabir Singh,11,4,0,2026-09-25T10:31:47.956235+00:00,2026-09-25T17:28:49.877127+00:00,2026-09-26T03:11:32.669580+00:00
Two-factor codes not working,"Hi, My authenticator codes are rejected every time I try to sign in. This started yesterday. This is blocking our entire team in production. Thanks, Sneha",sneha.patel88@example.com,closed,account,urgent,Account Security,Rohan Verma,9,6,0,2026-09-25T10:51:34.230986+00:00,2026-09-25T11:09:28.435969+00:00,2026-09-25T12:23:14.685963+00:00
App crashes when exporting report,"Hello, The app crashes every time I try to export a report to CSV. This has happened more than once now. Quite urgent for us, deadline is tomorrow. Thanks in advance.",amit.kumar59@example.com,closed,technical,high,Tech Support,Vihaan Gupta,11,3,0,2026-09-25T11:10:20.257990+00:00,2026-09-25T14:52:19.175342+00:00,2026-09-25T15:59:38.615677+00:00
Need GST invoice for last month,"I need a GST invoice for my Business subscription for our accounting. I already tried restarting everything. Just whenever you get time. Regards, Priya",priya.singh60@example.com,resolved,billing,low,Billing Support,Aarav Sharma,12,2,0,2026-09-25T11:15:05.237013+00:00,2026-09-26T00:11:26.932041+00:00,2026-09-26T06:02:41.434600+00:00
Invoice shows wrong amount,"The invoice for Pro shows $19 but I expected a lower amount. This started yesterday. Quite urgent for us, deadline is tomorrow. Regards, Amit",amit.singh79@example.com,closed,billing,high,Billing Support,Meera Iyer,18,2,0,2026-09-25T11:20:14.518344+00:00,2026-09-25T17:58:07.871013+00:00,2026-09-26T01:11:36.279692+00:00
need to change delivery address,"good morning, i entered the wrong address for order #121270 and need to change it. i already tried restarting everything. happy to share screenshots if needed. would appreciate help this week. please help.",rahul.reddy51@example.com,closed,shipping,medium,Logistics,Arjun Mehta,10,2,0,2026-09-25T11:32:44.755466+00:00,2026-09-25T14:32:25.389712+00:00,2026-09-25T22:36:30.141679+00:00
delete my account and data,please delete my account and all my personal data permanently. this has happened more than once now. i already tried restarting everything. need this fixed today please. thanks in advance.,aditya.shah35@example.com,closed,account,high,Account Security,Rohan Verma,3,3,1,2026-09-25T11:39:56.113441+00:00,2026-09-25T14:14:24.432525+00:00,2026-09-25T15:32:22.996041+00:00
Unexpected charge on my account,it is not working please check,vikram.yadav48@example.com,resolved,billing,medium,Billing Support,Meera Iyer,9,1,0,2026-09-25T12:00:02.551310+00:00,2026-09-25T13:51:58.980450+00:00,2026-09-25T15:56:02.060880+00:00
Zapier connection keeps disconnecting,"Good morning, The Zapier connection keeps disconnecting and needs re-authorising daily. I already tried restarting everything. This has happened more than once now. It is annoying but we can work around it. Thanks, Priya",priya.mishra54@example.com,closed,integrations,medium,Integrations,Sana Khan,9,5,0,2026-09-25T12:26:33.380316+00:00,2026-09-25T16:08:08.411699+00:00,2026-09-25T19:40:35.749933+00:00
Slow performance since last update,"Hi team, Everything has become very slow since the last update, pages take ages to open. Using version 4.9.0 on Windows 11. I already tried restarting everything. Quite urgent for us, deadline is tomorrow. Thanks in advance.",karan.kumar28@example.com,closed,technical,high,Tech Support,Ananya Das,11,0,0,2026-09-25T12:53:09.032948+00:00,2026-09-25T17:51:24.087547+00:00,2026-09-25T21:38:31.135985+00:00
Webhook deliveries failing,"Hi, Webhook deliveries to our endpoint keep failing and events are missing. This is blocking our entire team in production. Please help.",priya.shah91@example.com,closed,integrations,urgent,Integrations,Neil Fernandes,8,3,0,2026-09-25T12:53:43.607086+00:00,2026-09-25T13:58:27.962104+00:00,2026-09-25T18:25:10.492604+00:00
Need GST invoice for last month,"I need a GST invoice for my Business subscription for our accounting. I already tried restarting everything. This started yesterday. Quite urgent for us, deadline is tomorrow. Regards, Rahul",rahul.bose70@example.com,resolved,billing,high,Billing Support,Meera Iyer,14,2,0,2026-09-25T12:53:53.485007+00:00,2026-09-25T20:23:34.405770+00:00,2026-09-25T23:50:45.206109+00:00
Files not syncing across devices,"My files are not syncing between my laptop and my phone anymore. Would appreciate help this week. Regards, Rahul",rahul.singh69@example.com,closed,technical,medium,Tech Support,Vihaan Gupta,10,4,0,2026-09-25T13:16:12.930665+00:00,2026-09-25T20:06:08.697122+00:00,2026-09-25T21:46:49.183964+00:00
Card declined but money deducted,"Hi team, My card was declined at checkout but $199 still left my bank account. Happy to share screenshots if needed. This started yesterday. We are losing customers every minute, need help ASAP! Thanks, Riya",riya.reddy47@example.com,closed,billing,urgent,Billing Support,Aarav Sharma,7,2,0,2026-09-25T13:42:37.151480+00:00,2026-09-25T15:07:08.260617+00:00,2026-09-25T16:48:54.180523+00:00
Zapier connection keeps disconnecting,The Zapier connection keeps disconnecting and needs re-authorising daily. I already tried restarting everything. Would appreciate help this week. Please help.,sneha.kapoor11@example.com,resolved,integrations,medium,Integrations,Neil Fernandes,12,2,0,2026-09-25T13:47:14.939326+00:00,2026-09-25T14:25:05.997876+00:00,2026-09-25T22:39:43.999286+00:00
Refund for cancelled plan,"Hello, I cancelled my Team subscription last week and have not received the refund. Using version 4.9.2 on macOS. I already tried restarting everything. Quite urgent for us, deadline is tomorrow. Thanks in advance.",riya.patel93@example.com,closed,billing,high,Billing Support,Meera Iyer,6,4,0,2026-09-25T15:15:40.817763+00:00,2026-09-25T16:31:15.747339+00:00,2026-09-25T16:59:05.417083+00:00
Invoice shows wrong amount,"Good morning, The invoice for Team shows $199 but I expected a lower amount. Would appreciate help this week.",rahul.mishra45@example.com,closed,billing,medium,Billing Support,Meera Iyer,11,1,0,2026-09-25T16:18:07.767237+00:00,2026-09-25T19:16:14.996535+00:00,2026-09-25T23:24:41.013232+00:00
Files not syncing across devices,"Hello, My files are not syncing between my laptop and my phone anymore. This started yesterday. Need this fixed today please. Please help.",amit.singh69@example.com,closed,technical,high,Tech Support,Vihaan Gupta,12,3,0,2026-09-25T17:43:29.385190+00:00,2026-09-26T03:50:57.549991+00:00,2026-09-26T06:02:22.371972+00:00
Unexpected charge on my account,"Hi, There is a charge of $99 on my statement that I do not recognise. Not urgent, low priority for me. Regards, Pooja",pooja.kapoor9@example.com,closed,billing,low,Billing Support,Meera Iyer,9,0,0,2026-09-25T17:48:03.549603+00:00,2026-09-25T22:16:01.031517+00:00,2026-09-27T01:01:27.071736+00:00
Unexpected charge on my account,"Good morning, There is a charge of $29 on my statement that I do not recognise. Using version 3.4.1 on macOS. Would appreciate help this week. Thanks in advance.",amit.bose17@example.com,closed,billing,medium,Billing Support,Aarav Sharma,7,1,0,2026-09-25T17:51:27.105946+00:00,2026-09-26T00:53:40.716311+00:00,2026-09-26T06:43:41.622116+00:00
Unexpected charge on my account,"There is a charge of $9 on my statement that I do not recognise. I already tried restarting everything. Would appreciate help this week. Regards, Karan",karan.singh52@example.com,closed,billing,medium,Billing Support,Meera Iyer,2,4,0,2026-09-25T18:22:07.234304+00:00,2026-09-25T22:48:17.651516+00:00,2026-09-26T02:11:51.501610+00:00
Unknown login from another country,"Good morning, I got an alert about a login from a country I have never visited. Using version 4.3.0 on Ubuntu. This is affecting several of our users. Regards, Priya",priya.mishra61@example.com,closed,account,high,Account Security,Ishita Rao,6,0,0,2026-09-25T18:56:15.486719+00:00,2026-09-26T00:23:33.262841+00:00,2026-09-26T11:28:00.300262+00:00
tracking link shows no updates,"hi, the tracking link for order #631218 has not shown any update for days. i already tried restarting everything. using version 4.6.3 on iphone. it is annoying but we can work around it.",riya.jain79@example.com,closed,shipping,medium,Logistics,Diya Nair,4,0,0,2026-09-25T22:12:27.610689+00:00,2026-09-26T01:24:32.298921+00:00,2026-09-26T02:37:39.539414+00:00
Can't log in to my account,I cannot log in even though I am sure my password is correct. This started yesterday. This is affecting several of our users.,riya.kapoor9@example.com,closed,account,high,Account Security,Rohan Verma,9,4,0,2026-09-26T09:29:35.372577+00:00,2026-09-26T11:58:24.596074+00:00,2026-09-26T18:03:20.649218+00:00
Rate limit errors on API,"Hi team, We are hitting 429 rate limit errors on the API even with low traffic. It is annoying but we can work around it. Thanks, Sneha",sneha.patel23@example.com,closed,integrations,medium,Integrations,Sana Khan,10,5,0,2026-09-26T10:19:29.818931+00:00,2026-09-26T15:09:15.638347+00:00,2026-09-26T19:56:25.348775+00:00
Mobile app freezes on startup,"Good morning, The mobile app freezes on the splash screen right after launch. Using version 3.1.3 on Ubuntu. This has happened more than once now. Critical: our live system is affected. Thanks, Rahul",rahul.shah2@example.com,resolved,technical,urgent,Tech Support,Ananya Das,14,6,0,2026-09-26T10:59:20.541135+00:00,2026-09-26T11:29:58.425076+00:00,2026-09-26T16:26:21.666394+00:00
App crashes when exporting report,"Hello, The app crashes every time I try to export a report to CSV. I already tried restarting everything. This started yesterday. Need this fixed today please. Thanks, Aditya",aditya.patel22@example.com,resolved,technical,high,Tech Support,Kabir Singh,10,5,1,2026-09-26T11:11:11.758917+00:00,2026-09-26T13:51:52.200094+00:00,2026-09-26T18:45:00.878049+00:00
Delete my account and data,"Hi team, Plaese delete my account and all my personal data permanently. It is annoying but we can work around it. Thanks in advance.",rahul.singh89@example.com,closed,account,medium,Account Security,Rohan Verma,8,4,0,2026-09-26T11:35:18.181645+00:00,2026-09-26T14:46:47.350187+00:00,2026-09-26T16:19:12.952278+00:00
Charged twice for my subscription,I was charged $29 twice for my Business plan this month. This started yesterday. Using version 3.8.3 on Ubuntu. Would appreciate help this week. Thanks in advance.,riya.singh58@example.com,resolved,billing,medium,Billing Support,Meera Iyer,8,2,0,2026-09-26T11:39:28.281466+00:00,2026-09-26T19:12:39.099466+00:00,2026-09-26T22:34:01.517500+00:00
Question about enterprise pricing,"Hi, Could you share pricing details for the enterprise plan for about 200 seats? This has happened more than once now. Using version 3.2.1 on Ubuntu. Quite urgent for us, deadline is tomorrow. Please help.",rahul.patel89@example.com,resolved,general,high,General Support,Tara Joshi,7,5,0,2026-09-26T12:15:30.957288+00:00,2026-09-26T13:41:07.612015+00:00,2026-09-26T18:59:31.710881+00:00
dashboard stuck on loading spinner,"hello, the dashboard never finishes loading, it just shows the spinner forever. just whenever you get time. thanks, neha",neha.reddy74@example.com,closed,technical,low,Tech Support,Vihaan Gupta,15,3,0,2026-09-26T12:35:49.202015+00:00,2026-09-27T07:53:34.725165+00:00,2026-09-27T09:24:12.602746+00:00
Two-factor codes not working,My authenticator codes are rejected every time I try to sign in. It is annoying but we can work around it. Thanks in advance.,neha.patel96@example.com,resolved,account,medium,Account Security,Rohan Verma,13,5,0,2026-09-26T13:12:40.672883+00:00,2026-09-26T20:02:06.177085+00:00,2026-09-27T00:58:51.511249+00:00
Can't log in to my account,I cannot log in even though I am sure my password is correct. This started yesterday. Would appreciate help this week. Please help.,priya.shah8@example.com,closed,account,medium,Account Security,Ishita Rao,6,6,1,2026-09-26T13:41:58.144310+00:00,2026-09-26T16:49:19.176612+00:00,2026-09-26T20:57:45.053220+00:00
Can't log in to my account,I cannot log in even though I am sure my password is correct. Would appreciate help this week.,aditya.patel37@example.com,closed,account,medium,Account Security,Rohan Verma,7,4,0,2026-09-26T13:52:04.841746+00:00,2026-09-26T16:46:55.666153+00:00,2026-09-26T21:04:07.379843+00:00
Charged twice for my subscription,"Hello, I was charged $19 twice for my Business plan this month. This started yesterday. No rush at all.",pooja.mishra80@example.com,closed,billing,low,Billing Support,Aarav Sharma,10,2,1,2026-09-26T14:49:49.705693+00:00,2026-09-28T12:46:29.750627+00:00,2026-09-28T14:11:30.692827+00:00
Slow performance since last update,"Hello, Everything has become very slow since the last update, pages take ages to open. Not urgent, low priority for me.",aditya.shah5@example.com,resolved,technical,low,Tech Support,Kabir Singh,12,7,0,2026-09-26T15:35:33.830620+00:00,2026-09-27T02:11:51.698896+00:00,2026-09-27T06:55:05.836998+00:00
Dashboard stuck on loading spinner,"The dashboard never finishes loading, it just shows the spinner forever. I already tried restarting everything. This has happened more than once now. It is annoying but we can work around it. Regards, Priya",priya.jain47@example.com,closed,technical,medium,Tech Support,Kabir Singh,7,8,0,2026-09-26T15:47:18.589259+00:00,2026-09-26T21:34:56.473772+00:00,2026-09-27T21:35:11.101613+00:00
Tracking link shows no updates,"Good morning, The tracking link for order #261520 has not shown any update for days. Happy to share screenshots if needed. It is annoying but we can work around it.",pooja.kumar94@example.com,resolved,shipping,medium,Logistics,Arjun Mehta,6,6,0,2026-09-26T16:25:50.510073+00:00,2026-09-26T19:56:56.681925+00:00,2026-09-27T18:28:35.074904+00:00
Unknown login from another country,I got an alert about a login from a country I have never visited. This has happened more than once now. This started yesterday. It is annoying but we can work around it.,riya.reddy45@example.com,closed,account,medium,Account Security,Rohan Verma,9,3,0,2026-09-26T16:41:24.017641+00:00,2026-09-26T18:16:18.242938+00:00,2026-09-26T22:14:28.450799+00:00
Unexpected charge on my account,There is a charge of $29 on my statement that I do not recognise. I already tried restarting everything. This started yesterday. This is affecting several of our users. Thanks in advance.,priya.kapoor45@example.com,closed,billing,high,Billing Support,Aarav Sharma,9,0,0,2026-09-26T17:28:57.112678+00:00,2026-09-26T20:19:26.512177+00:00,2026-09-27T15:40:50.512177+00:00
Webhook deliveries failing,"Hello, Webhook deliveries to our endpoint keep failing and events are missing. Would appreciate help this week.",aditya.kumar58@example.com,closed,integrations,medium,Integrations,Sana Khan,12,4,0,2026-09-26T17:56:00.067066+00:00,2026-09-26T22:35:24.125643+00:00,2026-09-27T03:47:23.511780+00:00
question,I need help with this as soon as possible,rahul.bose60@example.com,closed,technical,high,Tech Support,Vihaan Gupta,5,1,0,2026-09-26T21:49:12.296192+00:00,2026-09-27T00:01:10.839666+00:00,2026-09-27T00:42:51.786510+00:00
Wrong item received,"Hi team, I received the wrong item in order #534656, this is not what I ordered. Happy to share screenshots if needed. Would appreciate help this week.",neha.mishra59@example.com,closed,shipping,medium,Logistics,Diya Nair,9,2,0,2026-09-27T02:03:11.790064+00:00,2026-09-27T06:38:46.147559+00:00,2026-09-27T08:47:11.033522+00:00
files not syncing across devices,"hi, my files are not syncing between my laptop and my phone anymore. using version 3.1.0 on windows 11. would appreciate help this week. thanks in advance.",neha.kumar60@example.com,closed,technical,medium,Tech Support,Vihaan Gupta,4,4,0,2026-09-27T02:05:48.105047+00:00,2026-09-27T03:40:26.682356+00:00,2026-09-27T04:19:19.617492+00:00
Card declined but money deducted,"My card was declined at checkout but $19 still left my bank account. Happy to share screenshots if needed. I already tried restarting everything. Would appreciate help this week. Thanks, Aditya",aditya.jain48@example.com,closed,billing,medium,Billing Support,Aarav Sharma,7,2,0,2026-09-27T09:13:50.103609+00:00,2026-09-27T16:27:33.465832+00:00,2026-09-27T18:55:26.930279+00:00
Dashboard stuck on loading spinner,"Good morning, The dashboard never finishes loading, it just shows the spinner forever. No rush at all. Thanks in advance.",rahul.mishra30@example.com,closed,technical,low,Tech Support,Ananya Das,9,2,0,2026-09-27T09:31:02.257365+00:00,2026-09-27T17:52:52.178108+00:00,2026-09-27T21:50:20.580680+00:00
Password reset email never arrives,"Hi team, I requested a password reset three times but no email has arrived. This started yesterday. Need this fixed today please.",amit.bose8@example.com,closed,account,high,Account Security,Rohan Verma,12,5,0,2026-09-27T09:48:55.354351+00:00,2026-09-27T14:10:13.306019+00:00,2026-09-27T18:20:15.807750+00:00
urgent!!,Please delete my account and all my personal data permanently. Using version 4.1.3 on Android. Would appreciate help this week.,vikram.kapoor71@example.com,resolved,account,medium,Account Security,Ishita Rao,7,4,0,2026-09-27T09:56:55.230159+00:00,2026-09-27T16:38:43.052503+00:00,2026-09-27T18:53:47.313696+00:00
Card declined but money deducted,"Good morning, My card was declined at checkout but $99 stlil left my bank account. Happy to share screenshots if needed. This started yesterday. Not urgent, low priority for me. Thanks in advance.",aditya.singh52@example.com,closed,billing,low,Billing Support,Meera Iyer,15,4,0,2026-09-27T10:06:57.356364+00:00,2026-09-28T03:33:12.964040+00:00,2026-09-28T05:23:31.732148+00:00
Two-factor codes not working,"Hi, My authenticator codes are rejected every time I try to sign in. It is annoying but we can work around it. Regards, Rahul",rahul.jain20@example.com,closed,account,medium,Account Security,Rohan Verma,11,4,0,2026-09-27T11:08:30.652592+00:00,2026-09-27T13:12:46.434937+00:00,2026-09-27T16:16:19.992051+00:00
Can't log in to my account,"Hi team, I cannot log in even though I am sure my password is correct. Happy to share screenshots if needed. I already tried restarting everything. Need this fixed today please. Thanks, Amit",amit.reddy40@example.com,closed,account,high,Account Security,Ishita Rao,15,4,0,2026-09-27T11:12:05.555251+00:00,2026-09-27T18:15:12.806084+00:00,2026-09-27T21:55:37.170708+00:00
Unexpected charge on my account,"Good morning, There is a charge of $99 on my statement that I do not recognise. Need this fixed today please. Thanks, Amit",amit.mishra73@example.com,resolved,billing,high,Billing Support,Meera Iyer,11,1,0,2026-09-27T11:27:21.727849+00:00,2026-09-27T12:52:08.433873+00:00,2026-09-27T18:19:51.553318+00:00
help,"Hi team, Please delete my account and all my personal data permanently. It is annoying but we can work around it.",sneha.shah84@example.com,closed,account,medium,Account Security,Rohan Verma,10,3,0,2026-09-27T11:49:47.421776+00:00,2026-09-27T13:44:52.690635+00:00,2026-09-27T16:56:00.627532+00:00
Feedback on the new interface,I wanted to share some feedback abuot the new interface layout. It is annoying but we can work around it.,vikram.singh55@example.com,resolved,general,medium,General Support,Tara Joshi,6,3,0,2026-09-27T12:17:48.897204+00:00,2026-09-27T17:10:06.211062+00:00,2026-09-28T01:04:13.094210+00:00
Getting error 500 on upload,"Hi team, Uploading any file fails with an error 500 message. This has happened more than once now. This is blocking our entire team in production. Regards, Karan",karan.reddy89@example.com,closed,technical,urgent,Tech Support,Kabir Singh,11,4,0,2026-09-27T12:47:14.591150+00:00,2026-09-27T13:32:17.914149+00:00,2026-09-27T16:48:11.037892+00:00
Two-factor codes not working,My authenticator codes are rejected evrey time I try to sign in. This has happened more than once now. I already tried restarting everything. Wuold appreciate help this week. Thanks in advance.,vikram.kumar77@example.com,closed,account,medium,Account Security,Ishita Rao,14,2,0,2026-09-27T12:56:02.052704+00:00,2026-09-27T22:28:17.782549+00:00,2026-09-27T23:14:34.207169+00:00
Feature request: dark mode,"Hi, It would be great to have a dark mode option in the app. Happy to share screenshots if needed. This started yesterday. It is annoying but we can work around it.",priya.kumar94@example.com,closed,general,medium,General Support,Tara Joshi,10,3,0,2026-09-27T12:58:26.816946+00:00,2026-09-27T17:28:52.593029+00:00,2026-09-27T22:51:48.118709+00:00
getting error 500 on upload,"hi, uploading any file fails with an error 500 message. this is blocking our entire team in production. thanks in advance.",sneha.patel82@example.com,closed,technical,urgent,Tech Support,Kabir Singh,7,4,0,2026-09-27T13:06:07.126012+00:00,2026-09-27T14:16:44.618998+00:00,2026-09-27T21:26:53.675362+00:00
Need to change delivery address,"Hello, I entered the wrong address for order #114047 and need to change it. This has happened more than once now. Would appreciate help this week. Thanks, Sneha",sneha.reddy7@example.com,resolved,shipping,medium,Logistics,Diya Nair,8,2,0,2026-09-27T13:47:54.057192+00:00,2026-09-27T23:21:34.770691+00:00,2026-09-28T03:05:51.171190+00:00
Invoice shows wrong amount,"Hi, The invoice for Starter shows $29 but I expected a lower amount. I already tried restarting everything. Would appreciate help this week.",riya.shah1@example.com,closed,billing,medium,Billing Support,Meera Iyer,14,2,0,2026-09-27T15:28:24.842367+00:00,2026-09-28T01:54:13.162991+00:00,2026-09-28T05:23:19.128412+00:00
Dashboard stuck on loading spinner,"Good morning, The dashboard never finishes loading, it just shows the spinner forever. This is blocking our entire team in production.",aditya.reddy29@example.com,closed,technical,urgent,Tech Support,Ananya Das,13,0,0,2026-09-27T16:21:15.582053+00:00,2026-09-27T17:23:49.801016+00:00,2026-09-27T18:40:12.910084+00:00
Files not syncing across devices,"Hi team, My files are not syncing between my laptop and my phone anymore. Using version 4.9.0 on macOS. It is annoying but we can work around it.",karan.kumar47@example.com,closed,technical,medium,Tech Support,Vihaan Gupta,6,4,0,2026-09-27T16:33:51.439426+00:00,2026-09-27T21:40:53.720615+00:00,2026-09-28T02:36:31.125898+00:00
Card declined but money deducted,"Hello, My card was declined at checkout but $99 still left my bank account. Using version 3.6.1 on Ubuntu. It is annoying but we can work around it. Thanks, Rahul",rahul.kumar70@example.com,closed,billing,medium,Billing Support,Meera Iyer,16,8,0,2026-09-27T17:58:07.618002+00:00,2026-09-27T22:24:40.048719+00:00,2026-09-27T22:47:47.420670+00:00
Refund for cancelled plan,"Hello, I cancelled my Team subscription last week and have not received the refund. It is annoying but we can work around it. Regards, Neha",neha.jain18@example.com,resolved,billing,medium,Billing Support,Meera Iyer,9,4,0,2026-09-27T23:48:21.623208+00:00,2026-09-28T03:28:35.566784+00:00,2026-09-28T05:05:41.634846+00:00
Feedback on the new interface,"I wanted to share some feedback about the new interface layout. This has happened more than once now. I already tried restarting everything. Just whenever you get time. Regards, Rahul",rahul.reddy87@example.com,closed,general,low,General Support,Tara Joshi,2,4,0,2026-09-28T03:27:20.897263+00:00,2026-09-28T13:46:45.867386+00:00,2026-09-28T16:15:32.725181+00:00
Need to change delivery address,"Hello, I entered the wrong address for order #655209 and need to change it. Would appreciate help this week. Regards, Pooja",pooja.mishra51@example.com,closed,shipping,medium,Logistics,Diya Nair,13,0,0,2026-09-28T10:08:55.193671+00:00,2026-09-28T18:26:27.877517+00:00,2026-09-28T21:31:30.598328+00:00
App crashes when exporting report,"Hi team, The app crashes every time I try to export a report to CSV. I already tried restarting everything. This is affecting several of our users.",riya.singh15@example.com,resolved,technical,high,Tech Support,Kabir Singh,8,4,0,2026-09-28T10:31:44.965156+00:00,2026-09-28T14:05:06.957984+00:00,2026-09-28T17:49:02.136133+00:00
Need to change delivery address,"Hi, I entered the wrong address for order #507287 and need to change it. This started yesterday. It is annoying but we can work around it. Thanks, Neha",neha.yadav4@example.com,resolved,shipping,medium,Logistics,Arjun Mehta,11,3,0,2026-09-28T10:47:04.953500+00:00,2026-09-28T23:51:52.638430+00:00,2026-09-29T01:19:58.312111+00:00
question,"Hi, The dashboard never finishes loading, it just shows the spinner forever. This has happened more than once now. Would appreciate help this week. Please help.",vikram.patel33@example.com,closed,technical,medium,Tech Support,Vihaan Gupta,11,2,0,2026-09-28T11:20:01.471681+00:00,2026-09-28T12:27:26.022889+00:00,2026-09-28T13:23:39.849851+00:00
Looking for a data processing agreement,"Good morning, Can you send us your standrad data processing agreement? This has happened more than once now. I already tried restarting everything. Would appreciate help this week. Thanks in advance.",pooja.yadav47@example.com,closed,general,medium,General Support,Tara Joshi,9,0,1,2026-09-28T11:24:37.564683+00:00,2026-09-28T14:34:28.766683+00:00,2026-09-28T15:30:33.354675+00:00
Do you offer student discounts,"Do you offer any discount for students or non-profit organisations? I already tried restarting everything. Need this fixed today please. Thanks, Karan",karan.reddy70@example.com,closed,general,high,General Support,Tara Joshi,13,5,0,2026-09-28T11:39:26.258414+00:00,2026-09-28T13:27:34.544634+00:00,2026-09-28T15:57:36.269090+00:00
API key returns 401 unauthorized,"Good morning, Our API key returns 401 unauthorized on every request since this morning. Using version 4.6.0 on iPhone. Just whenever you get time. Please help.",amit.patel98@example.com,resolved,integrations,low,Integrations,Sana Khan,10,2,0,2026-09-28T12:42:04.366750+00:00,2026-09-29T21:31:21.624943+00:00,2026-09-30T04:59:18.512158+00:00
Question about enterprise pricing,"Good morning, Could you share pricing details for the enterprise plan for about 200 seats? I already tried restarting everything. This started yesterday. Quite urgent for us, deadline is tomorrow. Regards, Neha",neha.bose23@example.com,resolved,general,high,General Support,Tara Joshi,4,2,0,2026-09-28T13:10:01.526967+00:00,2026-09-28T14:32:11.993233+00:00,2026-09-28T17:16:49.086215+00:00
Webhook deliveries failing,Webhook deliveries to our endpoint keep failing and events are missing. This is affecting several of our users. Thanks in advance.,priya.bose53@example.com,closed,integrations,high,Integrations,Sana Khan,11,5,0,2026-09-28T13:21:09.322772+00:00,2026-09-28T14:31:35.188998+00:00,2026-09-29T08:59:02.806231+00:00
Salesforce sync duplicates contacts,"Hello, The Salesforce sync keeps creating duplicate contacts in our CRM. This started yesterday. Need this fixed today please. Regards, Aditya",aditya.patel78@example.com,closed,integrations,high,Integrations,Sana Khan,11,7,0,2026-09-28T13:34:28.963028+00:00,2026-09-28T19:19:08.262435+00:00,2026-09-28T21:47:28.541749+00:00
Need GST invoice for last month,"Hi, I need a GST invoice for my Pro subscription for our accounting. Using version 3.6.0 on Android. Happy to share screenshots if needed. Critical: our live system is affected. Thanks in advance.",riya.bose4@example.com,closed,billing,urgent,Billing Support,Aarav Sharma,5,6,0,2026-09-28T13:39:59.502212+00:00,2026-09-28T13:56:07.671252+00:00,2026-09-28T16:43:22.962547+00:00
App crashes when exporting report,"Hello, The app crashes every time I try to export a report to CSV. Using version 4.8.1 on macOS. It is annoying but we can work around it. Thanks, Amit",amit.kapoor2@example.com,resolved,technical,medium,Tech Support,Kabir Singh,11,7,0,2026-09-28T13:57:02.635740+00:00,2026-09-28T16:50:48.825579+00:00,2026-09-28T18:41:56.770927+00:00
Mobile app freezes on startup,"The mobile app freezes on the splash screen right after launch. Happy to share screenshots if needed. I already tried restarting everything. Not urgent, low priority for me. Thanks in advance.",pooja.kumar92@example.com,closed,technical,low,Tech Support,Ananya Das,8,3,0,2026-09-28T14:01:02.248619+00:00,2026-09-28T20:01:48.778680+00:00,2026-09-29T01:13:51.730326+00:00
Getting error 500 on upload,"Hi, Uploading any file fails with an error 500 message. Happy to share screenshots if needed. It is annoying but we can work around it. Please help.",pooja.kapoor56@example.com,closed,technical,medium,Tech Support,Vihaan Gupta,10,3,1,2026-09-28T14:12:43.351219+00:00,2026-09-28T18:15:02.573892+00:00,2026-09-28T19:48:44.425465+00:00
Slow performance since last update,"Good morning, Everything has become very slow since the last update, pages take ages to open. This started yesterday. Happy to share screenshots if needed. It is annoying but we can work around it. Thanks, Aditya",aditya.kapoor52@example.com,closed,integrations,medium,Integrations,Sana Khan,8,2,0,2026-09-28T14:21:48.276896+00:00,2026-09-28T15:36:32.574979+00:00,2026-09-28T18:40:19.519178+00:00
Two-factor codes not working,My authenticator codes are rejected every time I try to sign in. Happy to share screenshots if needed. This started yesterday. Critical: our live system is affected. Thanks in advance.,karan.shah38@example.com,closed,account,urgent,Account Security,Ishita Rao,11,2,0,2026-09-28T14:24:03.334394+00:00,2026-09-28T16:35:46.210447+00:00,2026-09-28T18:56:16.759991+00:00
Files not syncing across devices,"Good morning, My files are not syncing between my laptop and my phone anymore. It is annoying but we can work around it.",vikram.kumar94@example.com,resolved,technical,medium,Tech Support,Vihaan Gupta,8,2,0,2026-09-28T14:27:32.171940+00:00,2026-09-28T16:19:34.682217+00:00,2026-09-28T22:15:06.779962+00:00
Card declined but money deducted,"Good morning, My card was declined at checkout but $49 still left my bank account. This started yesterday. It is annoying but we can work around it. Thanks, Priya",priya.jain36@example.com,closed,billing,medium,Billing Support,Aarav Sharma,7,7,0,2026-09-28T14:40:33.584473+00:00,2026-09-28T16:46:39.544150+00:00,2026-09-29T01:49:36.937198+00:00
Card declined but money deducted,"Hello, My card was declined at checkout but $99 still left my bank account. Happy to share screenshots if needed. This started yesterday. Would appreciate help this week. Thanks, Rahul",rahul.kumar67@example.com,closed,billing,medium,Billing Support,Aarav Sharma,9,2,0,2026-09-28T15:30:10.946896+00:00,2026-09-28T16:56:04.018049+00:00,2026-09-28T20:48:33.026374+00:00
Getting error 500 on upload,"Good mroning, Uploading any file fails with an error 500 message. This started yesterday. It is annoying but we can work around it. Thanks, Karan",karan.shah34@example.com,closed,technical,medium,Tech Support,Vihaan Gupta,10,2,0,2026-09-28T15:38:52.601071+00:00,2026-09-29T01:04:36.806152+00:00,2026-09-29T07:46:17.275842+00:00
looking for a data processing agreement,"hello, can you send us your standard data processing agreement? using version 3.9.0 on iphone. would appreciate help this week. thanks in advance.",amit.patel93@example.com,resolved,general,medium,General Support,Tara Joshi,12,5,0,2026-09-28T16:06:53.983395+00:00,2026-09-28T23:21:05.672740+00:00,2026-09-29T05:34:48.020899+00:00
Webhook deliveries failing,"Hi, Webhook deliveries to our endpoint keep failing and events are missing. This has happened more than once now. Just whenever you get time. Please help.",sneha.patel88@example.com,resolved,integrations,low,Integrations,Sana Khan,14,2,0,2026-09-28T16:09:34.124166+00:00,2026-09-30T07:04:33.846016+00:00,2026-09-30T07:17:14.763498+00:00
need a product demo,"good morning, we would like to schedule a product demo for our team. using version 3.6.1 on windows 11. no rush at all.",sneha.kapoor57@example.com,closed,billing,low,Billing Support,Aarav Sharma,9,4,0,2026-09-28T16:33:20.195219+00:00,2026-09-29T00:20:48.621599+00:00,2026-09-29T12:25:58.817886+00:00
Webhook deliveries failing,"Hello, Webhook deliveries to our endpoint keep failing and events are missing. Need this fixed today please. Regards, Rahul",rahul.shah73@example.com,closed,integrations,high,Integrations,Neil Fernandes,10,2,0,2026-09-28T16:37:10.827163+00:00,2026-09-28T22:59:16.927653+00:00,2026-09-28T23:40:54.414166+00:00
Damaged product on arrival,"Hi, The product from order #854162 arrived with a broken screen. Using version 4.6.0 on Ubuntu. No rush at all. Please help.",riya.patel70@example.com,resolved,shipping,low,Logistics,Arjun Mehta,6,6,0,2026-09-28T16:45:20.082230+00:00,2026-09-28T19:31:33.083498+00:00,2026-09-28T20:00:30.641117+00:00
Getting error 500 on upload,"Good morning, Uploading any file fails with an error 500 message. This started yesterday. Using version 3.7.3 on Ubuntu. This is affecting several of our users.",rahul.shah46@example.com,resolved,technical,high,Tech Support,Vihaan Gupta,7,3,0,2026-09-28T16:57:24.308134+00:00,2026-09-28T18:58:55.260386+00:00,2026-09-29T06:35:49.940872+00:00
Unexpected charge on my account,"Hi team, There is a charge of $99 on my statement that I do not recognise. I already tried restarting everything. It is annoying but we can work around it. Please help.",priya.kapoor80@example.com,closed,billing,medium,Billing Support,Meera Iyer,7,5,0,2026-09-28T17:03:03.946291+00:00,2026-09-28T18:26:44.105422+00:00,2026-09-28T21:34:12.246693+00:00
Mobile app freezes on startup,"The mobile app freezes on the splash screen right after launch. This is affecting several of our users. Thanks, Neha",neha.singh14@example.com,closed,technical,high,Tech Support,Vihaan Gupta,16,3,0,2026-09-28T17:19:34.534131+00:00,2026-09-29T00:42:15.121382+00:00,2026-09-29T03:08:42.523267+00:00
Password reset email never arrives,"Good morning, I requested a password reset three times but no email has arrived. Quite urgent for us, deadline is tomorrow. Thanks, Rahul",rahul.mishra44@example.com,closed,account,high,Account Security,Ishita Rao,10,3,0,2026-09-28T17:35:12.881716+00:00,2026-09-28T19:53:46.558628+00:00,2026-09-28T23:47:13.465391+00:00
Slack integration stopped posting,Our Slack integration stopped posting notifications to the channel. This started yesterday. It is annoying but we can work around it. Please help.,vikram.kumar15@example.com,resolved,integrations,medium,Integrations,Neil Fernandes,7,4,0,2026-09-28T17:57:45.170136+00:00,2026-09-28T18:57:38.222222+00:00,2026-09-29T11:00:44.624692+00:00
Invoice shows wrong amount,"Hello, The invoice for Starter shows $49 but I expected a lower amount. I already tried restarting everything. Would appreciate help this week. Thanks in advance.",sneha.kapoor83@example.com,resolved,billing,medium,Billing Support,Aarav Sharma,0,3,0,2026-09-28T18:06:58.317325+00:00,2026-09-28T19:40:49.581933+00:00,2026-09-29T20:26:50.125703+00:00
Files not syncing across devices,"Hi team, My files are not syncing between my laptop and my phone anymore. Happy to share screenshots if needed. Would appreciate help this week. Regards, Pooja",pooja.mishra52@example.com,resolved,technical,medium,Tech Support,Kabir Singh,5,4,0,2026-09-29T00:39:25.567798+00:00,2026-09-29T03:31:13.507576+00:00,2026-09-29T23:02:33.214528+00:00
Slow performance since last update,"Hi, Everything has become very slow since the last update, pages take ages to open. This started yesterday. This is affecting several of our users. Please help.",vikram.patel92@example.com,closed,technical,high,Tech Support,Vihaan Gupta,4,1,0,2026-09-29T02:33:11.087587+00:00,2026-09-29T06:53:52.485712+00:00,2026-09-29T12:48:57.755486+00:00
Two-factor codes not working,"Hello, My authenticator codes are rejected every time I try to sign in. Using version 3.7.3 on Ubuntu. Not urgent, low priority for me. Regards, Pooja",pooja.patel39@example.com,resolved,account,low,Account Security,Ishita Rao,1,6,0,2026-09-29T03:47:39.274016+00:00,2026-09-29T19:05:28.260843+00:00,2026-09-30T00:32:13.734362+00:00
Zapier connection keeps disconnecting,"Hi, The Zapier connection keeps disconnecting and needs re-authorising daily. Not urgent, low priority for me. Regards, Pooja",pooja.shah3@example.com,resolved,integrations,low,Integrations,Sana Khan,4,7,1,2026-09-29T04:35:54.509701+00:00,2026-09-29T11:02:23.144338+00:00,2026-09-29T12:17:43.947075+00:00
urgent!!,"Good morning, My card was declined at checkout but $29 still left my bank account. This started yesterday. This has happened more than once now. Would appreciate help this week. Please help.",amit.patel36@example.com,closed,billing,medium,Billing Support,Aarav Sharma,11,7,0,2026-09-29T04:52:13.068147+00:00,2026-09-29T08:31:51.282367+00:00,2026-09-29T15:44:21.184143+00:00
Unexpected charge on my account,"Good morning, There is a charge of $99 on my statement that I do not recognise. I already tried restarting everything. This started yesterday. It is annoying but we can work around it. Regards, Karan",karan.yadav34@example.com,closed,billing,medium,Billing Support,Meera Iyer,4,4,0,2026-09-29T05:16:14.851470+00:00,2026-09-29T10:01:54.583629+00:00,2026-09-29T16:40:07.696803+00:00
Salesforce sync duplicates contacts,"Hi team, The Salesforce sync keeps creating duplicate contacts in our CRM. Critical: our live system is affected. Please help.",vikram.singh66@example.com,resolved,integrations,urgent,Integrations,Neil Fernandes,11,4,0,2026-09-29T09:08:17.288331+00:00,2026-09-29T09:30:18.594329+00:00,2026-09-29T14:01:42.319103+00:00
Two-factor codes not working,"My authenticator codes are rejected every time I try to sign in. This started yesterday. We are losing customers every minute, need help ASAP! Thanks in avdance.",pooja.jain4@example.com,resolved,account,urgent,Account Security,Ishita Rao,12,2,0,2026-09-29T09:33:58.266828+00:00,2026-09-29T10:31:17.675872+00:00,2026-09-29T12:05:27.616079+00:00
Card declined but money deducted,My card was declined at checkout but $29 still left my bank account. This has happened more than once now. No rush at all.,pooja.jain39@example.com,closed,billing,low,Billing Support,Meera Iyer,8,5,0,2026-09-29T09:54:57.531108+00:00,2026-09-29T18:42:05.986892+00:00,2026-09-30T05:58:38.995702+00:00
Looking for a data processing agreement,"Good morning, Can you send us your standard data processing agreement? This started yesterday. This has happened more than once now. No rush at all.",sneha.jain65@example.com,resolved,general,low,General Support,Tara Joshi,10,1,0,2026-09-29T10:07:21.173006+00:00,2026-09-29T17:10:01.873076+00:00,2026-09-30T02:58:58.689522+00:00
Slow performance since last update,"Hi team, Everything has become very slow since the last update, pages take ages to open. Would appreciate help this week. Thanks, Amit",amit.mishra15@example.com,resolved,technical,medium,Tech Support,Vihaan Gupta,6,2,1,2026-09-29T10:17:08.304603+00:00,2026-09-29T12:37:46.079237+00:00,2026-09-29T14:12:07.623604+00:00
Getting error 500 on upload,"Hi team, Uploading any file fails with an error 500 message. Using version 3.6.3 on macOS. It is annoying but we can work around it.",amit.shah7@example.com,resolved,technical,medium,Tech Support,Vihaan Gupta,11,3,0,2026-09-29T10:32:20.860154+00:00,2026-09-29T16:01:44.658438+00:00,2026-09-29T22:45:15.323941+00:00
Need to change delivery address,"Hi, I entered the wrong address for order #680271 and need to change it. This started yesterday. Using version 4.1.0 on macOS. Need this fixed today please. Thanks in advance.",aditya.mishra8@example.com,closed,shipping,high,Logistics,Diya Nair,8,4,1,2026-09-29T10:44:41.609708+00:00,2026-09-29T15:37:46.524793+00:00,2026-09-29T19:05:38.042100+00:00
Unknown login from another country,"Hello, I got an alert about a login from a country I have never visited. This started yesterday. I already tried restarting everything. This is affecting several of our users. Thanks in advance.",vikram.mishra13@example.com,closed,account,high,Account Security,Rohan Verma,8,0,0,2026-09-29T10:53:26.240116+00:00,2026-09-29T14:31:38.744973+00:00,2026-09-29T15:05:42.522137+00:00
Invoice shows wrong amount,"The invoice for Pro shows $9 but I expected a lower amount. This started yesterday. Happy to share screenshots if needed. It is annoying but we can work around it. Thanks, Amit",amit.bose80@example.com,closed,billing,medium,Billing Support,Aarav Sharma,11,7,0,2026-09-29T10:59:06.411737+00:00,2026-09-29T13:37:23.826615+00:00,2026-09-29T16:07:38.700183+00:00
Card declined but money deducted,"Hello, My card was declined at checkout but $29 still left my bank account. It is annoying but we can work around it. Thanks in advance.",neha.jain16@example.com,closed,integrations,medium,Integrations,Neil Fernandes,9,3,1,2026-09-29T11:19:34.369381+00:00,2026-09-29T12:37:56.009722+00:00,2026-09-29T22:25:02.497406+00:00
Webhook deliveries failing,"Hello, Webhook deliveries to our endpoint keep failing and events are missing. I already tried restarting everything. This started yesterday. It is annoying but we can work around it. Please help.",vikram.jain85@example.com,closed,integrations,medium,Integrations,Neil Fernandes,8,2,0,2026-09-29T11:28:04.064320+00:00,2026-09-29T13:54:22.929677+00:00,2026-09-29T16:54:49.326384+00:00
Refund for cancelled plan,"Hello, I cancelled my Starter subscription last week and have not received the refund. This is affecting several of our users. Thanks in advance.",vikram.mishra47@example.com,closed,billing,high,Billing Support,Aarav Sharma,7,4,0,2026-09-29T12:02:21.014960+00:00,2026-09-29T12:44:36.842724+00:00,2026-09-29T14:31:39.662080+00:00
Getting error 500 on upload,"Hi team, Uploading any file fails with an error 500 message. Happy to share screenshots if needed. This started yesterday. Critical: our live system is affected. Please help.",neha.kumar79@example.com,closed,shipping,urgent,Logistics,Diya Nair,12,3,0,2026-09-29T12:07:28.499359+00:00,2026-09-29T12:58:09.379323+00:00,2026-09-29T14:53:37.228074+00:00
issue,My card was declined at checkout but $29 still left my bank account. I alerady tried restarting everything. It is annoying but we can work around it. Thanks in advance.,aditya.yadav60@example.com,resolved,billing,medium,Billing Support,Meera Iyer,9,6,0,2026-09-29T12:39:29.353196+00:00,2026-09-29T19:24:55.805360+00:00,2026-09-29T20:12:50.552774+00:00
issue,"Hi team, I was charged $199 twice for my Pro plan this month. No rush at all. Please help.",rahul.patel32@example.com,closed,billing,low,Billing Support,Meera Iyer,14,4,0,2026-09-29T12:49:05.235855+00:00,2026-09-29T16:25:52.458285+00:00,2026-09-29T20:17:34.523062+00:00
Damaged product on arrival,The product from order #789969 arrived with a broken screen. Would appreciate help this week. Please help.,karan.shah83@example.com,closed,shipping,medium,Logistics,Diya Nair,10,3,0,2026-09-29T12:49:23.559813+00:00,2026-09-29T19:17:58.084237+00:00,2026-09-30T02:36:48.160175+00:00
urgent!!,something is wrong with my account,aditya.reddy87@example.com,closed,technical,medium,Tech Support,Ananya Das,16,5,0,2026-09-29T12:56:46.398092+00:00,2026-09-29T20:58:25.979960+00:00,2026-09-30T06:56:50.033681+00:00
Can't log in to my account,"I cannot log in even though I am sure my password is correct. I already tried restarting everything. Happy to share screenshots if needed. Quite urgent for us, deadline is tomorrow.",sneha.jain71@example.com,closed,account,high,Account Security,Ishita Rao,10,3,0,2026-09-29T13:20:14.217330+00:00,2026-09-29T14:42:50.222357+00:00,2026-09-29T19:32:06.789772+00:00
Dashboard stuck on loading spinner,"Good morning, The dashboard never finishes loading, it just shows the spinner forever. I already tried restarting everything. Using version 4.9.1 on Android. Would appreciate help this week. Regards, Aditya",aditya.bose86@example.com,resolved,technical,medium,Tech Support,Vihaan Gupta,12,3,0,2026-09-29T13:26:19.719774+00:00,2026-09-29T18:35:16.422356+00:00,2026-09-29T22:16:50.091815+00:00
zapier connection keeps disconnecting,"hi team, the zapier connection keeps disconnecting and needs re-authorising daily. using version 4.6.1 on windows 11. this is affecting several of our users. thanks, priya",priya.jain2@example.com,resolved,integrations,high,Integrations,Neil Fernandes,9,2,0,2026-09-29T13:51:41.563958+00:00,2026-09-29T16:01:38.461782+00:00,2026-09-29T22:01:07.501301+00:00
Charged twice for my subscription,"Hello, I was charged $99 twice for my Pro plan this month. I already tried restarting everything. This started yesterday. It is annoying but we can work around it. Thanks, Karan",karan.jain72@example.com,closed,billing,medium,Billing Support,Aarav Sharma,14,2,0,2026-09-29T13:57:08.258119+00:00,2026-09-29T18:46:55.593415+00:00,2026-09-29T20:02:17.703413+00:00
Delete my account and data,"Hi, Please delete my account and all my personal data permanently. No rush at all. Regards, Karan",karan.jain30@example.com,closed,account,low,Account Security,Rohan Verma,14,4,0,2026-09-29T14:57:53.962599+00:00,2026-09-29T18:34:13.552578+00:00,2026-09-29T23:36:21.179746+00:00
Need GST invoice for last month,"Good morning, I need a GST invoice for my Team subscription for our accounting. Using version 3.0.1 on iPhone. It is annoying but we can work around it. Thanks, Rahul",rahul.patel45@example.com,closed,billing,medium,Billing Support,Aarav Sharma,9,4,0,2026-09-29T17:08:04.571376+00:00,2026-09-29T23:31:44.526925+00:00,2026-09-30T03:34:35.463423+00:00
Need a product demo,"Hi team, We would like to schedule a product demo for our team. Using version 4.2.0 on Android. Happy to share screenshots if needed. Critical: our live system is affected. Regards, Amit",amit.yadav52@example.com,closed,general,urgent,General Support,Tara Joshi,8,1,0,2026-09-29T18:51:24.696704+00:00,2026-09-29T19:28:54.024513+00:00,2026-09-30T01:11:27.830379+00:00
Account locked after failed attempts,"My account got locked after a few failed logins and I cannot get back in. It is annoying but we can work around it. Regards, Amit",amit.mishra11@example.com,closed,account,medium,Account Security,Rohan Verma,5,6,0,2026-09-30T01:31:01.147950+00:00,2026-09-30T07:39:41.230592+00:00,2026-09-30T11:30:58.658428+00:00
Delete my account and data,"Hello, Please delete my account and all my personal data permanently. Using version 4.8.0 on iPhone. I already tried restarting everything. It is annoying but we can work around it.",pooja.bose7@example.com,closed,account,medium,Account Security,Ishita Rao,5,3,0,2026-09-30T06:28:04.600704+00:00,2026-09-30T11:04:14.942116+00:00,2026-09-30T16:01:54.467093+00:00
Dashboard stuck on loading spinner,"Good morning, The dashboard never finishes loading, it just shows the spinner forever. Happy to share screenshots if needed. This started yesterday. Would appreciate help this week. Thanks in advance.",priya.mishra79@example.com,closed,technical,medium,Tech Support,Kabir Singh,10,2,0,2026-09-30T09:24:03.092513+00:00,2026-09-30T12:50:59.236688+00:00,2026-09-30T13:43:49.454956+00:00
Charged twice for my subscription,"Good morning, I was charged $49 twice for my Business plan this month. Happy to share screenshots if needed. Using version 4.3.1 on Android. This is affecting several of our users. Regards, Aditya",aditya.reddy27@example.com,closed,billing,high,Billing Support,Aarav Sharma,13,5,1,2026-09-30T10:40:11.267636+00:00,2026-09-30T11:59:15.541594+00:00,2026-09-30T15:53:48.258657+00:00
Feedback on the new interface,"Good morning, I wanted to share some feedback about the new interface layout. It is annoying but we can work around it. Regards, Neha",neha.mishra52@example.com,closed,general,medium,General Support,Tara Joshi,11,1,0,2026-09-30T10:40:13.974398+00:00,2026-09-30T15:52:15.612781+00:00,2026-10-01T23:25:12.741885+00:00
order still not delivered,"good morning, my order #869590 was supposed to arrive last week and still has not been delivered. happy to share screenshots if needed. not urgent, low priority for me.",amit.kumar62@example.com,closed,shipping,low,Logistics,Arjun Mehta,10,1,0,2026-09-30T10:48:44.780648+00:00,2026-10-01T08:23:39.250151+00:00,2026-10-01T15:36:48.750649+00:00
Unknown login from another country,"Hi team, I got an alert about a login from a country I have never visited. Would appreciate help this week. Please help.",karan.singh6@example.com,closed,account,medium,Account Security,Ishita Rao,8,5,0,2026-09-30T10:51:21.491938+00:00,2026-09-30T13:10:14.670193+00:00,2026-09-30T16:55:37.293558+00:00
Need GST invoice for last month,"Hello, I need a GST invoice for my Business subscription for our accounting. This started yesterday. We are losing customers every minute, need help ASAP!",sneha.kumar88@example.com,resolved,billing,urgent,Billing Support,Aarav Sharma,13,3,0,2026-09-30T10:57:52.368689+00:00,2026-09-30T11:30:34.056581+00:00,2026-10-01T03:53:06.632646+00:00
Invoice shows wrong amount,"Hi team, The invoice for Team shows $29 but I expected a lower amount. This has happened more than once now. Not urgent, low priority for me. Regards, Karan",karan.jain36@example.com,closed,billing,low,Billing Support,Meera Iyer,12,3,0,2026-09-30T12:13:44.799305+00:00,2026-09-30T16:11:33.270386+00:00,2026-09-30T20:01:18.973122+00:00
Mobile app freezes on startup,The mobile app freezes on the splash screen right after launch. This is affecting several of our users.,rahul.singh14@example.com,resolved,technical,high,Tech Support,Vihaan Gupta,10,5,0,2026-09-30T12:27:05.120072+00:00,2026-09-30T14:44:31.404696+00:00,2026-09-30T17:07:50.448652+00:00
App crashes when exporting report,"Hello, The app crashes every time I try to export a reoprt to CSV. This started yesterday. This has happened more than once now. It is annoying but we can work around it. Regards, Amit",amit.kapoor90@example.com,resolved,technical,medium,Tech Support,Kabir Singh,11,3,0,2026-09-30T12:42:12.038209+00:00,2026-09-30T19:16:05.304189+00:00,2026-10-01T09:16:54.273620+00:00
Slack integration stopped posting,Our Slack integration stopped posting notifications to the channel. Using version 3.2.1 on Windows 11. Would appreciate help this week. Please help.,amit.shah17@example.com,closed,integrations,medium,Integrations,Neil Fernandes,11,3,0,2026-09-30T13:23:28.060017+00:00,2026-09-30T15:45:00.990345+00:00,2026-09-30T17:05:36.454661+00:00
invoice shows wrong amount,"hi team, the invoice for pro shows $19 but i expected a lower amount. this has happened more than once now. it is annoying but we can work around it. thanks in advance.",sneha.reddy46@example.com,closed,billing,medium,Billing Support,Aarav Sharma,9,1,0,2026-09-30T13:50:27.191466+00:00,2026-09-30T16:32:48.838878+00:00,2026-10-01T02:36:56.377078+00:00
Damaged product on arrival,"Hi, The product from order #304978 arrived with a broken screen. I already tried restarting everything. Would appreciate help this week. Thanks in advance.",pooja.kapoor24@example.com,closed,shipping,medium,Logistics,Arjun Mehta,9,2,0,2026-09-30T14:11:15.957294+00:00,2026-09-30T18:22:14.546090+00:00,2026-09-30T19:05:03.246817+00:00
Zapier connection keeps disconnecting,"Hi, The Zapier connection keeps disconnecting and needs re-authorising daily. No rush at all. Thanks in advance.",sneha.singh53@example.com,closed,integrations,low,Integrations,Sana Khan,6,3,0,2026-09-30T14:21:42.002356+00:00,2026-09-30T18:04:56.463506+00:00,2026-09-30T21:01:45.429905+00:00
Slack integration stopped posting,"Good morning, Our Slack integration stopped posting notifications to the channel. Would appreciate help this week.",karan.jain95@example.com,closed,integrations,medium,Integrations,Neil Fernandes,7,3,0,2026-09-30T14:23:26.697270+00:00,2026-09-30T18:28:32.732734+00:00,2026-09-30T21:28:01.028877+00:00
Password reset email never arrives,"Hi, I requested a password reset three times but no email has arrived. Using version 4.1.1 on iPhone. This started yesterday. No rush at all. Regards, Vikram",vikram.kumar64@example.com,resolved,account,low,Account Security,Ishita Rao,8,3,0,2026-09-30T15:44:17.362079+00:00,2026-09-30T21:05:18.204493+00:00,2026-10-01T23:49:24.606564+00:00
Invoice shows wrong amount,"Hello, The invoice for Team shows $9 but I expected a lower amount. Just whenever you get time. Please help.",priya.kapoor77@example.com,closed,billing,low,Billing Support,Meera Iyer,6,3,0,2026-09-30T15:45:13.739885+00:00,2026-09-30T20:38:03.870251+00:00,2026-09-30T23:36:47.883691+00:00
Password reset email never arrives,"Hello, I requested a password reset three times but no email has arrived. This started yesterday. No rush at all. Regards, Amit",amit.patel15@example.com,resolved,account,low,Account Security,Ishita Rao,7,4,0,2026-09-30T16:08:35.902840+00:00,2026-10-01T02:11:55.134482+00:00,2026-10-01T03:02:27.810021+00:00
Feature request: dark mode,It would be great to have a dark mode option in the app. I already tried restarting everything. This started yesterday. Would appreciate help this week. Please help.,rahul.jain79@example.com,resolved,general,medium,General Support,Tara Joshi,10,5,0,2026-09-30T16:18:32.108079+00:00,2026-09-30T21:27:52.678188+00:00,2026-09-30T23:26:04.427700+00:00
Charged twice for my subscription,"I was charged $199 twice for my Starter plan this month. Using version 3.6.2 on Android. This has happened more than once now. Quite urgent for us, deadline is tomorrow. Thanks, Priya",priya.kumar41@example.com,closed,billing,high,Billing Support,Meera Iyer,9,6,0,2026-09-30T16:59:22.515574+00:00,2026-09-30T17:56:40.180542+00:00,2026-09-30T23:03:09.271711+00:00
card declined but money deducted,"hello, my card was declined at checkout but $99 still left my bank account. happy to share screenshots if needed. this started yesterday. it is annoying but we can work around it. thanks in advance.",sneha.mishra65@example.com,resolved,billing,medium,Billing Support,Meera Iyer,13,1,0,2026-09-30T17:51:20.226256+00:00,2026-09-30T21:14:16.715077+00:00,2026-10-01T13:44:04.786840+00:00
Unexpected charge on my account,I need help with this as soon as possible,neha.kapoor2@example.com,resolved,billing,high,Billing Support,Meera Iyer,12,3,0,2026-09-30T21:10:03.669172+00:00,2026-10-01T01:27:40.048218+00:00,2026-10-01T07:07:08.575311+00:00
Slow performance since last update,"Hi team, Everything has become very slow since the last update, pages take ages to open. Quite urgent for us, deadline is tomorrow. Regards, Aditya",aditya.bose36@example.com,closed,technical,high,Tech Support,Ananya Das,4,0,0,2026-09-30T21:43:10.265850+00:00,2026-10-01T04:18:22.200988+00:00,2026-10-01T09:29:57.938119+00:00
Files not syncing across devices,My files are not syncing between my laptop and my phone anymore. Would appreciate help this week.,priya.yadav56@example.com,resolved,technical,medium,Tech Support,Kabir Singh,7,3,0,2026-09-30T22:03:29.113118+00:00,2026-09-30T23:59:22.749902+00:00,2026-10-01T06:10:16.965375+00:00
Refund for cancelled plan,"Good morning, I cancelled my Pro subscription last week and have not received the refund. Need this fixed today please. Thanks, Karan",karan.reddy23@example.com,closed,billing,high,Billing Support,Aarav Sharma,2,3,0,2026-10-01T00:02:59.165553+00:00,2026-10-01T14:44:36.499996+00:00,2026-10-02T00:59:48.353489+00:00
App crashes when exporting report,"Hello, The app crashes every time I try to export a report to CSV. Using version 4.6.3 on Ubuntu. It is annoying but we can work around it. Please help.",karan.jain18@example.com,resolved,technical,medium,Tech Support,Kabir Singh,3,3,0,2026-10-01T00:26:16.452109+00:00,2026-10-01T03:08:51.117991+00:00,2026-10-01T06:03:24.710074+00:00
Need to change delivery address,"Hi team, I entered the wrong address for order #512813 and need to change it. Happy to share screenshots if needed. Would appreciate help this week.",rahul.jain52@example.com,closed,shipping,medium,Logistics,Arjun Mehta,6,0,0,2026-10-01T03:27:39.138008+00:00,2026-10-01T05:35:51.144420+00:00,2026-10-01T06:14:35.700943+00:00
Two-factor codes not working,"Hello, My authenticator codes are rejected every time I try to sign in. This has happened more than once now. We are losing customers every minute, need help ASAP! Thanks, Amit",amit.yadav92@example.com,closed,account,urgent,Account Security,Ishita Rao,0,4,0,2026-10-01T06:02:26.792644+00:00,2026-10-01T06:46:35.235525+00:00,2026-10-01T14:27:40.617154+00:00
Need GST invoice for last month,"Hi, I need a GST invoice for my Starter subscription for our accounting. I already tried restarting everything. Would appreciate help this week.",vikram.yadav25@example.com,closed,billing,medium,Billing Support,Meera Iyer,6,1,0,2026-10-01T09:11:52.895607+00:00,2026-10-01T10:21:59.332524+00:00,2026-10-01T15:06:34.168896+00:00
Slow performance since last update,"Hi team, Everything has become very slow since the last update, pages take ages to open. I already tried restarting everything. It is annoying but we can work around it. Thanks, Sneha",sneha.singh33@example.com,resolved,technical,medium,Tech Support,Ananya Das,10,3,0,2026-10-01T09:18:43.989945+00:00,2026-10-01T11:44:58.842634+00:00,2026-10-01T15:22:17.987640+00:00
Looking for a data processing agreement,"Good morning, Can you send us your standard data processing agreement? Happy to share screenshots if needed. Using version 3.3.0 on Windows 11. Would appreciate help this week. Thanks in advance.",vikram.kumar14@example.com,closed,general,medium,General Support,Tara Joshi,10,3,0,2026-10-01T10:02:14.425564+00:00,2026-10-01T18:45:51.366292+00:00,2026-10-01T20:21:50.011398+00:00
Can't log in to my account,"Hi, I cannot log in even though I am sure my password is correct. Using version 4.0.1 on Android. We are losing customers every minute, need help ASAP! Thanks, Riya",riya.kapoor99@example.com,closed,technical,urgent,Tech Support,Kabir Singh,8,5,0,2026-10-01T10:23:46.455038+00:00,2026-10-01T11:24:20.501003+00:00,2026-10-01T16:42:53.101515+00:00
Charged twice for my subscription,"Hi team, I was charged $19 twice for my Pro plan this month. It is annoying but we can work around it. Please help.",riya.yadav69@example.com,resolved,billing,medium,Billing Support,Meera Iyer,3,4,0,2026-10-01T10:37:23.737123+00:00,2026-10-01T13:05:29.635312+00:00,2026-10-01T14:26:31.231634+00:00
Invoice shows wrong amount,"The invoice for Pro shows $19 but I exepcted a lower amount. It is annoying but we can work around it. Thanks, Rahul",rahul.reddy96@example.com,closed,billing,medium,Billing Support,Meera Iyer,7,7,0,2026-10-01T10:40:30.840131+00:00,2026-10-01T13:16:50.867775+00:00,2026-10-01T18:06:54.471080+00:00
Do you offer student discounts,"Hi, Do you offer any discount for students or non-profit organisations? We are losing customers every minute, need help ASAP! Regards, Vikram",vikram.singh63@example.com,closed,general,urgent,General Support,Tara Joshi,9,0,0,2026-10-01T10:42:47.147022+00:00,2026-10-01T12:38:33.597992+00:00,2026-10-02T06:35:43.090222+00:00
Damaged product on arrival,"Hi, The product from order #601294 arrived with a broken screen. This started yesterday. Happy to share screenshots if needed. It is annoying but we can work around it. Thanks in advance.",amit.bose81@example.com,resolved,shipping,medium,Logistics,Arjun Mehta,13,3,0,2026-10-01T10:49:53.422040+00:00,2026-10-01T13:44:49.220680+00:00,2026-10-01T20:54:31.171233+00:00
Can't log in to my account,"Hi, I cannot log in even though I am sure my password is correct. This started yesterday. Happy to share screenshots if needed. Quite urgent for us, deadline is tomorrow. Thanks in advance.",riya.kapoor20@example.com,closed,account,high,Account Security,Ishita Rao,10,4,0,2026-10-01T10:53:43.849961+00:00,2026-10-01T11:44:44.726796+00:00,2026-10-01T12:46:59.904013+00:00
need assistance,"Hello, I need a GST invoice for my Team subscription for our accounting. I already tried restarting everything. Using version 4.6.3 on Ubuntu. Not urgent, low priority for me. Please help.",karan.jain84@example.com,resolved,billing,low,Billing Support,Meera Iyer,6,4,0,2026-10-01T11:05:28.155555+00:00,2026-10-02T05:23:21.716880+00:00,2026-10-02T09:34:30.684906+00:00
Can't log in to my account,"Hi team, I cannot log in even though I am sure my password is correct. This started yesterday. Not urgent, low priority for me. Thanks in advance.",vikram.yadav20@example.com,resolved,account,low,Account Security,Rohan Verma,10,8,0,2026-10-01T12:03:27.406508+00:00,2026-10-01T15:13:41.355636+00:00,2026-10-01T20:36:22.197484+00:00
Can't log in to my account,"Good morning, I cannot log in even though I am sure my password is correct. Would appreciate help this week. Regards, Amit",amit.yadav92@example.com,closed,account,medium,Account Security,Ishita Rao,9,5,0,2026-10-01T12:15:53.060054+00:00,2026-10-01T15:07:15.629138+00:00,2026-10-01T19:26:02.475010+00:00
Need to change delivery address,"Hello, I entered the wrong address for order #446895 and need to change it. Using version 4.5.1 on Android. Quite urgent for us, deadline is tomorrow. Thanks, Karan",karan.kapoor35@example.com,closed,shipping,high,Logistics,Arjun Mehta,12,4,0,2026-10-01T13:08:18.183972+00:00,2026-10-01T14:56:18.562865+00:00,2026-10-02T08:25:29.416917+00:00
help,"Good morning, The app crashes every time I try to export a report to CSV. Would appreciate help this week. Thanks in advance.",riya.mishra95@example.com,closed,technical,medium,Tech Support,Kabir Singh,11,2,0,2026-10-01T13:32:27.326228+00:00,2026-10-01T17:04:59.373662+00:00,2026-10-01T22:31:54.770092+00:00
Need to change delivery address,can someone look into this,priya.patel6@example.com,closed,shipping,high,Logistics,Arjun Mehta,10,6,0,2026-10-01T13:37:06.840596+00:00,2026-10-01T15:32:06.314350+00:00,2026-10-01T17:09:05.129430+00:00
Need a product demo,"Hi, We would like to schedule a product demo for our team. Quite urgent for us, deadline is tomorrow. Thanks, Rahul",rahul.mishra52@example.com,closed,general,high,General Support,Tara Joshi,5,3,0,2026-10-01T13:38:58.717314+00:00,2026-10-01T16:27:31.790921+00:00,2026-10-02T03:53:50.065999+00:00
Rate limit errors on API,"Hi team, We are hitting 429 rate limit errors on the API even with low traffic. Happy to share screenshots if needed. We are losing customers every minute, need help ASAP! Please help.",priya.kapoor37@example.com,closed,integrations,urgent,Integrations,Sana Khan,8,6,0,2026-10-01T14:10:31.681023+00:00,2026-10-01T14:53:47.995199+00:00,2026-10-01T21:00:26.352427+00:00
Question about enterprise pricing,"Good morning, Could you share pricing details for the enterprise plan for about 200 seats? Using version 3.5.3 on Windows 11. It is annoying but we can work around it. Regards, Riya",riya.patel8@example.com,resolved,general,medium,General Support,Tara Joshi,12,4,0,2026-10-01T14:10:34.776207+00:00,2026-10-01T17:11:09.325912+00:00,2026-10-02T04:47:50.255806+00:00
Question about enterprise pricing,"Hi, Could you share pricing details for the enterprise plan for about 200 seats? I already tried restarting everything. This started yesterday. No rush at all.",riya.mishra94@example.com,closed,general,low,General Support,Tara Joshi,7,3,0,2026-10-01T14:21:15.673875+00:00,2026-10-01T22:56:13.138112+00:00,2026-10-02T03:05:23.711371+00:00
Tracking link shows no updates,"Hello, The tracking link for order #541836 has not shown any update for days. Using version 4.0.1 on iPhone. It is annoying but we can work around it. Please help.",vikram.kumar44@example.com,closed,shipping,medium,Logistics,Diya Nair,11,3,0,2026-10-01T14:26:29.231753+00:00,2026-10-01T16:59:08.434184+00:00,2026-10-01T20:01:56.493165+00:00
Looking for a data processing agreement,"Good morning, Can you send us your standard data processing agreement? This started yesterday. Happy to share screenshots if needed. Not urgent, low priority for me. Please help.",vikram.kapoor34@example.com,resolved,general,low,General Support,Tara Joshi,10,4,0,2026-10-01T14:49:49.776844+00:00,2026-10-02T19:17:13.793988+00:00,2026-10-03T17:50:15.078938+00:00
Getting error 500 on upload,"Uploading any file fails with an error 500 message. I already tried restarting everything. Using version 3.7.3 on Ubuntu. Need this fixed today please. Regards, Priya",priya.yadav50@example.com,closed,technical,high,Tech Support,Kabir Singh,9,7,0,2026-10-01T15:18:00.947414+00:00,2026-10-01T16:35:23.117327+00:00,2026-10-01T21:55:17.555415+00:00
Wrong item received,"Hello, I received the wrong item in order #665020, this is not what I ordered. Using version 4.3.1 on Windows 11. It is annoying but we can work around it. Thanks, Karan",karan.mishra36@example.com,closed,shipping,medium,Logistics,Diya Nair,14,5,0,2026-10-01T15:23:31.685680+00:00,2026-10-01T18:41:41.141228+00:00,2026-10-03T10:41:07.797534+00:00
Need a product demo,"Hi team, We would like to schedule a product demo for our team. I already tried restarting everything. Would appreciate help this week. Regards, Sneha",sneha.singh59@example.com,closed,general,medium,General Support,Tara Joshi,8,3,1,2026-10-01T15:43:42.516053+00:00,2026-10-01T17:42:19.446118+00:00,2026-10-01T18:46:23.145447+00:00
Webhook deliveries failing,"Webhook deliveries to our endpoint keep failing and events are missing. Quite urgent for us, deadline is tomorrow. Regards, Vikram",vikram.bose16@example.com,closed,integrations,high,Integrations,Sana Khan,11,2,1,2026-10-01T16:25:53.669102+00:00,2026-10-02T06:36:54.285045+00:00,2026-10-02T11:39:05.641429+00:00
Dashboard stuck on loading spinner,"The dashboard never finishes loading, it just shows the spinner forever. This started yesterday. This is blocking our entire team in production. Thanks in advance.",aditya.patel98@example.com,resolved,technical,urgent,Tech Support,Ananya Das,9,0,0,2026-10-01T16:48:48.966006+00:00,2026-10-01T17:09:26.598562+00:00,2026-10-02T01:46:25.209004+00:00
Refund for cancelled plan,something is wrong with my account,riya.bose79@example.com,closed,billing,medium,Billing Support,Aarav Sharma,15,2,0,2026-10-01T16:50:18.206121+00:00,2026-10-01T19:09:05.629141+00:00,2026-10-02T01:44:16.739096+00:00
Need GST invoice for last month,"Good morning, I need a GST invoice for my Business subscription for our accounting. Using version 3.8.2 on iPhone. Happy to share screenshots if needed. Not urgent, low priority for me. Please help.",vikram.singh37@example.com,resolved,billing,low,Billing Support,Meera Iyer,13,0,0,2026-10-01T17:38:40.474951+00:00,2026-10-02T02:16:29.613917+00:00,2026-10-02T16:29:33.385159+00:00
Order still not delivered,My order #255539 was supposed to arrive last week and still has not been delivered. Using version 4.9.2 on iPhone. Happy to share screenshots if needed. It is annoying but we can work around it. Please help.,neha.shah90@example.com,closed,shipping,medium,Logistics,Diya Nair,5,2,0,2026-10-01T17:53:26.610199+00:00,2026-10-01T19:17:10.051205+00:00,2026-10-02T08:18:25.951856+00:00
Slow performance since last update,"Everything has become very slow since the last update, pages take ages to open. This has happened more than once now. Quite urgent for us, deadline is tomorrow. Thanks, Priya",priya.kumar25@example.com,closed,technical,high,Tech Support,Kabir Singh,2,2,0,2026-10-01T23:36:29.668666+00:00,2026-10-02T00:36:53.990250+00:00,2026-10-02T18:16:12.534432+00:00
Looking for a data processing agreement,"Hi team, Can you send us your standard data processing agreement? This has happened more than once now. Would appreciate help this week. Thanks, Neha",neha.jain27@example.com,closed,general,medium,General Support,Tara Joshi,4,5,0,2026-10-01T23:55:09.314328+00:00,2026-10-02T04:11:04.134865+00:00,2026-10-02T14:00:04.485110+00:00
Slack integration stopped posting,"Hi, Our Slack integration stopped posting notifications to the channel. Using version 3.8.0 on iPhone. Happy to share screenshots if needed. It is annoying but we can work around it. Thanks, Priya",priya.kumar24@example.com,closed,integrations,medium,Integrations,Neil Fernandes,1,4,0,2026-10-02T02:17:23.880039+00:00,2026-10-02T06:02:08.324042+00:00,2026-10-02T11:42:15.238584+00:00
urgent!!,"Hello, The mobile app freezes on the splash screen right after launch. Using version 3.7.2 on Ubuntu. It is annoying but we can work around it. Please help.",sneha.kapoor11@example.com,closed,technical,medium,Tech Support,Vihaan Gupta,11,4,1,2026-10-02T09:06:08.098093+00:00,2026-10-02T09:57:42.113761+00:00,2026-10-02T11:40:47.180928+00:00
help,"Hi, I got an alert about a login from a country I have never visited. Would appreciate help this week. Thanks, Priya",priya.singh63@example.com,closed,account,medium,Account Security,Ishita Rao,2,0,0,2026-10-02T09:24:09.158789+00:00,2026-10-02T12:02:11.351510+00:00,2026-10-02T15:24:02.430574+00:00
"Webhook retries exhausted, 502 errors","Our integration depends on webhooks and they return 502 errors since the latest update. Quite ugrent for us, deadline is tomorrow.",amit.bose330@example.com,resolved,integrations,high,Integrations,Neil Fernandes,20,6,0,2026-10-02T10:03:33.734343+00:00,2026-10-02T12:09:12.721152+00:00,2026-10-02T14:09:04.571612+00:00
502 Bad Gateway on webhook endpoint,Since the v4.2.0 update our webhook endpoint receives 502 Bad Gateway and no events arrive. Would appreciate help this week.,riya.kapoor60@example.com,resolved,integrations,medium,Integrations,Neil Fernandes,21,4,0,2026-10-02T10:10:34.691875+00:00,2026-10-02T13:56:05.156972+00:00,2026-10-02T21:43:13.818055+00:00
need gst invoice for last month,i need a gst invoice for my pro subscription for our accounting. would appreciate help this week.,sneha.kumar13@example.com,closed,billing,medium,Billing Support,Meera Iyer,12,6,0,2026-10-02T10:17:39.619479+00:00,2026-10-02T17:09:26.781088+00:00,2026-10-02T23:08:02.346449+00:00
App crashes when exporting report,"Hi team, The app crashes every time I try to export a report to CSV. Happy to share screenshots if needed. Quite urgent for us, deadline is tomorrow. Thanks in advance.",neha.bose39@example.com,closed,technical,high,Tech Support,Vihaan Gupta,7,2,0,2026-10-02T10:21:26.575447+00:00,2026-10-02T12:50:34.281005+00:00,2026-10-03T04:53:41.141906+00:00
Events not reaching our server since update,"Our integration depends on webhooks and they return 502 errors since the latest update. We are losing customers every minute, need help ASAP!",priya.patel856@example.com,resolved,integrations,urgent,Integrations,Neil Fernandes,18,7,0,2026-10-02T10:27:09.823691+00:00,2026-10-02T11:08:35.803475+00:00,2026-10-02T16:38:27.008750+00:00
App crashes when exporting report,The app crashes every time I try to export a report to CSV. This started yesterday. No rush at all. Please help.,pooja.reddy84@example.com,closed,technical,low,Tech Support,Vihaan Gupta,8,4,0,2026-10-02T10:41:14.572512+00:00,2026-10-02T23:16:22.831139+00:00,2026-10-03T02:40:44.060702+00:00
Webhook deliveries failing with 502,We upgraded to v4.2.0 and all webhook deliveries now fail with 502. Retries are exhausted. This is affecting several of our users.,amit.kumar311@example.com,closed,integrations,high,Integrations,Sana Khan,18,3,0,2026-10-02T11:30:56.939511+00:00,2026-10-02T14:19:06.732615+00:00,2026-10-02T16:47:37.228951+00:00
Refund for cancelled plan,"Hello, I cancelled my Team subscription last week and have not received the refund. This started yesterday. Not urgent, low priority for me. Please help.",vikram.kumar76@example.com,closed,billing,low,Billing Support,Meera Iyer,8,1,0,2026-10-02T11:31:08.228529+00:00,2026-10-02T20:05:46.849756+00:00,2026-10-03T15:56:10.455747+00:00
Zapier connection keeps disconnecting,"Hello, The Zapier connection keeps disconnecting and needs re-authorising daily. Happy to share screenshots if needed. I already tried restarting everything. This is blocking our entire team in production. Please help.",rahul.kumar44@example.com,closed,integrations,urgent,Integrations,Neil Fernandes,10,6,0,2026-10-02T11:32:21.276732+00:00,2026-10-02T12:36:35.974712+00:00,2026-10-02T20:07:21.196262+00:00
Feature request: dark mode,"Good morning, It would be great to have a dark mode optoin in the app. Using version 3.8.0 on Ubnutu. I already tried restarting everything. Just whenever you get time. Thanks in advance.",amit.singh12@example.com,closed,general,low,General Support,Tara Joshi,18,4,0,2026-10-02T11:40:41.876575+00:00,2026-10-02T18:07:54.258000+00:00,2026-10-02T20:33:16.468070+00:00
need assistance,"hi team, could you share pricing details for the enterprise plan for about 200 seats? this started yesterday. this has happened more than once now. would appreciate help this week. regards, rahul",rahul.singh63@example.com,closed,general,medium,General Support,Tara Joshi,15,5,0,2026-10-02T12:29:04.045345+00:00,2026-10-03T06:35:14.307362+00:00,2026-10-04T01:55:24.216376+00:00
Mobile app freezes on startup,"Hi team, The mobile app freezes on the splash screen right after launch. Using version 4.7.3 on Ubuntu. It is annoying but we can work around it.",neha.patel60@example.com,closed,technical,medium,Tech Support,Vihaan Gupta,8,3,1,2026-10-02T12:41:13.331681+00:00,2026-10-02T14:47:25.257841+00:00,2026-10-02T15:50:33.515428+00:00
Need a product demo,"Hi team, We would like to schedule a product demo for our team. I already tried restarting everything. This has happened more than once now. It is annoying but we can work around it. Regards, Vikram",vikram.bose75@example.com,closed,general,medium,General Support,Tara Joshi,11,1,0,2026-10-02T13:01:44.473557+00:00,2026-10-02T14:32:30.386934+00:00,2026-10-02T15:11:48.087464+00:00
502 Bad Gateway on webhook endpoint,Our integration depends on webhooks and they return 502 errors since the latest update. This is affecting several of our users.,aditya.shah441@example.com,closed,integrations,high,Integrations,Neil Fernandes,17,7,0,2026-10-02T13:31:10.104442+00:00,2026-10-02T17:00:40.069380+00:00,2026-10-02T17:32:31.250183+00:00
Wrong item received,"Good morning, I received the wrong item in order #103775, this is not what I ordered. This has happened more than once now. Using version 3.9.0 on Ubuntu. It is annoying but we can work around it. Thanks in advance.",sneha.singh38@example.com,resolved,shipping,medium,Logistics,Arjun Mehta,14,7,0,2026-10-02T13:59:21.938671+00:00,2026-10-02T15:17:27.252351+00:00,2026-10-03T00:14:33.897861+00:00
Two-factor codes not working,"Hi, My authenticator codes are rejected every time I try to sign in. Would appreciate help this week. Thanks, Vikram",vikram.jain26@example.com,closed,account,medium,Account Security,Rohan Verma,7,3,0,2026-10-02T14:01:24.851290+00:00,2026-10-02T15:11:36.310184+00:00,2026-10-02T18:25:32.668330+00:00
Looking for a data processing agreement,"Hi, Can you send us your standard data processing agreement? Using version 3.2.0 on iPhone. Not urgent, low priority for me. Thanks, Rahul",rahul.shah62@example.com,closed,general,low,General Support,Tara Joshi,9,3,0,2026-10-02T14:03:16.384227+00:00,2026-10-02T16:54:55.789066+00:00,2026-10-03T06:02:28.556718+00:00
App crashes when exporting report,"Good morning, The app crashes every time I try to export a report to CSV. I already tried restarting everything. Using version 3.9.2 on Ubuntu. Would appreciate help this week. Thanks in advance.",sneha.jain99@example.com,resolved,technical,medium,Tech Support,Kabir Singh,8,5,0,2026-10-02T14:04:05.781708+00:00,2026-10-02T16:38:53.448861+00:00,2026-10-02T19:00:21.998077+00:00
Card declined but money deducted,"Hello, My card was declined at checkout but $49 still left my bank account. This has happened more than once now. Just whenever you get time. Please help.",vikram.reddy34@example.com,resolved,billing,low,Billing Support,Meera Iyer,9,4,0,2026-10-02T14:13:17.204078+00:00,2026-10-02T19:26:57.953232+00:00,2026-10-03T04:52:41.757787+00:00
Invoice shows wrong amount,"Hi team, The invoice for Pro shows $99 but I expected a lower amount. Using version 4.0.3 on Windows 11. Just whenever you get time. Thanks, Pooja",pooja.singh16@example.com,closed,integrations,low,Integrations,Neil Fernandes,7,3,0,2026-10-02T14:34:08.713593+00:00,2026-10-03T01:39:01.327962+00:00,2026-10-03T06:11:42.695817+00:00
Events not reaching our server since update,None of our webhooks have fired since yesterday's release. The delivery log shows 502. This is affetcing several of our users.,rahul.shah222@example.com,closed,integrations,high,Integrations,Sana Khan,20,3,0,2026-10-02T14:56:16.742628+00:00,2026-10-02T17:47:54.719868+00:00,2026-10-02T20:02:27.909611+00:00
Tracking link shows no updates,"Good morning, The tracking link for order #668326 has not shown any update for days. This started yesterday. Critical: our live system is affected. Thanks in advance.",amit.bose7@example.com,closed,shipping,urgent,Logistics,Arjun Mehta,16,0,1,2026-10-02T15:23:05.958831+00:00,2026-10-02T15:49:54.112288+00:00,2026-10-03T00:07:41.829155+00:00
Getting error 500 on upload,"Good morning, Uploading any file fails with an error 500 message. Quite urgent for us, deadline is tomorrow. Thanks in advance.",neha.yadav46@example.com,closed,technical,high,Tech Support,Vihaan Gupta,15,3,0,2026-10-02T15:30:22.009490+00:00,2026-10-02T22:03:39.513833+00:00,2026-10-03T17:04:06.781735+00:00
Dashboard stuck on loading spinner,I need help with this as soon as possible,neha.mishra36@example.com,closed,technical,medium,Tech Support,Ananya Das,6,3,0,2026-10-02T15:36:51.512481+00:00,2026-10-02T17:28:13.275529+00:00,2026-10-02T17:46:57.111047+00:00
Unexpected charge on my account,"Good morning, There is a charge of $199 on my statement that I do not recognise. Not urgent, low priority for me. Thanks, Sneha",sneha.shah30@example.com,closed,billing,low,Billing Support,Aarav Sharma,13,3,0,2026-10-02T15:41:25.341613+00:00,2026-10-03T08:36:26.585163+00:00,2026-10-03T14:16:10.423977+00:00
Webhooks stopped firing after v4.2 update,"Since the v4.2.0 update our webhook endpoint receives 502 Bad Gateway and no events arrive. We are losing customers every minute, need help ASAP!",riya.reddy667@example.com,resolved,integrations,urgent,Integrations,Neil Fernandes,18,8,0,2026-10-02T15:54:11.856710+00:00,2026-10-02T16:29:09.988170+00:00,2026-10-02T19:28:44.295852+00:00
"Webhook retries exhausted, 502 errors",Since the v4.2.0 upadte our webhook endpoint receives 502 Bad Gatweay and no events arrive. Would appreciate help this week.,aditya.mishra418@example.com,closed,integrations,medium,Integrations,Neil Fernandes,16,7,0,2026-10-02T16:10:51.680200+00:00,2026-10-02T18:36:38.165395+00:00,2026-10-02T22:03:03.042182+00:00
Getting error 500 on upload,"Good morning, Uploading any file fails with an error 500 message. This has happened more than once now. Quite urgent for us, deadline is tomorrow. Thanks, Riya",riya.singh12@example.com,resolved,technical,high,Tech Support,Ananya Das,10,7,0,2026-10-02T16:43:56.943414+00:00,2026-10-02T17:51:56.477651+00:00,2026-10-02T23:57:31.240753+00:00
502 Bad Gateway on webhook endpoint,We upgraded to v4.2.0 and all webhook deliveries now fail with 502. Retries are exhausted. Would appreciate help this week.,priya.mishra227@example.com,closed,integrations,medium,Integrations,Neil Fernandes,22,7,0,2026-10-02T16:45:13.446866+00:00,2026-10-03T04:41:42.852517+00:00,2026-10-03T06:11:49.826145+00:00
Package marked delivered but missing,"Good morning, Tracking says order #529954 was delivered but nothing is at my door. Using version 4.0.2 on Windows 11. This started yesterday. Would appreciate help this week.",rahul.patel31@example.com,closed,shipping,medium,Logistics,Arjun Mehta,9,2,0,2026-10-02T17:26:49.022595+00:00,2026-10-02T21:42:34.775208+00:00,2026-10-03T00:02:37.029244+00:00
Can't log in to my account,I cannot log in even though I am sure my password is correct. This started yesterday. Happy to share screenshots if needed. This is blocking our entire team in production.,neha.mishra24@example.com,resolved,account,urgent,Account Security,Ishita Rao,11,5,0,2026-10-02T17:31:50.072129+00:00,2026-10-02T18:27:05.729086+00:00,2026-10-02T19:35:03.391922+00:00
Do you offer student discounts,something is wrong with my account,aditya.jain50@example.com,closed,general,medium,General Support,Tara Joshi,9,6,0,2026-10-02T17:32:02.358602+00:00,2026-10-02T18:24:18.544167+00:00,2026-10-03T13:00:31.460255+00:00
"Webhook retries exhausted, 502 errors",Snice the v4.2.0 update our wbehook endpoint receives 502 Bad Gateway and no events arrive. Critical: our live system is affected.,vikram.mishra316@example.com,resolved,integrations,urgent,Integrations,Neil Fernandes,23,5,0,2026-10-02T17:40:51.136877+00:00,2026-10-02T18:06:26.068167+00:00,2026-10-02T21:57:54.137068+00:00
"Webhook retries exhausted, 502 errors",Since the v4.2.0 update our webhook enpdoint receives 502 Bad Gateway and no events arrive. Need this fixed today please.,karan.singh968@example.com,resolved,integrations,high,Integrations,Neil Fernandes,10,6,0,2026-10-02T18:30:34.446002+00:00,2026-10-02T21:03:41.946464+00:00,2026-10-02T23:41:03.747497+00:00
502 Bad Gateway on webhook endpoint,"Our integration depends on webhooks and they return 502 errors since the latest update. Quite urgent for us, deadline is tomorrow.",pooja.kapoor726@example.com,resolved,integrations,high,Integrations,Sana Khan,13,6,0,2026-10-02T19:01:46.442222+00:00,2026-10-02T23:36:02.369397+00:00,2026-10-03T05:06:24.135777+00:00
"Webhook retries exhausted, 502 errors",None of our webhooks have fired since yesterday's release. The delivery log shows 502. It is annoying but we can work around it.,karan.kumar969@example.com,closed,integrations,medium,Integrations,Neil Fernandes,10,7,0,2026-10-02T19:24:12.277594+00:00,2026-10-03T15:17:10.295010+00:00,2026-10-03T16:29:28.602536+00:00
Webhook deliveries failing with 502,We upgraded to v4.2.0 and all webhook deliveries now fail with 502. Retries are exhausted. Wolud appreciate help this week.,aditya.shah553@example.com,resolved,integrations,medium,Integrations,Neil Fernandes,16,4,0,2026-10-02T19:31:18.359125+00:00,2026-10-03T00:46:43.375151+00:00,2026-10-03T11:24:28.538229+00:00
"Webhook retries exhausted, 502 errors",None of our webhooks have fired since yesterday's release. The delivery log shows 502. Need this fixed today please.,priya.jain710@example.com,closed,integrations,high,Integrations,Neil Fernandes,17,9,0,2026-10-02T20:22:34.602653+00:00,2026-10-03T00:21:52.809621+00:00,2026-10-03T05:11:45.458458+00:00
Webhooks stopped firing after v4.2 update,We upgraded to v4.2.0 and all webhook deliveries now fail with 502. Retries are exhausted. Need this fixed today please.,pooja.patel29@example.com,closed,integrations,high,Integrations,Neil Fernandes,15,8,0,2026-10-02T22:27:25.648386+00:00,2026-10-03T02:28:32.803914+00:00,2026-10-03T05:48:12.249121+00:00
invoice shows wrong amount,the invoice for pro shows $19 but i expected a lower amount. this started yesterday. would appreciate help this week. please help.,pooja.patel53@example.com,resolved,billing,medium,Billing Support,Meera Iyer,4,3,0,2026-10-03T00:55:26.769673+00:00,2026-10-03T05:04:15.067787+00:00,2026-10-03T05:53:43.281189+00:00
"Webhook retries exhausted, 502 errors","None of our webhooks have fired since yesterday's release. The delivery log shows 502. We are losing customers every minute, need help ASAP!",sneha.singh456@example.com,closed,integrations,urgent,Integrations,Neil Fernandes,13,7,0,2026-10-03T01:49:16.448362+00:00,2026-10-03T03:25:28.544121+00:00,2026-10-03T04:38:37.395845+00:00
Webhook deliveries failing with 502,Since the v4.2.0 upadte our webhook endpoint receives 502 Bad Gateway and no events arrive. Need this fixed today please.,aditya.mishra129@example.com,resolved,integrations,high,Integrations,Sana Khan,15,4,0,2026-10-03T02:42:34.466537+00:00,2026-10-03T14:22:34.781357+00:00,2026-10-03T22:47:19.693486+00:00
Dashboard stuck on loading spinner,"Hi, The dashboard never finishes loading, it just shows the spinner forever. This has happened more than once now. Happy to share screenshots if needed. It is annoying but we can work around it. Thanks, Riya",riya.yadav43@example.com,closed,technical,medium,Tech Support,Ananya Das,5,3,0,2026-10-03T03:04:06.119205+00:00,2026-10-03T20:10:46.796667+00:00,2026-10-03T21:42:01.797996+00:00
Webhook deliveries failing with 502,"We upgraded to v4.2.0 and all webhook deliveries now fail with 502. Retries are exhausted. Quite urgent for us, deadline is tomorrow.",aditya.kumar517@example.com,closed,integrations,high,Integrations,Neil Fernandes,13,6,0,2026-10-03T03:55:32.080815+00:00,2026-10-03T08:43:06.852018+00:00,2026-10-03T11:10:08.196752+00:00
Events not reaching our server since update,Since the v4.2.0 update our webhook endpoint receives 502 Bad Gateway and no events arrive. Would appreciate help this week.,karan.patel967@example.com,closed,integrations,medium,Integrations,Neil Fernandes,13,8,0,2026-10-03T04:30:39.895841+00:00,2026-10-03T12:51:43.841665+00:00,2026-10-03T15:37:17.409559+00:00
Events not reaching our server since update,Our integration depedns on webhooks and they return 502 errors since the latest updaet. This is blocking our entire team in production.,amit.singh196@example.com,closed,integrations,urgent,Integrations,Sana Khan,11,9,0,2026-10-03T06:10:36.965821+00:00,2026-10-03T11:07:26.785020+00:00,2026-10-03T15:44:17.510428+00:00
refund for cancelled plan,"i cancelled my starter subscription last week and have not received the refund. it is annoying but we can work around it. thansk, karan",karan.singh56@example.com,closed,billing,medium,Billing Support,Meera Iyer,0,2,0,2026-10-03T07:08:10.502702+00:00,2026-10-03T10:32:39.978113+00:00,2026-10-03T11:46:39.183757+00:00
"Webhook retries exhausted, 502 errors",Our integration depends on webhooks and they return 502 errors since the latest update. Critical: our live system is affected.,aditya.singh99@example.com,resolved,integrations,urgent,Integrations,Neil Fernandes,18,6,0,2026-10-03T07:46:39.710092+00:00,2026-10-03T09:08:50.480390+00:00,2026-10-03T11:40:20.747639+00:00
Events not reaching our server since update,Since the v4.2.0 update our webhook endpoint receives 502 Bad Gateway and no events arrive. Critical: our live system is affected.,rahul.jain300@example.com,closed,integrations,urgent,Integrations,Sana Khan,26,7,0,2026-10-03T09:39:46.121300+00:00,2026-10-03T11:24:53.881071+00:00,2026-10-03T19:05:57.635809+00:00
Package marked delivered but missing,"Hi, Tracking says order #273982 was delivered but nothing is at my door. Happy to share screenshots if needed. Using version 4.7.0 on iPhone. Quite urgent for us, deadline is tomorrow.",priya.patel64@example.com,closed,shipping,high,Logistics,Arjun Mehta,8,2,0,2026-10-03T09:48:04.397859+00:00,2026-10-03T12:29:27.335607+00:00,2026-10-03T21:15:33.173037+00:00
charged twice for my subscription,"hello, i was charged $199 twice for my team plan this month. using version 3.8.0 on macos. this has happened more than once now. just whenever you get time. thanks, neha",neha.yadav80@example.com,resolved,billing,low,Billing Support,Meera Iyer,8,1,0,2026-10-03T10:53:08.473991+00:00,2026-10-04T05:05:43.483215+00:00,2026-10-04T06:03:29.351523+00:00
Dashboard stuck on loading spinner,"Good morning, The dashboard never finishes loading, it just shows the spinner forever. Critical: our live system is affected. Thanks, Vikram",vikram.kumar41@example.com,resolved,technical,urgent,Tech Support,Ananya Das,12,2,0,2026-10-03T10:59:23.776817+00:00,2026-10-03T12:25:00.675668+00:00,2026-10-03T22:09:25.976672+00:00
refund for cancelled plan,"good morning, i cancelled my team subscription last week and have not received the refund. happy to share screenshots if needed. this has happened more than once now. not urgent, low priority for me.",pooja.yadav4@example.com,closed,billing,low,Billing Support,Aarav Sharma,10,3,0,2026-10-03T11:31:42.071824+00:00,2026-10-03T18:31:09.446516+00:00,2026-10-04T02:22:21.807514+00:00
Card declined but money deducted,"Hi team, My card was declined at checkout but $9 still left my bank account. This has happened more than once now. I already tried restarting everything. This is affecting several of our users.",vikram.singh51@example.com,closed,billing,high,Billing Support,Aarav Sharma,9,6,0,2026-10-03T12:06:16.763068+00:00,2026-10-03T15:21:29.285521+00:00,2026-10-03T20:09:28.622574+00:00
502 Bad Gateway on webhook endpoint,None of our webhooks have fired since yesterday's release. The delivery log shows 502. This is affecting several of our users.,riya.kapoor885@example.com,resolved,integrations,high,Integrations,Sana Khan,21,9,0,2026-10-03T12:10:29.397167+00:00,2026-10-03T13:46:27.462990+00:00,2026-10-04T07:22:59.083898+00:00
App crashes when exporting report,"Hi, The app crashes every time I try to export a report to CSV. This started yesterday. Would appreciate help this week. Thanks, Riya",riya.bose30@example.com,closed,technical,medium,Tech Support,Ananya Das,14,1,0,2026-10-03T12:31:54.818392+00:00,2026-10-03T15:44:38.745004+00:00,2026-10-03T18:23:02.266214+00:00
Webhook deliveries failing with 502,Since the v4.2.0 update our webhook endpoint receives 502 Bad Gateway and no events arrive. This is blocking our entire team in production.,neha.jain641@example.com,closed,integrations,urgent,Integrations,Neil Fernandes,20,7,0,2026-10-03T12:52:34.258005+00:00,2026-10-03T14:33:22.570106+00:00,2026-10-03T15:45:40.545069+00:00
Order still not delivered,"Hi team, My order #679364 was supposed to arrive last week and still has not been delivered. I already tried restarting everytihng. Not urgent, low priority for me. Thanks in advance.",neha.shah86@example.com,resolved,shipping,low,Logistics,Arjun Mehta,12,3,0,2026-10-03T12:52:59.633861+00:00,2026-10-03T17:58:31.931289+00:00,2026-10-03T21:11:39.342706+00:00
Unexpected charge on my account,"There is a charge of $29 on my statement that I do not recognise. Happy to share screenshots if needed. I already tried restarting everything. No rush at all. Regards, Amit",amit.yadav1@example.com,closed,billing,low,Billing Support,Meera Iyer,8,4,0,2026-10-03T13:05:14.168879+00:00,2026-10-04T12:47:43.203194+00:00,2026-10-04T21:57:50.579910+00:00
Events not reaching our server since update,None of our webhooks have fried since yesterday's release. The delivery log shows 502. Would appreciate help this week.,sneha.jain4@example.com,resolved,integrations,medium,Integrations,Neil Fernandes,21,7,0,2026-10-03T13:22:30.641597+00:00,2026-10-04T14:58:32.587897+00:00,2026-10-04T22:37:18.557176+00:00
Mobile app freezes on startup,"Hi, The mobile app freezes on the splash screen right after launch. Quite urgent for us, deadline is tomorrow. Regards, Amit",amit.jain97@example.com,resolved,technical,high,Tech Support,Ananya Das,4,3,0,2026-10-03T13:57:00.618125+00:00,2026-10-03T15:56:21.085139+00:00,2026-10-03T18:36:17.434468+00:00
Events not reaching our server since update,Our integration depneds on webhooks and they return 502 errors since the latest update. Need this fixed today please.,priya.kumar938@example.com,closed,integrations,high,Integrations,Sana Khan,19,8,0,2026-10-03T14:18:35.499496+00:00,2026-10-03T17:52:38.038831+00:00,2026-10-03T21:32:09.555262+00:00
Charged twice for my subscription,I was charged $9 twice for my Team plan this month. Using version 4.5.0 on Ubuntu. No rush at all. Thanks in advance.,pooja.singh47@example.com,closed,billing,low,Billing Support,Aarav Sharma,11,1,0,2026-10-03T14:29:51.605026+00:00,2026-10-04T04:55:52.260078+00:00,2026-10-04T13:05:14.271682+00:00
Damaged product on arrival,"Good morning, The product from order #833851 arrived with a broken screen. I already tried restarting everything. Would appreciate help this week. Thanks in advance.",neha.shah31@example.com,closed,shipping,medium,Logistics,Arjun Mehta,7,6,0,2026-10-03T14:45:47.945736+00:00,2026-10-03T19:06:52.830390+00:00,2026-10-03T21:26:40.836723+00:00
Slow performance since last update,it is not working please check,rahul.mishra61@example.com,closed,technical,high,Tech Support,Kabir Singh,6,4,1,2026-10-03T14:49:24.487767+00:00,2026-10-03T17:15:11.544144+00:00,2026-10-03T19:29:09.114384+00:00
Damaged product on arrival,"Hi team, The product from order #125118 arrived with a broken screen. Using version 3.7.2 on iPhone. I already tried restarting everything. Need this fixed today please.",riya.reddy80@example.com,closed,shipping,high,Logistics,Arjun Mehta,10,4,0,2026-10-03T15:24:58.627626+00:00,2026-10-04T01:33:23.384227+00:00,2026-10-04T12:17:20.008890+00:00
Two-factor codes not working,"Hello, My authenticator codes are rejected every time I try to sign in. Happy to share screenshots if needed. Would appreciate help this week. Thanks, Aditya",aditya.singh47@example.com,resolved,account,medium,Account Security,Ishita Rao,7,5,0,2026-10-03T15:27:39.010913+00:00,2026-10-03T17:07:47.422197+00:00,2026-10-04T07:54:53.936012+00:00
Invoice shows wrong amount,"Hello, The invoice for Business shows $199 but I expected a lower amount. This staretd yesterday. Not urgent, low priority for me. Thanks in advance.",rahul.reddy64@example.com,resolved,billing,low,Billing Support,Aarav Sharma,4,3,0,2026-10-03T16:12:04.681771+00:00,2026-10-03T22:29:49.821735+00:00,2026-10-04T12:32:26.191483+00:00
Refund for cancelled plan,"I cancelled my Pro subscription last week and have not received the refund. Critical: our live system is affected. Regards, Karan",karan.kapoor41@example.com,closed,billing,urgent,Billing Support,Aarav Sharma,12,4,0,2026-10-03T16:16:47.141542+00:00,2026-10-03T18:37:05.763873+00:00,2026-10-03T20:34:31.407571+00:00
Unknown login from another country,"Hi, I got an alert about a login from a country I have never visited. I already tried restarting everything. It is annoying but we can work around it. Thanks, Rahul",rahul.yadav34@example.com,resolved,account,medium,Account Security,Ishita Rao,9,3,0,2026-10-03T16:34:43.235094+00:00,2026-10-03T19:49:52.531437+00:00,2026-10-04T01:14:07.053766+00:00
Getting error 500 on upload,"Good morning, Uploading any file fails with an error 500 message. I already tried restarting everything. Would appreciate help this week.",rahul.jain4@example.com,resolved,technical,medium,Tech Support,Vihaan Gupta,15,4,0,2026-10-03T16:39:16.034538+00:00,2026-10-03T21:15:23.393539+00:00,2026-10-03T23:10:30.811947+00:00
Salesforce sync duplicates contacts,"Hi, The Salesforce sync keeps creating duplicate contacts in our CRM. This started yesterday. Would appreciate help this week. Regards, Rahul",rahul.bose50@example.com,closed,integrations,medium,Integrations,Sana Khan,6,4,0,2026-10-03T17:34:45.390634+00:00,2026-10-04T01:14:03.438771+00:00,2026-10-04T03:04:31.811250+00:00
502 Bad Gateway on webhook endpoint,"Since the v4.2.0 update our webhook endpoint receives 502 Bad Gateway and no events arrive. Quite urgent for us, deadline is tomorrow.",amit.shah730@example.com,closed,integrations,high,Integrations,Sana Khan,14,4,0,2026-10-03T18:21:42.956845+00:00,2026-10-04T00:28:09.152812+00:00,2026-10-04T06:42:40.900575+00:00
502 Bad Gateway on webhook endpoint,"We upgraded to v4.2.0 and all webhook deliveries now fail with 502. Rteries are exhausted. We are losing customers every minute, need help ASAP!",karan.yadav811@example.com,closed,integrations,urgent,Integrations,Sana Khan,16,5,0,2026-10-03T20:58:07.525639+00:00,2026-10-03T23:56:31.115075+00:00,2026-10-04T01:27:59.397211+00:00
Events not reaching our server since update,None of our webhooks have fired since yesterday's release. The delivery log shows 502. Need this fixed today please.,pooja.reddy967@example.com,closed,integrations,high,Integrations,Neil Fernandes,19,8,0,2026-10-03T22:28:36.206865+00:00,2026-10-04T00:30:39.418878+00:00,2026-10-04T03:22:03.062430+00:00
Events not reaching our server since update,Our integration depends on webhooks and they return 502 errors since the latest update. It is annoying but we can work around it.,sneha.kapoor44@example.com,closed,integrations,medium,Integrations,Sana Khan,16,7,0,2026-10-03T22:29:42.872851+00:00,2026-10-04T04:54:12.248859+00:00,2026-10-05T00:01:25.412411+00:00
Webhooks stopped firing after v4.2 update,"Since the v4.2.0 update our webohok endpoint receives 502 Bad Gateway and no events arrive. We are losing customers every minute, need help ASAP!",karan.jain407@example.com,closed,integrations,urgent,Integrations,Neil Fernandes,16,6,0,2026-10-03T22:36:43.194446+00:00,2026-10-04T02:07:24.381124+00:00,2026-10-04T07:10:54.201872+00:00
Events not reaching our server since update,"Our integration depedns on webhooks and they return 502 errors sicne the latest update. Quite urgent for us, deadline is tomorrow.",aditya.kapoor214@example.com,closed,integrations,high,Integrations,Neil Fernandes,14,5,0,2026-10-03T22:51:50.021503+00:00,2026-10-04T02:27:43.955143+00:00,2026-10-04T04:57:57.944327+00:00
Webhook deliveries failing with 502,None of our webhooks have fired since yesterday's release. The delivery log shows 502. Would appreciate help this week.,karan.singh765@example.com,resolved,integrations,medium,Integrations,Neil Fernandes,14,3,1,2026-10-03T23:37:59.958153+00:00,2026-10-04T10:35:29.243692+00:00,2026-10-04T14:34:15.168787+00:00
Salesforce sync duplicates contacts,"Hi, The Salesforce sync keeps creating duplicate contacts in our CRM. Quite urgent for us, deadline is tomorrow.",rahul.reddy12@example.com,closed,integrations,high,Integrations,Neil Fernandes,3,2,0,2026-10-03T23:53:30.326154+00:00,2026-10-04T01:47:57.992447+00:00,2026-10-04T06:46:49.355426+00:00
Webhook deliveries failing with 502,None of our webhooks have fired since yesterday's release. The delivery log shows 502. Need this fixed today please.,pooja.bose223@example.com,closed,integrations,high,Integrations,Neil Fernandes,18,4,0,2026-10-04T01:20:43.300123+00:00,2026-10-04T05:32:01.061225+00:00,2026-10-04T16:49:42.355759+00:00
Webhooks stopped firing after v4.2 update,"We upgraded to v4.2.0 and all webhook deliveries now fail with 502. Retries are exhausted. Quite urgent for us, deadline is tomorrow.",sneha.jain27@example.com,resolved,integrations,high,Integrations,Neil Fernandes,16,6,0,2026-10-04T03:20:25.483719+00:00,2026-10-04T13:46:06.249893+00:00,2026-10-04T16:29:42.483124+00:00
Webhook deliveries failing with 502,Since the v4.2.0 update our webhook endpoint receives 502 Bad Gateway and no events arrive. Need this fixed tdoay please.,riya.singh217@example.com,resolved,integrations,high,Integrations,Sana Khan,13,7,0,2026-10-04T03:32:42.673490+00:00,2026-10-04T08:09:47.844663+00:00,2026-10-04T16:58:07.628777+00:00
502 Bad Gateway on webhook endpoint,None of our webhooks have fired since yesterday's release. The delivery log shows 502. Need this fixed today please.,sneha.bose893@example.com,closed,integrations,high,Integrations,Neil Fernandes,10,6,0,2026-10-04T04:21:21.873602+00:00,2026-10-04T20:43:51.348567+00:00,2026-10-05T02:12:19.139555+00:00
Order still not delivered,"Hi, My order #656031 was supposed to arrive last week and still has not been delivered. Using version 3.9.2 on iPhone. Happy to share screenshots if needed. This is blocking our entire team in production.",karan.mishra20@example.com,closed,shipping,urgent,Logistics,Arjun Mehta,5,1,0,2026-10-04T05:56:02.094560+00:00,2026-10-04T07:43:37.388813+00:00,2026-10-04T11:04:36.418970+00:00
"Webhook retries exhausted, 502 errors","Our integration depends on webhooks and they return 502 errors since the latest update. We are losing customers every minute, need help ASAP!",neha.kumar108@example.com,resolved,integrations,urgent,Integrations,Sana Khan,10,5,0,2026-10-04T06:22:57.023115+00:00,2026-10-04T07:40:14.864123+00:00,2026-10-04T16:10:15.740093+00:00
Events not reaching our server since update,"None of our webhooks have fired since yesterday's release. The delivery log shows 502. Quite urgent for us, deadline is tomorrow.",riya.singh262@example.com,closed,integrations,high,Integrations,Neil Fernandes,19,7,0,2026-10-04T06:40:24.409348+00:00,2026-10-04T12:48:09.284802+00:00,2026-10-04T20:05:50.569826+00:00
502 Bad Gateway on webhook endpoint,None of our webhooks have fired since yesterday's release. The delivery log shows 502. Need this fixed today please.,rahul.kapoor506@example.com,in_progress,integrations,high,Integrations,Neil Fernandes,19,7,0,2026-10-04T06:51:48.702618+00:00,2026-10-04T09:46:57.612954+00:00,
Events not reaching our server since update,"Since the v4.2.0 update our webhook endpoint receives 502 Bad Gateway and no events arrive. Quite urgent for us, deadline is tomorrow.",amit.kumar100@example.com,resolved,integrations,high,Integrations,Neil Fernandes,13,5,0,2026-10-04T07:01:57.077896+00:00,2026-10-04T08:42:02.224216+00:00,2026-10-04T12:28:01.686093+00:00
Webhook deliveries failing with 502,None of our wbehooks have fired since yesterday's release. The delivery log shows 502. It is annoying but we can work around it.,rahul.yadav781@example.com,closed,integrations,medium,Integrations,Sana Khan,21,8,1,2026-10-04T09:28:18.854002+00:00,2026-10-04T21:50:46.694934+00:00,2026-10-05T00:12:13.292655+00:00
refund for cancelled plan,"hello, i cancelled my team subscription last week and have not received the refund. it is annoying but we can work around it. thanks in advance.",neha.yadav29@example.com,resolved,billing,medium,Billing Support,Aarav Sharma,11,6,0,2026-10-04T09:48:35.393845+00:00,2026-10-04T10:57:10.626384+00:00,2026-10-04T12:08:00.285783+00:00
Need to change delivery address,"Hi, I entered the wrong address for order #410460 and need to change it. Using version 4.7.0 on Android. Would appreciate help this week. Regards, Karan",karan.shah31@example.com,closed,integrations,medium,Integrations,Sana Khan,9,2,0,2026-10-04T11:15:46.365799+00:00,2026-10-04T17:59:24.991900+00:00,2026-10-04T21:49:23.205479+00:00
Files not syncing across devices,"Good morning, My files are not syncing between my laptop and my phone anymore. This has happened more than once now. Using version 3.9.3 on Ubuntu. We are losing customers every minute, need help ASAP! Thanks, Karan",karan.yadav70@example.com,closed,technical,urgent,Tech Support,Ananya Das,9,6,0,2026-10-04T11:22:46.635975+00:00,2026-10-04T12:57:19.591716+00:00,2026-10-04T19:58:49.501981+00:00
Webhook deliveries failing,"Webhook deliveries to our endpoint keep failing and events are missing. It is annoying but we can work around it. Regards, Priya",priya.bose96@example.com,in_progress,integrations,medium,Integrations,Neil Fernandes,9,3,0,2026-10-04T11:39:52.259163+00:00,2026-10-04T13:49:17.932960+00:00,
issue,I wanted to share some feedback about the new interface layout. Would appreciate help this week.,priya.kumar90@example.com,resolved,general,medium,General Support,Tara Joshi,10,4,0,2026-10-04T11:45:51.782912+00:00,2026-10-04T17:43:19.889720+00:00,2026-10-04T18:51:09.503383+00:00
Mobile app freezes on startup,The mobile app freezes on the splash screen right after launch. Just whenever you get time.,riya.kumar35@example.com,classified,technical,low,Tech Support,,14,,0,2026-10-04T11:51:44.548906+00:00,,
Wrong item received,"Good morning, I received the wrong item in order #892771, this is not what I ordered. Using version 3.9.0 on Android. Not urgent, low priority for me. Please hepl.",sneha.kapoor34@example.com,resolved,shipping,low,Logistics,Diya Nair,10,7,0,2026-10-04T11:55:30.971701+00:00,2026-10-04T22:54:12.979950+00:00,2026-10-05T01:07:45.796144+00:00
Unexpected charge on my account,"Hi taem, There is a charge of $9 on my statement that I do not recognise. This has hapepned more than once now. I already tried restarting everything. It is annoying but we can work around it. Thanks in advance.",sneha.singh73@example.com,in_progress,billing,medium,Billing Support,Meera Iyer,5,3,0,2026-10-04T12:05:20.018504+00:00,2026-10-04T17:23:03.412599+00:00,
Package marked delivered but missing,"Good morning, Tracking says order #595631 was delivered but nothing is at my door. Happy to share screenshots if needed. Just whenever you get time. Thanks, Riya",riya.shah94@example.com,closed,shipping,low,Logistics,Arjun Mehta,7,5,0,2026-10-04T12:10:43.271927+00:00,2026-10-04T14:14:29.503077+00:00,2026-10-04T21:38:49.196789+00:00
Slow performance since last update,"Hello, Everything has become very slow since the last update, pages take ages to open. Using version 4.5.1 on iPhone. This has happened more than once now. Would appreciate help this week. Regards, Rahul",rahul.reddy17@example.com,resolved,technical,medium,Tech Support,Kabir Singh,8,6,1,2026-10-04T12:15:40.005457+00:00,2026-10-05T05:56:15.336190+00:00,2026-10-05T07:03:33.794330+00:00
Webhooks stopped firing after v4.2 update,None of our webhooks have fired since yesterday's release. The delivery log shows 502. Would appreciate help this week.,aditya.singh913@example.com,closed,integrations,medium,Integrations,Sana Khan,23,7,0,2026-10-04T12:40:40.708164+00:00,2026-10-04T18:39:23.458017+00:00,2026-10-04T20:48:18.536143+00:00
Slow performance since last update,it is not working please check,vikram.bose29@example.com,resolved,technical,medium,Tech Support,Vihaan Gupta,7,7,0,2026-10-04T12:46:30.896461+00:00,2026-10-04T16:20:07.121116+00:00,2026-10-04T18:12:05.691563+00:00
"Webhook retries exhausted, 502 errors",We uprgaded to v4.2.0 and all webhook deliveries now fail with 502. Retries are exhausted. It is annoying but we can work around it.,aditya.shah391@example.com,resolved,integrations,medium,Integrations,Neil Fernandes,20,10,0,2026-10-04T12:51:09.584358+00:00,2026-10-04T21:52:08.586670+00:00,2026-10-05T03:47:04.506502+00:00
"Webhook retries exhausted, 502 errors",None of our webhooks have fired since yesterday's release. The delivery log shows 502. Would appreciate help this week.,neha.singh869@example.com,assigned,integrations,medium,Integrations,Sana Khan,21,7,0,2026-10-04T13:24:49.125136+00:00,,
Slow performance since last update,"Everything has become very slow since the last update, pages take ages to open. It is annoying but we can work around it. Thanks in advance.",riya.reddy3@example.com,closed,technical,medium,Tech Support,Ananya Das,10,3,0,2026-10-04T13:28:30.938911+00:00,2026-10-04T22:25:24.404008+00:00,2026-10-04T23:10:09.929015+00:00
Wrong item received,"Hello, I received the wrong item in order #106154, this is not what I ordered. Using version 3.4.1 on Android. I already tried restarting everything. It is annoying but we can work around it.",amit.kapoor3@example.com,closed,shipping,medium,Logistics,Diya Nair,4,5,0,2026-10-04T13:36:05.611068+00:00,2026-10-04T20:34:06.763920+00:00,2026-10-05T00:13:14.837949+00:00
Unexpected charge on my account,"There is a charge of $99 on my statement that I do not recognise. I already tried restarting everything. Quite urgent for us, deadline is tomorrow. Regards, Riya",riya.shah75@example.com,closed,billing,high,Billing Support,Aarav Sharma,4,0,0,2026-10-04T13:36:46.873712+00:00,2026-10-04T15:11:42.581172+00:00,2026-10-04T17:25:12.605940+00:00
Password reset email never arrives,"Hello, I requested a password reset three times but no email has arrived. Just whenever you get time. Thanks, Karan",karan.patel33@example.com,new,account,low,Account Security,,8,,0,2026-10-04T13:51:25.143592+00:00,,
Invoice shows wrong amount,"Hello, The invoice for Team shows $29 but I expected a lower amount. It is annoying but we can work around it. Thanks, Vikram",vikram.mishra10@example.com,closed,billing,medium,Billing Support,Meera Iyer,9,2,0,2026-10-04T14:05:49.310788+00:00,2026-10-04T21:09:17.331735+00:00,2026-10-05T02:41:03.652461+00:00
Card declined but money deducted,"Good morning, My card was declined at checkout but $49 still left my bank account. This started yesterday. It is annoying but we can work around it. Thanks, Priya",priya.jain36@example.com,closed,billing,medium,Billing Support,Aarav Sharma,8,4,0,2026-10-04T14:35:46.963243+00:00,2026-10-05T00:37:13.840919+00:00,2026-10-05T01:42:57.719353+00:00
Damaged product on arrival,"Hi, The product from order #614651 arrived with a broken screen. Using version 3.6.1 on iPhone. This has happened more than once now. Would appreciate help this week.",aditya.shah66@example.com,in_progress,shipping,medium,Logistics,Diya Nair,16,7,0,2026-10-04T14:37:24.628570+00:00,2026-10-05T00:08:07.606428+00:00,
need assistance,"Hi team, Could you share pricing details for the enterprise plan for about 200 seats? This is affecting several of our users. Thanks in advance.",karan.singh95@example.com,resolved,general,high,General Support,Tara Joshi,6,3,0,2026-10-04T14:40:21.054647+00:00,2026-10-04T15:44:14.249872+00:00,2026-10-04T21:19:31.243480+00:00
Account locked after failed attempts,"Hello, My account got locked after a few failed logins and I cannot get back in. No rush at all. Please help.",sneha.mishra47@example.com,assigned,account,low,Account Security,Rohan Verma,17,3,0,2026-10-04T14:50:28.374367+00:00,,
need assistance,"Good morning, I need a GST invoice for my Team subscription for our accounting. Using version 3.0.1 on macOS. This has happened more than once now. We are losing customers every minute, need help ASAP! Thanks, Neha",neha.mishra81@example.com,closed,billing,urgent,Billing Support,Meera Iyer,12,0,0,2026-10-04T14:53:00.143571+00:00,2026-10-04T16:00:00.813970+00:00,2026-10-04T17:03:11.949107+00:00
Question about enterprise pricing,"Hi, Could you share pricing details for the enterprise plan for about 200 seats? Quite urgent for us, deadline is tomorrow. Thanks in advance.",karan.mishra35@example.com,closed,shipping,high,Logistics,Diya Nair,12,2,0,2026-10-04T14:53:27.546509+00:00,2026-10-04T17:51:17.671007+00:00,2026-10-05T03:59:57.731717+00:00
Unexpected charge on my account,I need help with this as soon as possible,neha.kapoor2@example.com,in_progress,billing,high,Billing Support,Meera Iyer,10,1,0,2026-10-04T15:22:55.711380+00:00,2026-10-04T22:42:27.961441+00:00,
Webhook deliveries failing with 502,None of our webhooks have fired since yesterday's release. The delivery log shows 502. Would appreciate help this week.,priya.patel24@example.com,classified,integrations,medium,Integrations,,15,,0,2026-10-04T15:36:24.635534+00:00,,
Webhook deliveries failing with 502,Since the v4.2.0 upadte our webhook endpoint receives 502 Bad Gateway and no events arrive. Critical: our live system is afefcted.,neha.mishra687@example.com,closed,integrations,urgent,Integrations,Neil Fernandes,21,5,0,2026-10-04T15:37:13.033537+00:00,2026-10-04T16:01:00.251520+00:00,2026-10-04T20:57:38.165754+00:00
Dashboard stuck on loading spinner,"Hi, The dashboard never finishes loading, it just shows the spinner forever. This has happened more than once now. Need this fixed today please.",sneha.patel87@example.com,closed,technical,high,Tech Support,Vihaan Gupta,10,3,0,2026-10-04T15:41:56.345763+00:00,2026-10-04T22:35:54.803768+00:00,2026-10-04T23:05:07.781895+00:00
Tracking link shows no updates,"Hi, The tracking link for order #172873 has not shown any update for days. It is annoying but we can work around it. Thanks, Pooja",pooja.yadav35@example.com,in_progress,shipping,medium,Logistics,Diya Nair,10,2,0,2026-10-04T15:48:45.679470+00:00,2026-10-04T21:55:08.816618+00:00,
Rate limit errors on API,I need help with this as soon as possible,vikram.reddy67@example.com,closed,account,high,Account Security,Rohan Verma,7,3,0,2026-10-04T15:49:46.335536+00:00,2026-10-05T00:32:25.231583+00:00,2026-10-05T01:25:35.536161+00:00
Events not reaching our server since update,Since the v4.2.0 update our webhook endpoint receives 502 Bad Gateway and no events arrive. This is affecting several of our users.,riya.mishra728@example.com,resolved,integrations,high,Integrations,Neil Fernandes,24,8,0,2026-10-04T16:16:49.779702+00:00,2026-10-05T02:36:51.380404+00:00,2026-10-05T03:19:54.352779+00:00
question,"Hi team, I cancelled my Team subscription last week and have not received the refund. It is annoying but we can work around it. Thanks, Neha",neha.patel52@example.com,in_progress,billing,medium,Billing Support,Aarav Sharma,10,4,0,2026-10-04T17:12:32.216532+00:00,2026-10-05T01:17:04.251198+00:00,
Mobile app freezes on startup,"Hi team, The mobile app freezes on the splash screen right after launch. This has happened more than once now. Using version 4.0.1 on macOS. Critical: our live system is affected. Thanks, Amit",amit.reddy45@example.com,closed,technical,urgent,Tech Support,Vihaan Gupta,6,1,0,2026-10-04T17:25:21.602292+00:00,2026-10-04T18:04:19.747859+00:00,2026-10-04T20:54:05.161401+00:00
"Webhook retries exhausted, 502 errors","None of our webhooks have fired since yesterday's release. The delivery log shows 502. Quite urgent for us, deadline is tomorrow.",pooja.shah927@example.com,new,integrations,high,Integrations,,22,,0,2026-10-04T17:37:10.050821+00:00,,
App crashes when exporting report,"Hi team, The app crashes every time I try to export a report to CSV. I already tried restarting everything. This has happened more than once now. Would appreciate help this week. Thanks, Vikram",vikram.kapoor53@example.com,in_progress,technical,medium,Tech Support,Ananya Das,7,3,0,2026-10-04T17:41:53.920859+00:00,2026-10-04T22:43:12.288829+00:00,
Need to change delivery address,"I entered the wrong address for order #901217 and need to change it. No rush at all. Thanks, Pooja",pooja.reddy18@example.com,resolved,technical,low,Tech Support,Vihaan Gupta,9,2,0,2026-10-04T17:50:08.886629+00:00,2026-10-05T01:39:32.280634+00:00,2026-10-05T07:57:10.253919+00:00
Webhook deliveries failing with 502,"Since the v4.2.0 update our webhook endpoint receives 502 Bad Gateway and no events arrive. We are losing customers evrey minute, need help ASAP!",rahul.shah468@example.com,closed,integrations,urgent,Integrations,Neil Fernandes,17,4,0,2026-10-04T18:39:09.777463+00:00,2026-10-04T22:24:43.583842+00:00,2026-10-05T04:01:52.315560+00:00
Webhooks stopped firing after v4.2 update,"None of our webhooks have fired since yesterday's release. The delivery log shows 502. Quite urgent for us, dealdine is tomorrow.",aditya.kapoor401@example.com,closed,integrations,high,Integrations,Sana Khan,12,7,0,2026-10-04T19:47:01.802517+00:00,2026-10-04T22:23:26.285435+00:00,2026-10-05T02:57:18.335973+00:00
Webhook deliveries failing with 502,Our integration depends on webhooks and they return 502 errors since the latest update. This is affecting several of our users.,rahul.reddy882@example.com,in_progress,integrations,high,Integrations,Sana Khan,21,4,0,2026-10-04T20:14:55.727719+00:00,2026-10-05T01:31:35.121844+00:00,
Webhook deliveries failing with 502,None of our webhooks have fired since yesterday's release. The delivrey log shows 502. It is annoying but we can work around it.,rahul.reddy228@example.com,closed,integrations,medium,Integrations,Sana Khan,18,3,0,2026-10-04T21:17:40.328042+00:00,2026-10-05T00:59:53.074318+00:00,2026-10-05T04:14:11.660628+00:00
Webhook deliveries failing with 502,We upgraded to v4.2.0 and all webhook deliveries now fail with 502. Retries are exhausted. Critical: our live system is affected.,pooja.kumar612@example.com,closed,integrations,urgent,Integrations,Sana Khan,19,7,0,2026-10-04T21:46:10.751011+00:00,2026-10-05T00:34:52.168761+00:00,2026-10-05T08:07:49.428897+00:00
502 Bad Gateway on webhook endpoint,Our integration depends on webhooks and they return 502 errors since the latest update. It is annoying but we can work around it.,priya.mishra899@example.com,new,integrations,medium,Integrations,,20,,0,2026-10-04T22:57:42.572479+00:00,,
Webhooks stopped firing after v4.2 update,Since the v4.2.0 update our webhook endpoint receives 502 Bad Gaetway and no eevnts arrive. Critical: our live system is affected.,aditya.yadav263@example.com,in_progress,integrations,urgent,Integrations,Neil Fernandes,11,10,0,2026-10-04T23:20:56.089778+00:00,2026-10-05T00:15:06.695199+00:00,
"Webhook retries exhausted, 502 errors",None of our webhooks have fired since yesterday's release. The delivery log shows 502. Critical: our live system is affected.,karan.kumar7@example.com,resolved,integrations,urgent,Integrations,Neil Fernandes,16,6,0,2026-10-05T01:25:20.897603+00:00,2026-10-05T03:05:45.566842+00:00,2026-10-05T05:03:04.775104+00:00
Webhook deliveries failing with 502,We upgraded to v4.2.0 and all webhook deliveries now fail with 502. Retries are exhausted. It is annoying but we can work around it.,karan.shah654@example.com,in_progress,integrations,medium,Integrations,Neil Fernandes,16,6,0,2026-10-05T02:22:29.759026+00:00,2026-10-05T06:34:06.790607+00:00,
502 Bad Gateway on webhook endpoint,"Since the v4.2.0 update our webhook endpoint receives 502 Bad Gateway and no events arrive. Quite urgent for us, deadline is tomorrow.",karan.jain272@example.com,closed,integrations,high,Integrations,Sana Khan,14,5,0,2026-10-05T02:37:57.619785+00:00,2026-10-05T04:41:39.402273+00:00,2026-10-05T06:02:22.333315+00:00
Two-factor codes not working,"Good morning, My authenticator codes are rejected every time I try to sign in. Using version 4.7.2 on Windows 11. This started yesterday. This is affecting several of our users. Thanks in advance.",neha.kapoor58@example.com,closed,account,high,Account Security,Rohan Verma,5,4,1,2026-10-05T02:55:15.559554+00:00,2026-10-05T03:37:22.314836+00:00,2026-10-05T04:42:02.694113+00:00
502 Bad Gateway on webhook endpoint,None of our webhooks have fired since yesterday's release. The delivery log shows 502. This is blocking our entire team in production.,vikram.singh175@example.com,closed,integrations,urgent,Integrations,Neil Fernandes,15,3,0,2026-10-05T03:45:46.404896+00:00,2026-10-05T04:54:51.882521+00:00,2026-10-05T07:04:46.298486+00:00
Webhook deliveries failing with 502,Since the v4.2.0 update our webhook endpoint receives 502 Bad Gateway and no events arrive. Would appreciate help this week.,vikram.bose930@example.com,classified,integrations,medium,Integrations,,13,,0,2026-10-05T04:21:26.646803+00:00,,
Events not reaching our server since update,None of our webhooks have fired since yesterday's release. The delivery log shows 502. This is blocking our entire team in production.,aditya.kumar267@example.com,in_progress,integrations,urgent,Integrations,Neil Fernandes,14,9,0,2026-10-05T04:34:47.098186+00:00,2026-10-05T05:23:22.079568+00:00,
502 Bad Gateway on webhook endpoint,We upgraded to v4.2.0 and all webhook deliveries now fail with 502. Retries are exhausted. Critical: our live system is affected.,aditya.jain420@example.com,in_progress,integrations,urgent,Integrations,Neil Fernandes,16,6,0,2026-10-05T05:38:43.339924+00:00,2026-10-05T08:04:44.090566+00:00,
Order still not delivered,My order #635332 was supposed to arrive last week and still has not been delivered. It is annoying but we can work around it.,amit.mishra85@example.com,classified,shipping,medium,Logistics,,3,,0,2026-10-05T05:56:39.627268+00:00,,
Webhook deliveries failing with 502,We upgraded to v4.2.0 and all webhook deliveries now fail with 502. Retries are exhausted. Need this fixed today please.,rahul.yadav215@example.com,new,integrations,high,Integrations,,11,,0,2026-10-05T06:01:34.602121+00:00,,
502 Bad Gateway on webhook endpoint,"Since the v4.2.0 update our webhook endpoint receives 502 Bad Gateway and no events arrive. We are losing customers every minute, need help ASAP!",rahul.reddy678@example.com,in_progress,integrations,urgent,Integrations,Sana Khan,19,10,0,2026-10-05T06:08:09.075057+00:00,2026-10-05T06:46:23.983609+00:00,
"Webhook retries exhausted, 502 errors","Our integration depends on webhooks and they return 502 errors since the latest update. We are losing customers every minute, need help ASAP!",rahul.kapoor828@example.com,in_progress,integrations,urgent,Integrations,Neil Fernandes,15,7,0,2026-10-05T07:13:09.851804+00:00,2026-10-05T07:59:18.999480+00:00,
question,my card was declined at checkout but $99 still left my bank account. i already tried restarting everything. this has happened more than once now. need this fixed today please.,neha.singh40@example.com,assigned,billing,high,Billing Support,Meera Iyer,5,5,0,2026-10-05T07:16:44.754746+00:00,,
Webhooks stopped firing after v4.2 update,None of our webhooks have fired since yesterday's release. The delivery log shows 502. This is affecting several of our users.,priya.yadav587@example.com,classified,integrations,high,Integrations,,18,,0,2026-10-05T07:36:09.356436+00:00,,
Events not reaching our server since update,"Our integration depends on webhooks and they return 502 errors since the latest update. Quite urgent for us, deadline is tomorrow.",aditya.reddy657@example.com,assigned,integrations,high,Integrations,Neil Fernandes,20,5,0,2026-10-05T07:46:28.373428+00:00,,
Webhooks stopped firing after v4.2 update,Since the v4.2.0 update our webhook endpoint receives 502 Bad Gateway and no events arrive. Critical: our live system is affected.,vikram.patel727@example.com,classified,integrations,urgent,Integrations,,17,,0,2026-10-05T08:03:42.253045+00:00,,
Feature request: dark mode,"Hi team, It would be great to have a dark mode option in the app. It is annoying but we can work around it. Thanks in advance.",amit.bose49@example.com,new,general,medium,General Support,,4,,0,2026-10-05T08:14:48+00:00,,
Getting error 500 on upload,"Good morning, Uploading any file fails with an error 500 message. This has happened more than once now. Critical: our live system is affected. Regards, Rahul",rahul.reddy89@example.com,classified,technical,urgent,Tech Support,,4,,0,2026-10-05T08:14:48+00:00,,
Order still not delivered,My order #945435 was supposed to arrive last week and still has not been delivered. It is annoying but we can work around it. Thanks in advance.,neha.jain48@example.com,new,shipping,medium,Logistics,,0,,0,2026-10-05T08:14:48+00:00,,
App crashes when exporting report,"Hi, The app crashes every time I try to export a report to CSV. It is annoying but we can work around it. Thanks in advance.",neha.singh70@example.com,new,technical,medium,Tech Support,,11,,0,2026-10-05T08:14:48+00:00,,
Password reset email never arrives,"Good morning, I requested a password reset three times but no email has arrived. Quite urgent for us, deadline is tomorrow.",sneha.jain26@example.com,assigned,account,high,Account Security,Rohan Verma,0,5,0,2026-10-05T08:14:48+00:00,,
urgent!!,"Hi, The invoice for Team shows $49 but I expected a lower amount. This has happened more than once now. Happy to share screenshots if needed. No rush at all.",sneha.patel70@example.com,classified,billing,low,Billing Support,,4,,0,2026-10-05T08:14:48+00:00,,
unknown login from another country,"i got an alert about a login from a country i have never visited. it is annoying but we can work around it. thanks, aditya",aditya.jain23@example.com,classified,account,medium,Account Security,,1,,0,2026-10-05T08:14:48+00:00,,
Card declined but money deducted,"Good morning, My card was declined at checkout but $9 still left my bank account. Happy to share screenshots if needed. Just whenever you get time. Thanks in advance.",vikram.shah65@example.com,classified,billing,low,Billing Support,,5,,0,2026-10-05T08:14:48+00:00,,
Order still not delivered,"My order #333190 was supposed to arrive last week and still has not been delivered. Using version 3.9.1 on Android. Not urgent, low priority for me. Please help.",karan.kapoor87@example.com,assigned,general,low,General Support,Tara Joshi,4,2,0,2026-10-05T08:14:48+00:00,,
Invoice shows wrong amount,"Hello, The invoice for Starter shows $9 but I expected a lower amount. This started yesterday. This has happened more than once now. Need this fixed today please. Regards, Neha",neha.bose50@example.com,new,billing,high,Billing Support,,8,,0,2026-10-05T08:14:48+00:00,,
